Workbook
Name BT_I: BT!$A$4:$BK$13
Name CSE_I: CSE!$A$4:$BJ$15
Name GT_I: Geotechnology!$A$4:$BJ$12
Name PE_I: Production!$A$4:$BJ$12
Name PS_I: PowerSystems!$A$4:$BJ$12

Sheet CSE
A1: UTTARKHAND TECHNICAL UNIVERSITY, DEHRADUN
A2: G.B. PANT INSTITUTE OF ENGINEERING & TECHNOLOGY, PAURI GARHWAL
A3: TABULATION CHART FOR M.TECH. COMPUTER SCIENCE & ENGINEERING FIRST YEAR ( I SEMESTER) EXAMINATION DECEMBER 2025
B4: Roll No. | C4: Enrollment No. | D4: Institute ID | E4: Student Name | F4: Father Name | G4: Subject and Subject Code | AQ4: SGPA | AR4: CGPA | AS4: Credits Earned | AT4: Result | AU4: Remarks | AV4: Cumilative Earned Credits I
A5: SC | G5: AHT 301 | K5: CST 301 | O5: CST 302 | S5: CST 304 | W5: CST 307 | AA5: AHT 302 | AE5: AHT 303 | AH5: CSP 301 | AL5: CSP 302 | AP5: Grand Total
A6: SN | G6: Advanced Mathematics | K6: Open Source Software Technologies | O6: Advanced Data Structures and Algorithms | S6: Wireless Sensor Networks | W6: Data Science | AA6: Research Methodology and IPR | AE6: Technical Writing and Presentation Skill ($) | AH6: Open Source Software Technologies Lab | AL6: Advanced Data Structures and Algorithms Lab
G7: Credits
A8: C | G8: 4 | J8: Grade | K8: 4 | N8: Grade | O8: 4 | R8: Grade | S8: 3 | V8: Grade | W8: 3 | Z8: Grade | AA8: 2 | AD8: Grade | AE8: 0 | AG8: Grade | AH8: 1 | AK8: Grade | AL8: 1 | AO8: Grade | AP8: =SUM(AL8,AH8,AE8,AA8,W8,S8,O8,K8,G8) -> 22
G9: Th. Ex. | H9: Ses. | I9: Total | K9: Th. Ex. | L9: Ses. | M9: Total | O9: Th. Ex. | P9: Ses. | Q9: Total | S9: Th. Ex. | T9: Ses. | U9: Total | W9: Th. Ex. | X9: Ses. | Y9: Total | AA9: Th. Ex. | AB9: Ses. | AC9: Total | AE9: Ses. | AF9: Total | AH9: Pr. Exa. | AI9: Ses. | AJ9: Total | AL9: Pr. Exa. | AM9: Ses. | AN9: Total | AP9: =SUM(AN10,AJ10,AC10,Y10,U10,Q10,M10,I10) -> 950 | BA9: Grade Point Summary | BJ9: TGP I
A10: M.M. | G10: 100 | H10: 50 | I10: 150 | K10: 100 | L10: 50 | M10: 150 | O10: 100 | P10: 50 | Q10: 150 | S10: 100 | T10: 50 | U10: 150 | W10: 100 | X10: 50 | Y10: 150 | AA10: 50 | AB10: 50 | AC10: 100 | AE10: 50 | AF10: 50 | AH10: 25 | AI10: 25 | AJ10: 50 | AL10: 25 | AM10: 25 | AN10: 50 | BA10: =OFFSET($G$8,0,(COLUMN(G8)-7)*4) -> 4 | BB10: =OFFSET($G$8,0,(COLUMN(H8)-7)*4) -> 4 | BC10: =OFFSET($G$8,0,(COLUMN(I8)-7)*4) -> 4 | BD10: =OFFSET($G$8,0,(COLUMN(J8)-7)*4) -> 3 | BE10: =OFFSET($G$8,0,(COLUMN(K8)-7)*4) -> 3 | BF10: =OFFSET($G$8,0,(COLUMN(L8)-7)*4) -> 2 | BG10: =OFFSET($G$8,0,(COLUMN(M8)-7)*4) -> 0 | BH10: =OFFSET($G$8,0,(COLUMN(N8)-7)*4-1) -> 1 | BI10: =OFFSET($G$8,0,(COLUMN(O8)-7)*4-1) -> 1
A11: 1 | B11: 250090705001 | C11: UTU/2507100023 | D11: 255301 | E11: Anshika Paliwal | F11: Vishwanath Paliwal | G11: 71 | H11: 48 | I11: =SUM(G11:H11) -> 119 | J11: =IF(ISTEXT(G11),IF(G11="A","Ab",IF(G11="D","Dt",IF(G11="UFM","UFM",IF(G11="NA","")))),IF(AND(ISBLANK(G11),ISBLANK(I11)),"",IF(G11<0.4*G$10,"F",IF(ISBLANK(I11),"",IF(ISTEXT(I11),I11,IF(I11>=0.9*I$10,"O",IF(I11>=0.85*I$10,"A+",IF(I11>=0.8*I$10,"A",IF(I11>=0.7*I$10,"B",IF(I11>=0.6*I$10,"C",IF(I11>=0.5*I$10,"P",IF(I11<0.5*I$10,"F",I11)))))))))))) -> B | K11: 80 | L11: 24 | M11: =SUM(K11:L11) -> 104 | N11: =IF(ISTEXT(K11),IF(K11="A","Ab",IF(K11="D","Dt",IF(K11="UFM","UFM",IF(K11="NA","")))),IF(AND(ISBLANK(K11),ISBLANK(M11)),"",IF(K11<0.4*K$10,"F",IF(ISBLANK(M11),"",IF(ISTEXT(M11),M11,IF(M11>=0.9*M$10,"O",IF(M11>=0.85*M$10,"A+",IF(M11>=0.8*M$10,"A",IF(M11>=0.7*M$10,"B",IF(M11>=0.6*M$10,"C",IF(M11>=0.5*M$10,"P",IF(M11<0.5*M$10,"F",M11)))))))))))) -> C | O11: 91 | P11: 49 | Q11: =SUM(O11:P11) -> 140 | R11: =IF(ISTEXT(O11),IF(O11="A","Ab",IF(O11="D","Dt",IF(O11="UFM","UFM",IF(O11="NA","")))),IF(AND(ISBLANK(O11),ISBLANK(Q11)),"",IF(O11<0.4*O$10,"F",IF(ISBLANK(Q11),"",IF(ISTEXT(Q11),Q11,IF(Q11>=0.9*Q$10,"O",IF(Q11>=0.85*Q$10,"A+",IF(Q11>=0.8*Q$10,"A",IF(Q11>=0.7*Q$10,"B",IF(Q11>=0.6*Q$10,"C",IF(Q11>=0.5*Q$10,"P",IF(Q11<0.5*Q$10,"F",Q11)))))))))))) -> O | S11: 76 | T11: 49 | U11: =SUM(S11:T11) -> 125 | V11: =IF(ISTEXT(S11),IF(S11="A","Ab",IF(S11="D","Dt",IF(S11="UFM","UFM",IF(S11="NA","")))),IF(AND(ISBLANK(S11),ISBLANK(U11)),"",IF(S11<0.4*S$10,"F",IF(ISBLANK(U11),"",IF(ISTEXT(U11),U11,IF(U11>=0.9*U$10,"O",IF(U11>=0.85*U$10,"A+",IF(U11>=0.8*U$10,"A",IF(U11>=0.7*U$10,"B",IF(U11>=0.6*U$10,"C",IF(U11>=0.5*U$10,"P",IF(U11<0.5*U$10,"F",U11)))))))))))) -> A | W11: 88 | X11: 49 | Y11: =SUM(W11:X11) -> 137 | Z11: =IF(ISTEXT(W11),IF(W11="A","Ab",IF(W11="D","Dt",IF(W11="UFM","UFM",IF(W11="NA","")))),IF(AND(ISBLANK(W11),ISBLANK(Y11)),"",IF(W11<0.4*W$10,"F",IF(ISBLANK(Y11),"",IF(ISTEXT(Y11),Y11,IF(Y11>=0.9*Y$10,"O",IF(Y11>=0.85*Y$10,"A+",IF(Y11>=0.8*Y$10,"A",IF(Y11>=0.7*Y$10,"B",IF(Y11>=0.6*Y$10,"C",IF(Y11>=0.5*Y$10,"P",IF(Y11<0.5*Y$10,"F",Y11)))))))))))) -> O | AA11: 44 | AB11: 48 | AC11: =SUM(AA11:AB11) -> 92 | AD11: =IF(ISTEXT(AA11),IF(AA11="A","Ab",IF(AA11="D","Dt",IF(AA11="UFM","UFM",IF(AA11="NA","")))),IF(AND(ISBLANK(AA11),ISBLANK(AC11)),"",IF(AA11<0.4*AA$10,"F",IF(ISBLANK(AC11),"",IF(ISTEXT(AC11),AC11,IF(AC11>=0.9*AC$10,"O",IF(AC11>=0.85*AC$10,"A+",IF(AC11>=0.8*AC$10,"A",IF(AC11>=0.7*AC$10,"B",IF(AC11>=0.6*AC$10,"C",IF(AC11>=0.5*AC$10,"P",IF(AC11<0.5*AC$10,"F",AC11)))))))))))) -> O | AE11: 38 | AF11: =SUM(AE11) -> 38 | AG11: =IF(ISBLANK(AF11),"",IF(ISTEXT(AF11),AF11,IF(AF11>=0.9*AF$10,"O",IF(AF11>=0.85*AF$10,"A+",IF(AF11>=0.8*AF$10,"A",IF(AF11>=0.7*AF$10,"B",IF(AF11>=0.6*AF$10,"C",IF(AF11>=0.5*AF$10,"P",IF(AF11<0.5*AF$10,"F",AF11))))))))) -> B | AH11: 23 | AI11: 24 | AJ11: =SUM(AH11:AI11) -> 47 | AK11: =IF(ISTEXT(AH11),IF(AH11="A","Ab",IF(AH11="D","Dt",IF(AH11="UFM","UFM",IF(AH11="NA","")))),IF(AND(ISBLANK(AH11),ISBLANK(AJ11)),"",IF(AH11<0.4*AH$10,"F",IF(ISBLANK(AJ11),"",IF(ISTEXT(AJ11),AJ11,IF(AJ11>=0.9*AJ$10,"O",IF(AJ11>=0.85*AJ$10,"A+",IF(AJ11>=0.8*AJ$10,"A",IF(AJ11>=0.7*AJ$10,"B",IF(AJ11>=0.6*AJ$10,"C",IF(AJ11>=0.5*AJ$10,"P",IF(AJ11<0.5*AJ$10,"F",AJ11)))))))))))) -> O | AL11: 22 | AM11: 23 | AN11: =SUM(AL11:AM11) -> 45 | AO11: =IF(ISTEXT(AL11),IF(AL11="A","Ab",IF(AL11="D","Dt",IF(AL11="UFM","UFM",IF(AL11="NA","")))),IF(AND(ISBLANK(AL11),ISBLANK(AN11)),"",IF(AL11<0.4*AL$10,"F",IF(ISBLANK(AN11),"",IF(ISTEXT(AN11),AN11,IF(AN11>=0.9*AN$10,"O",IF(AN11>=0.85*AN$10,"A+",IF(AN11>=0.8*AN$10,"A",IF(AN11>=0.7*AN$10,"B",IF(AN11>=0.6*AN$10,"C",IF(AN11>=0.5*AN$10,"P",IF(AN11<0.5*AN$10,"F",AN11)))))))))))) -> O | AP11: =SUM(AN11,AJ11,AC11,Y11,U11,Q11,M11,I11) -> 809 | AQ11: =BJ11/$AP$8 -> 8.4545455 | AR11: =AQ11 -> 8.4545455 | AS11: =SUMIF(BA11:BI11,">0",$BA$10:$BI$10) -> 22 | AT11: =IF(OR(J11=$AX$19,N11=$AX$19,R11=$AX$19, V11=$AX$19, Z11=$AX$19, AD11=$AX$19, AG11=$AX$19, AK11=$AX$19, AO11=$AX$19), "CARRY OVER", "PASS") -> PASS | AU11: =IF(AT11="CARRY OVER",_xlfn.TEXTJOIN(" ", TRUE, "BACK IN:", IF(J11=$AX$19, $G$5, ""), IF(N11=$AX$19, $K$5, ""),IF(R11=$AX$19, $O$5, ""),IF(V11=$AX$19, $S$5, ""),IF(Z11=$AX$19, $W$5, ""), IF(AD11=$AX$19, $AA$5, ""),IF(AG11=$AX$19, $AE$5, ""),IF(AK11=$AX$19, $AH$5, ""),IF(AO11=$AX$19, $AL$5, "")), " ") | AV11: =AS11 -> 22 | BA11: =INDEX($AY$13:$AY$23,MATCH(INDIRECT(ADDRESS(ROW($J11),COLUMN($J11)+(COLUMN(J11)-10)*4,1)),$AX$13:$AX$23,0)) -> 7 | BB11: =INDEX($AY$13:$AY$23,MATCH(INDIRECT(ADDRESS(ROW($J11),COLUMN($J11)+(COLUMN(K11)-10)*4,1)),$AX$13:$AX$23,0)) -> 6 | BC11: =INDEX($AY$13:$AY$23,MATCH(INDIRECT(ADDRESS(ROW($J11),COLUMN($J11)+(COLUMN(L11)-10)*4,1)),$AX$13:$AX$23,0)) -> 10 | BD11: =INDEX($AY$13:$AY$23,MATCH(INDIRECT(ADDRESS(ROW($J11),COLUMN($J11)+(COLUMN(M11)-10)*4,1)),$AX$13:$AX$23,0)) -> 8 | BE11: =INDEX($AY$13:$AY$23,MATCH(INDIRECT(ADDRESS(ROW($J11),COLUMN($J11)+(COLUMN(N11)-10)*4,1)),$AX$13:$AX$23,0)) -> 10 | BF11: =INDEX($AY$13:$AY$23,MATCH(INDIRECT(ADDRESS(ROW($J11),COLUMN($J11)+(COLUMN(O11)-10)*4,1)),$AX$13:$AX$23,0)) -> 10 | BG11: =INDEX($AY$13:$AY$23,MATCH(INDIRECT(ADDRESS(ROW($J11),COLUMN($J11)+(COLUMN(P11)-10)*4-1,1)),$AX$13:$AX$23,0)) -> 7 | BH11: =INDEX($AY$13:$AY$23,MATCH(INDIRECT(ADDRESS(ROW($J11),COLUMN($J11)+(COLUMN(Q11)-10)*4-1,1)),$AX$13:$AX$23,0)) -> 10 | BI11: =INDEX($AY$13:$AY$23,MATCH(INDIRECT(ADDRESS(ROW($J11),COLUMN($J11)+(COLUMN(R11)-10)*4-1,1)),$AX$13:$AX$23,0)) -> 10 | BJ11: =SUMPRODUCT(BA11:BI11,$BA$10:$BI$10) -> 186
A12: 2 | B12: 250090705002 | C12: UTU/2507100031 | D12: 255302 | E12: Himanshu Mandrwal | F12: Sunil Kumar | G12: 46 | H12: 34 | I12: =SUM(G12:H12) -> 80 | J12: =IF(ISTEXT(G12),IF(G12="A","Ab",IF(G12="D","Dt",IF(G12="UFM","UFM",IF(G12="NA","")))),IF(AND(ISBLANK(G12),ISBLANK(I12)),"",IF(G12<0.4*G$10,"F",IF(ISBLANK(I12),"",IF(ISTEXT(I12),I12,IF(I12>=0.9*I$10,"O",IF(I12>=0.85*I$10,"A+",IF(I12>=0.8*I$10,"A",IF(I12>=0.7*I$10,"B",IF(I12>=0.6*I$10,"C",IF(I12>=0.5*I$10,"P",IF(I12<0.5*I$10,"F",I12)))))))))))) -> P | K12: 65 | L12: 23 | M12: =SUM(K12:L12) -> 88 | N12: =IF(ISTEXT(K12),IF(K12="A","Ab",IF(K12="D","Dt",IF(K12="UFM","UFM",IF(K12="NA","")))),IF(AND(ISBLANK(K12),ISBLANK(M12)),"",IF(K12<0.4*K$10,"F",IF(ISBLANK(M12),"",IF(ISTEXT(M12),M12,IF(M12>=0.9*M$10,"O",IF(M12>=0.85*M$10,"A+",IF(M12>=0.8*M$10,"A",IF(M12>=0.7*M$10,"B",IF(M12>=0.6*M$10,"C",IF(M12>=0.5*M$10,"P",IF(M12<0.5*M$10,"F",M12)))))))))))) -> P | O12: 58 | P12: 38 | Q12: =SUM(O12:P12) -> 96 | R12: =IF(ISTEXT(O12),IF(O12="A","Ab",IF(O12="D","Dt",IF(O12="UFM","UFM",IF(O12="NA","")))),IF(AND(ISBLANK(O12),ISBLANK(Q12)),"",IF(O12<0.4*O$10,"F",IF(ISBLANK(Q12),"",IF(ISTEXT(Q12),Q12,IF(Q12>=0.9*Q$10,"O",IF(Q12>=0.85*Q$10,"A+",IF(Q12>=0.8*Q$10,"A",IF(Q12>=0.7*Q$10,"B",IF(Q12>=0.6*Q$10,"C",IF(Q12>=0.5*Q$10,"P",IF(Q12<0.5*Q$10,"F",Q12)))))))))))) -> C | S12: 59 | T12: 43 | U12: =SUM(S12:T12) -> 102 | V12: =IF(ISTEXT(S12),IF(S12="A","Ab",IF(S12="D","Dt",IF(S12="UFM","UFM",IF(S12="NA","")))),IF(AND(ISBLANK(S12),ISBLANK(U12)),"",IF(S12<0.4*S$10,"F",IF(ISBLANK(U12),"",IF(ISTEXT(U12),U12,IF(U12>=0.9*U$10,"O",IF(U12>=0.85*U$10,"A+",IF(U12>=0.8*U$10,"A",IF(U12>=0.7*U$10,"B",IF(U12>=0.6*U$10,"C",IF(U12>=0.5*U$10,"P",IF(U12<0.5*U$10,"F",U12)))))))))))) -> C | W12: 76 | X12: 41 | Y12: =SUM(W12:X12) -> 117 | Z12: =IF(ISTEXT(W12),IF(W12="A","Ab",IF(W12="D","Dt",IF(W12="UFM","UFM",IF(W12="NA","")))),IF(AND(ISBLANK(W12),ISBLANK(Y12)),"",IF(W12<0.4*W$10,"F",IF(ISBLANK(Y12),"",IF(ISTEXT(Y12),Y12,IF(Y12>=0.9*Y$10,"O",IF(Y12>=0.85*Y$10,"A+",IF(Y12>=0.8*Y$10,"A",IF(Y12>=0.7*Y$10,"B",IF(Y12>=0.6*Y$10,"C",IF(Y12>=0.5*Y$10,"P",IF(Y12<0.5*Y$10,"F",Y12)))))))))))) -> B | AA12: 39 | AB12: 41 | AC12: =SUM(AA12:AB12) -> 80 | AD12: =IF(ISTEXT(AA12),IF(AA12="A","Ab",IF(AA12="D","Dt",IF(AA12="UFM","UFM",IF(AA12="NA","")))),IF(AND(ISBLANK(AA12),ISBLANK(AC12)),"",IF(AA12<0.4*AA$10,"F",IF(ISBLANK(AC12),"",IF(ISTEXT(AC12),AC12,IF(AC12>=0.9*AC$10,"O",IF(AC12>=0.85*AC$10,"A+",IF(AC12>=0.8*AC$10,"A",IF(AC12>=0.7*AC$10,"B",IF(AC12>=0.6*AC$10,"C",IF(AC12>=0.5*AC$10,"P",IF(AC12<0.5*AC$10,"F",AC12)))))))))))) -> A | AE12: 36 | AF12: =SUM(AE12) -> 36 | AG12: =IF(ISBLANK(AF12),"",IF(ISTEXT(AF12),AF12,IF(AF12>=0.9*AF$10,"O",IF(AF12>=0.85*AF$10,"A+",IF(AF12>=0.8*AF$10,"A",IF(AF12>=0.7*AF$10,"B",IF(AF12>=0.6*AF$10,"C",IF(AF12>=0.5*AF$10,"P",IF(AF12<0.5*AF$10,"F",AF12))))))))) -> B | AH12: 22 | AI12: 23 | AJ12: =SUM(AH12:AI12) -> 45 | AK12: =IF(ISTEXT(AH12),IF(AH12="A","Ab",IF(AH12="D","Dt",IF(AH12="UFM","UFM",IF(AH12="NA","")))),IF(AND(ISBLANK(AH12),ISBLANK(AJ12)),"",IF(AH12<0.4*AH$10,"F",IF(ISBLANK(AJ12),"",IF(ISTEXT(AJ12),AJ12,IF(AJ12>=0.9*AJ$10,"O",IF(AJ12>=0.85*AJ$10,"A+",IF(AJ12>=0.8*AJ$10,"A",IF(AJ12>=0.7*AJ$10,"B",IF(AJ12>=0.6*AJ$10,"C",IF(AJ12>=0.5*AJ$10,"P",IF(AJ12<0.5*AJ$10,"F",AJ12)))))))))))) -> O | AL12: 23 | AM12: 24 | AN12: =SUM(AL12:AM12) -> 47 | AO12: =IF(ISTEXT(AL12),IF(AL12="A","Ab",IF(AL12="D","Dt",IF(AL12="UFM","UFM",IF(AL12="NA","")))),IF(AND(ISBLANK(AL12),ISBLANK(AN12)),"",IF(AL12<0.4*AL$10,"F",IF(ISBLANK(AN12),"",IF(ISTEXT(AN12),AN12,IF(AN12>=0.9*AN$10,"O",IF(AN12>=0.85*AN$10,"A+",IF(AN12>=0.8*AN$10,"A",IF(AN12>=0.7*AN$10,"B",IF(AN12>=0.6*AN$10,"C",IF(AN12>=0.5*AN$10,"P",IF(AN12<0.5*AN$10,"F",AN12)))))))))))) -> O | AP12: =SUM(AN12,AJ12,AC12,Y12,U12,Q12,M12,I12) -> 655 | AQ12: =BJ12/$AP$8 -> 6.3181818 | AR12: =AQ12 -> 6.3181818 | AS12: =SUMIF(BA12:BI12,">0",$BA$10:$BI$10) -> 22 | AT12: =IF(OR(J12=$AX$19,N12=$AX$19,R12=$AX$19, V12=$AX$19, Z12=$AX$19, AD12=$AX$19, AG12=$AX$19, AK12=$AX$19, AO12=$AX$19), "CARRY OVER", "PASS") -> PASS | AU12: =IF(AT12="CARRY OVER",_xlfn.TEXTJOIN(" ", TRUE, "BACK IN:", IF(J12=$AX$19, $G$5, ""), IF(N12=$AX$19, $K$5, ""),IF(R12=$AX$19, $O$5, ""),IF(V12=$AX$19, $S$5, ""),IF(Z12=$AX$19, $W$5, ""), IF(AD12=$AX$19, $AA$5, ""),IF(AG12=$AX$19, $AE$5, ""),IF(AK12=$AX$19, $AH$5, ""),IF(AO12=$AX$19, $AL$5, "")), " ") | AV12: =AS12 -> 22 | AX12: Grade | AY12: Grade Point | BA12: =INDEX($AY$13:$AY$23,MATCH(INDIRECT(ADDRESS(ROW($J12),COLUMN($J12)+(COLUMN(J12)-10)*4,1)),$AX$13:$AX$23,0)) -> 5 | BB12: =INDEX($AY$13:$AY$23,MATCH(INDIRECT(ADDRESS(ROW($J12),COLUMN($J12)+(COLUMN(K12)-10)*4,1)),$AX$13:$AX$23,0)) -> 5 | BC12: =INDEX($AY$13:$AY$23,MATCH(INDIRECT(ADDRESS(ROW($J12),COLUMN($J12)+(COLUMN(L12)-10)*4,1)),$AX$13:$AX$23,0)) -> 6 | BD12: =INDEX($AY$13:$AY$23,MATCH(INDIRECT(ADDRESS(ROW($J12),COLUMN($J12)+(COLUMN(M12)-10)*4,1)),$AX$13:$AX$23,0)) -> 6 | BE12: =INDEX($AY$13:$AY$23,MATCH(INDIRECT(ADDRESS(ROW($J12),COLUMN($J12)+(COLUMN(N12)-10)*4,1)),$AX$13:$AX$23,0)) -> 7 | BF12: =INDEX($AY$13:$AY$23,MATCH(INDIRECT(ADDRESS(ROW($J12),COLUMN($J12)+(COLUMN(O12)-10)*4,1)),$AX$13:$AX$23,0)) -> 8 | BG12: =INDEX($AY$13:$AY$23,MATCH(INDIRECT(ADDRESS(ROW($J12),COLUMN($J12)+(COLUMN(P12)-10)*4-1,1)),$AX$13:$AX$23,0)) -> 7 | BH12: =INDEX($AY$13:$AY$23,MATCH(INDIRECT(ADDRESS(ROW($J12),COLUMN($J12)+(COLUMN(Q12)-10)*4-1,1)),$AX$13:$AX$23,0)) -> 10 | BI12: =INDEX($AY$13:$AY$23,MATCH(INDIRECT(ADDRESS(ROW($J12),COLUMN($J12)+(COLUMN(R12)-10)*4-1,1)),$AX$13:$AX$23,0)) -> 10 | BJ12: =SUMPRODUCT(BA12:BI12,$BA$10:$BI$10) -> 139
A13: 3 | B13: 250090705003 | C13: UTU/2507100022 | D13: 255303 | E13: Kalash Kundaliya | F13: Sanjay Prasad Kundaliya | G13: 65 | H13: 42 | I13: =SUM(G13:H13) -> 107 | J13: =IF(ISTEXT(G13),IF(G13="A","Ab",IF(G13="D","Dt",IF(G13="UFM","UFM",IF(G13="NA","")))),IF(AND(ISBLANK(G13),ISBLANK(I13)),"",IF(G13<0.4*G$10,"F",IF(ISBLANK(I13),"",IF(ISTEXT(I13),I13,IF(I13>=0.9*I$10,"O",IF(I13>=0.85*I$10,"A+",IF(I13>=0.8*I$10,"A",IF(I13>=0.7*I$10,"B",IF(I13>=0.6*I$10,"C",IF(I13>=0.5*I$10,"P",IF(I13<0.5*I$10,"F",I13)))))))))))) -> B | K13: 83 | L13: 24 | M13: =SUM(K13:L13) -> 107 | N13: =IF(ISTEXT(K13),IF(K13="A","Ab",IF(K13="D","Dt",IF(K13="UFM","UFM",IF(K13="NA","")))),IF(AND(ISBLANK(K13),ISBLANK(M13)),"",IF(K13<0.4*K$10,"F",IF(ISBLANK(M13),"",IF(ISTEXT(M13),M13,IF(M13>=0.9*M$10,"O",IF(M13>=0.85*M$10,"A+",IF(M13>=0.8*M$10,"A",IF(M13>=0.7*M$10,"B",IF(M13>=0.6*M$10,"C",IF(M13>=0.5*M$10,"P",IF(M13<0.5*M$10,"F",M13)))))))))))) -> B | O13: 81 | P13: 49 | Q13: =SUM(O13:P13) -> 130 | R13: =IF(ISTEXT(O13),IF(O13="A","Ab",IF(O13="D","Dt",IF(O13="UFM","UFM",IF(O13="NA","")))),IF(AND(ISBLANK(O13),ISBLANK(Q13)),"",IF(O13<0.4*O$10,"F",IF(ISBLANK(Q13),"",IF(ISTEXT(Q13),Q13,IF(Q13>=0.9*Q$10,"O",IF(Q13>=0.85*Q$10,"A+",IF(Q13>=0.8*Q$10,"A",IF(Q13>=0.7*Q$10,"B",IF(Q13>=0.6*Q$10,"C",IF(Q13>=0.5*Q$10,"P",IF(Q13<0.5*Q$10,"F",Q13)))))))))))) -> A+ | S13: 63 | T13: 41 | U13: =SUM(S13:T13) -> 104 | V13: =IF(ISTEXT(S13),IF(S13="A","Ab",IF(S13="D","Dt",IF(S13="UFM","UFM",IF(S13="NA","")))),IF(AND(ISBLANK(S13),ISBLANK(U13)),"",IF(S13<0.4*S$10,"F",IF(ISBLANK(U13),"",IF(ISTEXT(U13),U13,IF(U13>=0.9*U$10,"O",IF(U13>=0.85*U$10,"A+",IF(U13>=0.8*U$10,"A",IF(U13>=0.7*U$10,"B",IF(U13>=0.6*U$10,"C",IF(U13>=0.5*U$10,"P",IF(U13<0.5*U$10,"F",U13)))))))))))) -> C | W13: 69 | X13: 40 | Y13: =SUM(W13:X13) -> 109 | Z13: =IF(ISTEXT(W13),IF(W13="A","Ab",IF(W13="D","Dt",IF(W13="UFM","UFM",IF(W13="NA","")))),IF(AND(ISBLANK(W13),ISBLANK(Y13)),"",IF(W13<0.4*W$10,"F",IF(ISBLANK(Y13),"",IF(ISTEXT(Y13),Y13,IF(Y13>=0.9*Y$10,"O",IF(Y13>=0.85*Y$10,"A+",IF(Y13>=0.8*Y$10,"A",IF(Y13>=0.7*Y$10,"B",IF(Y13>=0.6*Y$10,"C",IF(Y13>=0.5*Y$10,"P",IF(Y13<0.5*Y$10,"F",Y13)))))))))))) -> B | AA13: 40 | AB13: 46 | AC13: =SUM(AA13:AB13) -> 86 | AD13: =IF(ISTEXT(AA13),IF(AA13="A","Ab",IF(AA13="D","Dt",IF(AA13="UFM","UFM",IF(AA13="NA","")))),IF(AND(ISBLANK(AA13),ISBLANK(AC13)),"",IF(AA13<0.4*AA$10,"F",IF(ISBLANK(AC13),"",IF(ISTEXT(AC13),AC13,IF(AC13>=0.9*AC$10,"O",IF(AC13>=0.85*AC$10,"A+",IF(AC13>=0.8*AC$10,"A",IF(AC13>=0.7*AC$10,"B",IF(AC13>=0.6*AC$10,"C",IF(AC13>=0.5*AC$10,"P",IF(AC13<0.5*AC$10,"F",AC13)))))))))))) -> A+ | AE13: 37 | AF13: =SUM(AE13) -> 37 | AG13: =IF(ISBLANK(AF13),"",IF(ISTEXT(AF13),AF13,IF(AF13>=0.9*AF$10,"O",IF(AF13>=0.85*AF$10,"A+",IF(AF13>=0.8*AF$10,"A",IF(AF13>=0.7*AF$10,"B",IF(AF13>=0.6*AF$10,"C",IF(AF13>=0.5*AF$10,"P",IF(AF13<0.5*AF$10,"F",AF13))))))))) -> B | AH13: 22 | AI13: 24 | AJ13: =SUM(AH13:AI13) -> 46 | AK13: =IF(ISTEXT(AH13),IF(AH13="A","Ab",IF(AH13="D","Dt",IF(AH13="UFM","UFM",IF(AH13="NA","")))),IF(AND(ISBLANK(AH13),ISBLANK(AJ13)),"",IF(AH13<0.4*AH$10,"F",IF(ISBLANK(AJ13),"",IF(ISTEXT(AJ13),AJ13,IF(AJ13>=0.9*AJ$10,"O",IF(AJ13>=0.85*AJ$10,"A+",IF(AJ13>=0.8*AJ$10,"A",IF(AJ13>=0.7*AJ$10,"B",IF(AJ13>=0.6*AJ$10,"C",IF(AJ13>=0.5*AJ$10,"P",IF(AJ13<0.5*AJ$10,"F",AJ13)))))))))))) -> O | AL13: 23 | AM13: 24 | AN13: =SUM(AL13:AM13) -> 47 | AO13: =IF(ISTEXT(AL13),IF(AL13="A","Ab",IF(AL13="D","Dt",IF(AL13="UFM","UFM",IF(AL13="NA","")))),IF(AND(ISBLANK(AL13),ISBLANK(AN13)),"",IF(AL13<0.4*AL$10,"F",IF(ISBLANK(AN13),"",IF(ISTEXT(AN13),AN13,IF(AN13>=0.9*AN$10,"O",IF(AN13>=0.85*AN$10,"A+",IF(AN13>=0.8*AN$10,"A",IF(AN13>=0.7*AN$10,"B",IF(AN13>=0.6*AN$10,"C",IF(AN13>=0.5*AN$10,"P",IF(AN13<0.5*AN$10,"F",AN13)))))))))))) -> O | AP13: =SUM(AN13,AJ13,AC13,Y13,U13,Q13,M13,I13) -> 736 | AQ13: =BJ13/$AP$8 -> 7.6818182 | AR13: =AQ13 -> 7.6818182 | AS13: =SUMIF(BA13:BI13,">0",$BA$10:$BI$10) -> 22 | AT13: =IF(OR(J13=$AX$19,N13=$AX$19,R13=$AX$19, V13=$AX$19, Z13=$AX$19, AD13=$AX$19, AG13=$AX$19, AK13=$AX$19, AO13=$AX$19), "CARRY OVER", "PASS") -> PASS | AU13: =IF(AT13="CARRY OVER",_xlfn.TEXTJOIN(" ", TRUE, "BACK IN:", IF(J13=$AX$19, $G$5, ""), IF(N13=$AX$19, $K$5, ""),IF(R13=$AX$19, $O$5, ""),IF(V13=$AX$19, $S$5, ""),IF(Z13=$AX$19, $W$5, ""), IF(AD13=$AX$19, $AA$5, ""),IF(AG13=$AX$19, $AE$5, ""),IF(AK13=$AX$19, $AH$5, ""),IF(AO13=$AX$19, $AL$5, "")), " ") | AV13: =AS13 -> 22 | AX13: O | AY13: 10 | BA13: =INDEX($AY$13:$AY$23,MATCH(INDIRECT(ADDRESS(ROW($J13),COLUMN($J13)+(COLUMN(J13)-10)*4,1)),$AX$13:$AX$23,0)) -> 7 | BB13: =INDEX($AY$13:$AY$23,MATCH(INDIRECT(ADDRESS(ROW($J13),COLUMN($J13)+(COLUMN(K13)-10)*4,1)),$AX$13:$AX$23,0)) -> 7 | BC13: =INDEX($AY$13:$AY$23,MATCH(INDIRECT(ADDRESS(ROW($J13),COLUMN($J13)+(COLUMN(L13)-10)*4,1)),$AX$13:$AX$23,0)) -> 9 | BD13: =INDEX($AY$13:$AY$23,MATCH(INDIRECT(ADDRESS(ROW($J13),COLUMN($J13)+(COLUMN(M13)-10)*4,1)),$AX$13:$AX$23,0)) -> 6 | BE13: =INDEX($AY$13:$AY$23,MATCH(INDIRECT(ADDRESS(ROW($J13),COLUMN($J13)+(COLUMN(N13)-10)*4,1)),$AX$13:$AX$23,0)) -> 7 | BF13: =INDEX($AY$13:$AY$23,MATCH(INDIRECT(ADDRESS(ROW($J13),COLUMN($J13)+(COLUMN(O13)-10)*4,1)),$AX$13:$AX$23,0)) -> 9 | BG13: =INDEX($AY$13:$AY$23,MATCH(INDIRECT(ADDRESS(ROW($J13),COLUMN($J13)+(COLUMN(P13)-10)*4-1,1)),$AX$13:$AX$23,0)) -> 7 | BH13: =INDEX($AY$13:$AY$23,MATCH(INDIRECT(ADDRESS(ROW($J13),COLUMN($J13)+(COLUMN(Q13)-10)*4-1,1)),$AX$13:$AX$23,0)) -> 10 | BI13: =INDEX($AY$13:$AY$23,MATCH(INDIRECT(ADDRESS(ROW($J13),COLUMN($J13)+(COLUMN(R13)-10)*4-1,1)),$AX$13:$AX$23,0)) -> 10 | BJ13: =SUMPRODUCT(BA13:BI13,$BA$10:$BI$10) -> 169
A14: 4 | B14: 250090705004 | C14: UTU/2507100037 | D14: 255304 | E14: Mayank Gaur | F14: Rakesh Gaur | G14: 65 | H14: 42 | I14: =SUM(G14:H14) -> 107 | J14: =IF(ISTEXT(G14),IF(G14="A","Ab",IF(G14="D","Dt",IF(G14="UFM","UFM",IF(G14="NA","")))),IF(AND(ISBLANK(G14),ISBLANK(I14)),"",IF(G14<0.4*G$10,"F",IF(ISBLANK(I14),"",IF(ISTEXT(I14),I14,IF(I14>=0.9*I$10,"O",IF(I14>=0.85*I$10,"A+",IF(I14>=0.8*I$10,"A",IF(I14>=0.7*I$10,"B",IF(I14>=0.6*I$10,"C",IF(I14>=0.5*I$10,"P",IF(I14<0.5*I$10,"F",I14)))))))))))) -> B | K14: 78 | L14: 23 | M14: =SUM(K14:L14) -> 101 | N14: =IF(ISTEXT(K14),IF(K14="A","Ab",IF(K14="D","Dt",IF(K14="UFM","UFM",IF(K14="NA","")))),IF(AND(ISBLANK(K14),ISBLANK(M14)),"",IF(K14<0.4*K$10,"F",IF(ISBLANK(M14),"",IF(ISTEXT(M14),M14,IF(M14>=0.9*M$10,"O",IF(M14>=0.85*M$10,"A+",IF(M14>=0.8*M$10,"A",IF(M14>=0.7*M$10,"B",IF(M14>=0.6*M$10,"C",IF(M14>=0.5*M$10,"P",IF(M14<0.5*M$10,"F",M14)))))))))))) -> C | O14: 66 | P14: 45 | Q14: =SUM(O14:P14) -> 111 | R14: =IF(ISTEXT(O14),IF(O14="A","Ab",IF(O14="D","Dt",IF(O14="UFM","UFM",IF(O14="NA","")))),IF(AND(ISBLANK(O14),ISBLANK(Q14)),"",IF(O14<0.4*O$10,"F",IF(ISBLANK(Q14),"",IF(ISTEXT(Q14),Q14,IF(Q14>=0.9*Q$10,"O",IF(Q14>=0.85*Q$10,"A+",IF(Q14>=0.8*Q$10,"A",IF(Q14>=0.7*Q$10,"B",IF(Q14>=0.6*Q$10,"C",IF(Q14>=0.5*Q$10,"P",IF(Q14<0.5*Q$10,"F",Q14)))))))))))) -> B | S14: 69 | T14: 39 | U14: =SUM(S14:T14) -> 108 | V14: =IF(ISTEXT(S14),IF(S14="A","Ab",IF(S14="D","Dt",IF(S14="UFM","UFM",IF(S14="NA","")))),IF(AND(ISBLANK(S14),ISBLANK(U14)),"",IF(S14<0.4*S$10,"F",IF(ISBLANK(U14),"",IF(ISTEXT(U14),U14,IF(U14>=0.9*U$10,"O",IF(U14>=0.85*U$10,"A+",IF(U14>=0.8*U$10,"A",IF(U14>=0.7*U$10,"B",IF(U14>=0.6*U$10,"C",IF(U14>=0.5*U$10,"P",IF(U14<0.5*U$10,"F",U14)))))))))))) -> B | W14: 69 | X14: 38 | Y14: =SUM(W14:X14) -> 107 | Z14: =IF(ISTEXT(W14),IF(W14="A","Ab",IF(W14="D","Dt",IF(W14="UFM","UFM",IF(W14="NA","")))),IF(AND(ISBLANK(W14),ISBLANK(Y14)),"",IF(W14<0.4*W$10,"F",IF(ISBLANK(Y14),"",IF(ISTEXT(Y14),Y14,IF(Y14>=0.9*Y$10,"O",IF(Y14>=0.85*Y$10,"A+",IF(Y14>=0.8*Y$10,"A",IF(Y14>=0.7*Y$10,"B",IF(Y14>=0.6*Y$10,"C",IF(Y14>=0.5*Y$10,"P",IF(Y14<0.5*Y$10,"F",Y14)))))))))))) -> B | AA14: 42 | AB14: 48 | AC14: =SUM(AA14:AB14) -> 90 | AD14: =IF(ISTEXT(AA14),IF(AA14="A","Ab",IF(AA14="D","Dt",IF(AA14="UFM","UFM",IF(AA14="NA","")))),IF(AND(ISBLANK(AA14),ISBLANK(AC14)),"",IF(AA14<0.4*AA$10,"F",IF(ISBLANK(AC14),"",IF(ISTEXT(AC14),AC14,IF(AC14>=0.9*AC$10,"O",IF(AC14>=0.85*AC$10,"A+",IF(AC14>=0.8*AC$10,"A",IF(AC14>=0.7*AC$10,"B",IF(AC14>=0.6*AC$10,"C",IF(AC14>=0.5*AC$10,"P",IF(AC14<0.5*AC$10,"F",AC14)))))))))))) -> O | AE14: 40 | AF14: =SUM(AE14) -> 40 | AG14: =IF(ISBLANK(AF14),"",IF(ISTEXT(AF14),AF14,IF(AF14>=0.9*AF$10,"O",IF(AF14>=0.85*AF$10,"A+",IF(AF14>=0.8*AF$10,"A",IF(AF14>=0.7*AF$10,"B",IF(AF14>=0.6*AF$10,"C",IF(AF14>=0.5*AF$10,"P",IF(AF14<0.5*AF$10,"F",AF14))))))))) -> A | AH14: 23 | AI14: 23 | AJ14: =SUM(AH14:AI14) -> 46 | AK14: =IF(ISTEXT(AH14),IF(AH14="A","Ab",IF(AH14="D","Dt",IF(AH14="UFM","UFM",IF(AH14="NA","")))),IF(AND(ISBLANK(AH14),ISBLANK(AJ14)),"",IF(AH14<0.4*AH$10,"F",IF(ISBLANK(AJ14),"",IF(ISTEXT(AJ14),AJ14,IF(AJ14>=0.9*AJ$10,"O",IF(AJ14>=0.85*AJ$10,"A+",IF(AJ14>=0.8*AJ$10,"A",IF(AJ14>=0.7*AJ$10,"B",IF(AJ14>=0.6*AJ$10,"C",IF(AJ14>=0.5*AJ$10,"P",IF(AJ14<0.5*AJ$10,"F",AJ14)))))))))))) -> O | AL14: 22 | AM14: 24 | AN14: =SUM(AL14:AM14) -> 46 | AO14: =IF(ISTEXT(AL14),IF(AL14="A","Ab",IF(AL14="D","Dt",IF(AL14="UFM","UFM",IF(AL14="NA","")))),IF(AND(ISBLANK(AL14),ISBLANK(AN14)),"",IF(AL14<0.4*AL$10,"F",IF(ISBLANK(AN14),"",IF(ISTEXT(AN14),AN14,IF(AN14>=0.9*AN$10,"O",IF(AN14>=0.85*AN$10,"A+",IF(AN14>=0.8*AN$10,"A",IF(AN14>=0.7*AN$10,"B",IF(AN14>=0.6*AN$10,"C",IF(AN14>=0.5*AN$10,"P",IF(AN14<0.5*AN$10,"F",AN14)))))))))))) -> O | AP14: =SUM(AN14,AJ14,AC14,Y14,U14,Q14,M14,I14) -> 716 | AQ14: =BJ14/$AP$8 -> 7.3636364 | AR14: =AQ14 -> 7.3636364 | AS14: =SUMIF(BA14:BI14,">0",$BA$10:$BI$10) -> 22 | AT14: =IF(OR(J14=$AX$19,N14=$AX$19,R14=$AX$19, V14=$AX$19, Z14=$AX$19, AD14=$AX$19, AG14=$AX$19, AK14=$AX$19, AO14=$AX$19), "CARRY OVER", "PASS") -> PASS | AU14: =IF(AT14="CARRY OVER",_xlfn.TEXTJOIN(" ", TRUE, "BACK IN:", IF(J14=$AX$19, $G$5, ""), IF(N14=$AX$19, $K$5, ""),IF(R14=$AX$19, $O$5, ""),IF(V14=$AX$19, $S$5, ""),IF(Z14=$AX$19, $W$5, ""), IF(AD14=$AX$19, $AA$5, ""),IF(AG14=$AX$19, $AE$5, ""),IF(AK14=$AX$19, $AH$5, ""),IF(AO14=$AX$19, $AL$5, "")), " ") | AV14: =AS14 -> 22 | AX14: A+ | AY14: 9 | BA14: =INDEX($AY$13:$AY$23,MATCH(INDIRECT(ADDRESS(ROW($J14),COLUMN($J14)+(COLUMN(J14)-10)*4,1)),$AX$13:$AX$23,0)) -> 7 | BB14: =INDEX($AY$13:$AY$23,MATCH(INDIRECT(ADDRESS(ROW($J14),COLUMN($J14)+(COLUMN(K14)-10)*4,1)),$AX$13:$AX$23,0)) -> 6 | BC14: =INDEX($AY$13:$AY$23,MATCH(INDIRECT(ADDRESS(ROW($J14),COLUMN($J14)+(COLUMN(L14)-10)*4,1)),$AX$13:$AX$23,0)) -> 7 | BD14: =INDEX($AY$13:$AY$23,MATCH(INDIRECT(ADDRESS(ROW($J14),COLUMN($J14)+(COLUMN(M14)-10)*4,1)),$AX$13:$AX$23,0)) -> 7 | BE14: =INDEX($AY$13:$AY$23,MATCH(INDIRECT(ADDRESS(ROW($J14),COLUMN($J14)+(COLUMN(N14)-10)*4,1)),$AX$13:$AX$23,0)) -> 7 | BF14: =INDEX($AY$13:$AY$23,MATCH(INDIRECT(ADDRESS(ROW($J14),COLUMN($J14)+(COLUMN(O14)-10)*4,1)),$AX$13:$AX$23,0)) -> 10 | BG14: =INDEX($AY$13:$AY$23,MATCH(INDIRECT(ADDRESS(ROW($J14),COLUMN($J14)+(COLUMN(P14)-10)*4-1,1)),$AX$13:$AX$23,0)) -> 8 | BH14: =INDEX($AY$13:$AY$23,MATCH(INDIRECT(ADDRESS(ROW($J14),COLUMN($J14)+(COLUMN(Q14)-10)*4-1,1)),$AX$13:$AX$23,0)) -> 10 | BI14: =INDEX($AY$13:$AY$23,MATCH(INDIRECT(ADDRESS(ROW($J14),COLUMN($J14)+(COLUMN(R14)-10)*4-1,1)),$AX$13:$AX$23,0)) -> 10 | BJ14: =SUMPRODUCT(BA14:BI14,$BA$10:$BI$10) -> 162
A15: 5 | B15: 250090705005 | C15: PUTU/2507100070 | D15: 255305 | E15: Rajesh Kumar | F15: Ranjeet Singh | G15: D | H15: 41 | I15: =SUM(G15:H15) -> 41 | J15: =IF(ISTEXT(G15),IF(G15="A","Ab",IF(G15="D","Dt",IF(G15="UFM","UFM",IF(G15="NA","")))),IF(AND(ISBLANK(G15),ISBLANK(I15)),"",IF(G15<0.4*G$10,"F",IF(ISBLANK(I15),"",IF(ISTEXT(I15),I15,IF(I15>=0.9*I$10,"O",IF(I15>=0.85*I$10,"A+",IF(I15>=0.8*I$10,"A",IF(I15>=0.7*I$10,"B",IF(I15>=0.6*I$10,"C",IF(I15>=0.5*I$10,"P",IF(I15<0.5*I$10,"F",I15)))))))))))) -> Dt | K15: D | L15: D | M15: =SUM(K15:L15) -> 0 | N15: =IF(ISTEXT(K15),IF(K15="A","Ab",IF(K15="D","Dt",IF(K15="UFM","UFM",IF(K15="NA","")))),IF(AND(ISBLANK(K15),ISBLANK(M15)),"",IF(K15<0.4*K$10,"F",IF(ISBLANK(M15),"",IF(ISTEXT(M15),M15,IF(M15>=0.9*M$10,"O",IF(M15>=0.85*M$10,"A+",IF(M15>=0.8*M$10,"A",IF(M15>=0.7*M$10,"B",IF(M15>=0.6*M$10,"C",IF(M15>=0.5*M$10,"P",IF(M15<0.5*M$10,"F",M15)))))))))))) -> Dt | O15: D | P15: D | Q15: =SUM(O15:P15) -> 0 | R15: =IF(ISTEXT(O15),IF(O15="A","Ab",IF(O15="D","Dt",IF(O15="UFM","UFM",IF(O15="NA","")))),IF(AND(ISBLANK(O15),ISBLANK(Q15)),"",IF(O15<0.4*O$10,"F",IF(ISBLANK(Q15),"",IF(ISTEXT(Q15),Q15,IF(Q15>=0.9*Q$10,"O",IF(Q15>=0.85*Q$10,"A+",IF(Q15>=0.8*Q$10,"A",IF(Q15>=0.7*Q$10,"B",IF(Q15>=0.6*Q$10,"C",IF(Q15>=0.5*Q$10,"P",IF(Q15<0.5*Q$10,"F",Q15)))))))))))) -> Dt | S15: D | T15: D | U15: =SUM(S15:T15) -> 0 | V15: =IF(ISTEXT(S15),IF(S15="A","Ab",IF(S15="D","Dt",IF(S15="UFM","UFM",IF(S15="NA","")))),IF(AND(ISBLANK(S15),ISBLANK(U15)),"",IF(S15<0.4*S$10,"F",IF(ISBLANK(U15),"",IF(ISTEXT(U15),U15,IF(U15>=0.9*U$10,"O",IF(U15>=0.85*U$10,"A+",IF(U15>=0.8*U$10,"A",IF(U15>=0.7*U$10,"B",IF(U15>=0.6*U$10,"C",IF(U15>=0.5*U$10,"P",IF(U15<0.5*U$10,"F",U15)))))))))))) -> Dt | W15: D | X15: D | Y15: =SUM(W15:X15) -> 0 | Z15: =IF(ISTEXT(W15),IF(W15="A","Ab",IF(W15="D","Dt",IF(W15="UFM","UFM",IF(W15="NA","")))),IF(AND(ISBLANK(W15),ISBLANK(Y15)),"",IF(W15<0.4*W$10,"F",IF(ISBLANK(Y15),"",IF(ISTEXT(Y15),Y15,IF(Y15>=0.9*Y$10,"O",IF(Y15>=0.85*Y$10,"A+",IF(Y15>=0.8*Y$10,"A",IF(Y15>=0.7*Y$10,"B",IF(Y15>=0.6*Y$10,"C",IF(Y15>=0.5*Y$10,"P",IF(Y15<0.5*Y$10,"F",Y15)))))))))))) -> Dt | AA15: D | AB15: 32 | AC15: =SUM(AA15:AB15) -> 32 | AD15: =IF(ISTEXT(AA15),IF(AA15="A","Ab",IF(AA15="D","Dt",IF(AA15="UFM","UFM",IF(AA15="NA","")))),IF(AND(ISBLANK(AA15),ISBLANK(AC15)),"",IF(AA15<0.4*AA$10,"F",IF(ISBLANK(AC15),"",IF(ISTEXT(AC15),AC15,IF(AC15>=0.9*AC$10,"O",IF(AC15>=0.85*AC$10,"A+",IF(AC15>=0.8*AC$10,"A",IF(AC15>=0.7*AC$10,"B",IF(AC15>=0.6*AC$10,"C",IF(AC15>=0.5*AC$10,"P",IF(AC15<0.5*AC$10,"F",AC15)))))))))))) -> Dt | AE15: 26 | AF15: =SUM(AE15) -> 26 | AG15: =IF(ISBLANK(AF15),"",IF(ISTEXT(AF15),AF15,IF(AF15>=0.9*AF$10,"O",IF(AF15>=0.85*AF$10,"A+",IF(AF15>=0.8*AF$10,"A",IF(AF15>=0.7*AF$10,"B",IF(AF15>=0.6*AF$10,"C",IF(AF15>=0.5*AF$10,"P",IF(AF15<0.5*AF$10,"F",AF15))))))))) -> P | AH15: D | AI15: 24 | AJ15: =SUM(AH15:AI15) -> 24 | AK15: =IF(ISTEXT(AH15),IF(AH15="A","Ab",IF(AH15="D","Dt",IF(AH15="UFM","UFM",IF(AH15="NA","")))),IF(AND(ISBLANK(AH15),ISBLANK(AJ15)),"",IF(AH15<0.4*AH$10,"F",IF(ISBLANK(AJ15),"",IF(ISTEXT(AJ15),AJ15,IF(AJ15>=0.9*AJ$10,"O",IF(AJ15>=0.85*AJ$10,"A+",IF(AJ15>=0.8*AJ$10,"A",IF(AJ15>=0.7*AJ$10,"B",IF(AJ15>=0.6*AJ$10,"C",IF(AJ15>=0.5*AJ$10,"P",IF(AJ15<0.5*AJ$10,"F",AJ15)))))))))))) -> Dt | AL15: D | AM15: D | AN15: =SUM(AL15:AM15) -> 0 | AO15: =IF(ISTEXT(AL15),IF(AL15="A","Ab",IF(AL15="D","Dt",IF(AL15="UFM","UFM",IF(AL15="NA","")))),IF(AND(ISBLANK(AL15),ISBLANK(AN15)),"",IF(AL15<0.4*AL$10,"F",IF(ISBLANK(AN15),"",IF(ISTEXT(AN15),AN15,IF(AN15>=0.9*AN$10,"O",IF(AN15>=0.85*AN$10,"A+",IF(AN15>=0.8*AN$10,"A",IF(AN15>=0.7*AN$10,"B",IF(AN15>=0.6*AN$10,"C",IF(AN15>=0.5*AN$10,"P",IF(AN15<0.5*AN$10,"F",AN15)))))))))))) -> Dt | AP15: =SUM(AN15,AJ15,AC15,Y15,U15,Q15,M15,I15) -> 97 | AQ15: =BJ15/$AP$8 -> 0 | AR15: =AQ15 -> 0 | AS15: =SUMIF(BA15:BI15,">0",$BA$10:$BI$10) -> 0 | AT15: =IF(OR(J15=$AX$22,N15=$AX$22,R15=$AX$22, V15=$AX$22, Z15=$AX$22, AD15=$AX$22, AG15=$AX$22, AK15=$AX$22, AO15=$AX$22), "CARRY OVER", "PASS") -> CARRY OVER | AU15: =IF(AT15="CARRY OVER",_xlfn.TEXTJOIN(" ", TRUE, "BACK IN:", IF(J15=$AX$22, $G$5, ""), IF(N15=$AX$22, $K$5, ""),IF(R15=$AX$22, $O$5, ""),IF(V15=$AX$22, $S$5, ""),IF(Z15=$AX$22, $W$5, ""), IF(AD15=$AX$22, $AA$5, ""),IF(AG15=$AX$22, $AE$5, ""),IF(AK15=$AX$22, $AH$5, ""),IF(AO15=$AX$22, $AL$5, "")), " ") -> BACK IN: AHT 301 CST 301 CST 302 CST 304 CST 307 AHT 302 CSP 301 CSP 302 | AV15: =AS15 -> 0 | AX15: A | AY15: 8 | BA15: =INDEX($AY$13:$AY$23,MATCH(INDIRECT(ADDRESS(ROW($J15),COLUMN($J15)+(COLUMN(J15)-10)*4,1)),$AX$13:$AX$23,0)) -> 0 | BB15: =INDEX($AY$13:$AY$23,MATCH(INDIRECT(ADDRESS(ROW($J15),COLUMN($J15)+(COLUMN(K15)-10)*4,1)),$AX$13:$AX$23,0)) -> 0 | BC15: =INDEX($AY$13:$AY$23,MATCH(INDIRECT(ADDRESS(ROW($J15),COLUMN($J15)+(COLUMN(L15)-10)*4,1)),$AX$13:$AX$23,0)) -> 0 | BD15: =INDEX($AY$13:$AY$23,MATCH(INDIRECT(ADDRESS(ROW($J15),COLUMN($J15)+(COLUMN(M15)-10)*4,1)),$AX$13:$AX$23,0)) -> 0 | BE15: =INDEX($AY$13:$AY$23,MATCH(INDIRECT(ADDRESS(ROW($J15),COLUMN($J15)+(COLUMN(N15)-10)*4,1)),$AX$13:$AX$23,0)) -> 0 | BF15: =INDEX($AY$13:$AY$23,MATCH(INDIRECT(ADDRESS(ROW($J15),COLUMN($J15)+(COLUMN(O15)-10)*4,1)),$AX$13:$AX$23,0)) -> 0 | BG15: =INDEX($AY$13:$AY$23,MATCH(INDIRECT(ADDRESS(ROW($J15),COLUMN($J15)+(COLUMN(P15)-10)*4-1,1)),$AX$13:$AX$23,0)) -> 5 | BH15: =INDEX($AY$13:$AY$23,MATCH(INDIRECT(ADDRESS(ROW($J15),COLUMN($J15)+(COLUMN(Q15)-10)*4-1,1)),$AX$13:$AX$23,0)) -> 0 | BI15: =INDEX($AY$13:$AY$23,MATCH(INDIRECT(ADDRESS(ROW($J15),COLUMN($J15)+(COLUMN(R15)-10)*4-1,1)),$AX$13:$AX$23,0)) -> 0 | BJ15: =SUMPRODUCT(BA15:BI15,$BA$10:$BI$10) -> 0
AX16: B | AY16: 7
AX17: C | AY17: 6
AX18: P | AY18: 5
AX19: F | AY19: 0
AX20: Ab | AY20: 0
AX21: UFM | AY21: 0
AX22: Dt | AY22: 0
AX23: ="" | AY23: =""

Sheet Production
A1: UTTARAKHAND TECHNICAL UNIVERSITY, DEHRADUN
A2: G.B. PANT INSTITUTE OF ENGINEERING & TECHNOLOGY, PAURI GARHWAL
A3: TABULATION CHART FOR M.TECH. PRODUCTION ENGINEERING FIRST YEAR ( I SEMESTER) EXAMINATION DECEMBER 2025
B4: Roll No. | C4: Enrollment No. | D4: Institute ID | E4: Student Name | F4: Father Name | G4: Subject and Subject Code | AQ4: SGPA | AR4: CGPA | AS4: Credits Earned | AT4: Result | AU4: Remarks | AV4: Cumilative Earned Credits I
A5: SC | G5: AHT 301 | K5: PET 301 | O5: PET 302 | S5: PET 308 | W5: PET 312 | AA5: AHT 302 | AE5: AHT 303 | AH5: PEP 301 | AL5: PEP 302 | AP5: Grand Total
A6: SN | G6: Advanced Mathematics | K6: Machining Science | O6: Industrial Tribology | S6: Automated Material Handeling System | W6: Total Quality Management | AA6: Research Methodology and IPR | AE6: Technical Writing and Presentation Skill ($) | AH6: Machining Science Lab | AL6: Industrial Tribology Lab
G7: Credits
A8: C | G8: 4 | J8: Grade | K8: 4 | N8: Grade | O8: 4 | R8: Grade | S8: 3 | V8: Grade | W8: 3 | Z8: Grade | AA8: 2 | AD8: Grade | AE8: 0 | AG8: Grade | AH8: 1 | AK8: Grade | AL8: 1 | AO8: Grade | AP8: =SUM(AL8,AH8,AE8,AA8,W8,S8,O8,K8,G8) -> 22
G9: Th. Ex. | H9: Ses. | I9: Total | K9: Th. Ex. | L9: Ses. | M9: Total | O9: Th. Ex. | P9: Ses. | Q9: Total | S9: Th. Ex. | T9: Ses. | U9: Total | W9: Th. Ex. | X9: Ses. | Y9: Total | AA9: Th. Ex. | AB9: Ses. | AC9: Total | AE9: Ses. | AF9: Total | AH9: Th. Ex. | AI9: Ses. | AJ9: Total | AL9: Th. Ex. | AM9: Ses. | AN9: Total | AP9: =SUM(AN10,AJ10,AC10,Y10,U10,Q10,M10,I10) -> 950 | BA9: Grade Point Summary | BJ9: TGP I
A10: M.M. | G10: 100 | H10: 50 | I10: 150 | K10: 100 | L10: 50 | M10: 150 | O10: 100 | P10: 50 | Q10: 150 | S10: 100 | T10: 50 | U10: 150 | W10: 100 | X10: 50 | Y10: 150 | AA10: 50 | AB10: 50 | AC10: 100 | AE10: 50 | AF10: 50 | AH10: 25 | AI10: 25 | AJ10: 50 | AL10: 25 | AM10: 25 | AN10: 50 | BA10: =OFFSET($G$8,0,(COLUMN(G8)-7)*4) -> 4 | BB10: =OFFSET($G$8,0,(COLUMN(H8)-7)*4) -> 4 | BC10: =OFFSET($G$8,0,(COLUMN(I8)-7)*4) -> 4 | BD10: =OFFSET($G$8,0,(COLUMN(J8)-7)*4) -> 3 | BE10: =OFFSET($G$8,0,(COLUMN(K8)-7)*4) -> 3 | BF10: =OFFSET($G$8,0,(COLUMN(L8)-7)*4) -> 2 | BG10: =OFFSET($G$8,0,(COLUMN(M8)-7)*4) -> 0 | BH10: =OFFSET($G$8,0,(COLUMN(N8)-7)*4-1) -> 1 | BI10: =OFFSET($G$8,0,(COLUMN(O8)-7)*4-1) -> 1
A11: 1 | B11: 250090707001 | C11: PUTU/2507100044 | D11: 255401 | E11: Amandeep | F11: Kripa Ram | G11: 41 | H11: 40 | I11: =SUM(G11:H11) -> 81 | J11: =IF(ISTEXT(G11),IF(G11="A","Ab",IF(G11="D","Dt",IF(G11="UFM","UFM",IF(G11="NA","")))),IF(AND(ISBLANK(G11),ISBLANK(I11)),"",IF(G11<0.4*G$10,"F",IF(ISBLANK(I11),"",IF(ISTEXT(I11),I11,IF(I11>=0.9*I$10,"O",IF(I11>=0.85*I$10,"A+",IF(I11>=0.8*I$10,"A",IF(I11>=0.7*I$10,"B",IF(I11>=0.6*I$10,"C",IF(I11>=0.5*I$10,"P",IF(I11<0.5*I$10,"F",I11)))))))))))) -> P | K11: 69 | L11: 47 | M11: =SUM(K11:L11) -> 116 | N11: =IF(ISTEXT(K11),IF(K11="A","Ab",IF(K11="D","Dt",IF(K11="UFM","UFM",IF(K11="NA","")))),IF(AND(ISBLANK(K11),ISBLANK(M11)),"",IF(K11<0.4*K$10,"F",IF(ISBLANK(M11),"",IF(ISTEXT(M11),M11,IF(M11>=0.9*M$10,"O",IF(M11>=0.85*M$10,"A+",IF(M11>=0.8*M$10,"A",IF(M11>=0.7*M$10,"B",IF(M11>=0.6*M$10,"C",IF(M11>=0.5*M$10,"P",IF(M11<0.5*M$10,"F",M11)))))))))))) -> B | O11: 86 | P11: 48 | Q11: =SUM(O11:P11) -> 134 | R11: =IF(ISTEXT(O11),IF(O11="A","Ab",IF(O11="D","Dt",IF(O11="UFM","UFM",IF(O11="NA","")))),IF(AND(ISBLANK(O11),ISBLANK(Q11)),"",IF(O11<0.4*O$10,"F",IF(ISBLANK(Q11),"",IF(ISTEXT(Q11),Q11,IF(Q11>=0.9*Q$10,"O",IF(Q11>=0.85*Q$10,"A+",IF(Q11>=0.8*Q$10,"A",IF(Q11>=0.7*Q$10,"B",IF(Q11>=0.6*Q$10,"C",IF(Q11>=0.5*Q$10,"P",IF(Q11<0.5*Q$10,"F",Q11)))))))))))) -> A+ | S11: 66 | T11: 44 | U11: =SUM(S11:T11) -> 110 | V11: =IF(ISTEXT(S11),IF(S11="A","Ab",IF(S11="D","Dt",IF(S11="UFM","UFM",IF(S11="NA","")))),IF(AND(ISBLANK(S11),ISBLANK(U11)),"",IF(S11<0.4*S$10,"F",IF(ISBLANK(U11),"",IF(ISTEXT(U11),U11,IF(U11>=0.9*U$10,"O",IF(U11>=0.85*U$10,"A+",IF(U11>=0.8*U$10,"A",IF(U11>=0.7*U$10,"B",IF(U11>=0.6*U$10,"C",IF(U11>=0.5*U$10,"P",IF(U11<0.5*U$10,"F",U11)))))))))))) -> B | W11: 79 | X11: 47 | Y11: =SUM(W11:X11) -> 126 | Z11: =IF(ISTEXT(W11),IF(W11="A","Ab",IF(W11="D","Dt",IF(W11="UFM","UFM",IF(W11="NA","")))),IF(AND(ISBLANK(W11),ISBLANK(Y11)),"",IF(W11<0.4*W$10,"F",IF(ISBLANK(Y11),"",IF(ISTEXT(Y11),Y11,IF(Y11>=0.9*Y$10,"O",IF(Y11>=0.85*Y$10,"A+",IF(Y11>=0.8*Y$10,"A",IF(Y11>=0.7*Y$10,"B",IF(Y11>=0.6*Y$10,"C",IF(Y11>=0.5*Y$10,"P",IF(Y11<0.5*Y$10,"F",Y11)))))))))))) -> A | AA11: 43 | AB11: 42 | AC11: =SUM(AA11:AB11) -> 85 | AD11: =IF(ISTEXT(AA11),IF(AA11="A","Ab",IF(AA11="D","Dt",IF(AA11="UFM","UFM",IF(AA11="NA","")))),IF(AND(ISBLANK(AA11),ISBLANK(AC11)),"",IF(AA11<0.4*AA$10,"F",IF(ISBLANK(AC11),"",IF(ISTEXT(AC11),AC11,IF(AC11>=0.9*AC$10,"O",IF(AC11>=0.85*AC$10,"A+",IF(AC11>=0.8*AC$10,"A",IF(AC11>=0.7*AC$10,"B",IF(AC11>=0.6*AC$10,"C",IF(AC11>=0.5*AC$10,"P",IF(AC11<0.5*AC$10,"F",AC11)))))))))))) -> A+ | AE11: 34 | AF11: =SUM(AE11) -> 34 | AG11: =IF(ISBLANK(AF11),"",IF(ISTEXT(AF11),AF11,IF(AF11>=0.9*AF$10,"O",IF(AF11>=0.85*AF$10,"A+",IF(AF11>=0.8*AF$10,"A",IF(AF11>=0.7*AF$10,"B",IF(AF11>=0.6*AF$10,"C",IF(AF11>=0.5*AF$10,"P",IF(AF11<0.5*AF$10,"F",AF11))))))))) -> C | AH11: 23 | AI11: 24 | AJ11: =SUM(AH11:AI11) -> 47 | AK11: =IF(ISTEXT(AH11),IF(AH11="A","Ab",IF(AH11="D","Dt",IF(AH11="UFM","UFM",IF(AH11="NA","")))),IF(AND(ISBLANK(AH11),ISBLANK(AJ11)),"",IF(AH11<0.4*AH$10,"F",IF(ISBLANK(AJ11),"",IF(ISTEXT(AJ11),AJ11,IF(AJ11>=0.9*AJ$10,"O",IF(AJ11>=0.85*AJ$10,"A+",IF(AJ11>=0.8*AJ$10,"A",IF(AJ11>=0.7*AJ$10,"B",IF(AJ11>=0.6*AJ$10,"C",IF(AJ11>=0.5*AJ$10,"P",IF(AJ11<0.5*AJ$10,"F",AJ11)))))))))))) -> O | AL11: 23 | AM11: 23 | AN11: =SUM(AL11:AM11) -> 46 | AO11: =IF(ISTEXT(AL11),IF(AL11="A","Ab",IF(AL11="D","Dt",IF(AL11="UFM","UFM",IF(AL11="NA","")))),IF(AND(ISBLANK(AL11),ISBLANK(AN11)),"",IF(AL11<0.4*AL$10,"F",IF(ISBLANK(AN11),"",IF(ISTEXT(AN11),AN11,IF(AN11>=0.9*AN$10,"O",IF(AN11>=0.85*AN$10,"A+",IF(AN11>=0.8*AN$10,"A",IF(AN11>=0.7*AN$10,"B",IF(AN11>=0.6*AN$10,"C",IF(AN11>=0.5*AN$10,"P",IF(AN11<0.5*AN$10,"F",AN11)))))))))))) -> O | AP11: =SUM(AN11,AJ11,AC11,Y11,U11,Q11,M11,I11) -> 745 | AQ11: =BJ11/$AP$8 -> 7.5909091 | AR11: =AQ11 -> 7.5909091 | AS11: =SUMIF(BA11:BI11,">0",$BA$10:$BI$10) -> 22 | AT11: =IF(OR(J11=$AX$19,N11=$AX$19,R11=$AX$19, V11=$AX$19, Z11=$AX$19, AD11=$AX$19, AG11=$AX$19, AK11=$AX$19, AO11=$AX$19), "CARRY OVER", "PASS") -> PASS | AU11: =IF(AT11="CARRY OVER",_xlfn.TEXTJOIN(" ", TRUE, "BACK IN:", IF(J11=$AX$19, $G$5, ""), IF(N11=$AX$19, $K$5, ""),IF(R11=$AX$19, $O$5, ""),IF(V11=$AX$19, $S$5, ""),IF(Z11=$AX$19, $W$5, ""), IF(AD11=$AX$19, $AA$5, ""),IF(AG11=$AX$19, $AE$5, ""),IF(AK11=$AX$19, $AH$5, ""),IF(AO11=$AX$19, $AL$5, "")), " ") | AV11: =AS11 -> 22 | BA11: =INDEX($AY$13:$AY$23,MATCH(INDIRECT(ADDRESS(ROW($J11),COLUMN($J11)+(COLUMN(J11)-10)*4,1)),$AX$13:$AX$23,0)) -> 5 | BB11: =INDEX($AY$13:$AY$23,MATCH(INDIRECT(ADDRESS(ROW($J11),COLUMN($J11)+(COLUMN(K11)-10)*4,1)),$AX$13:$AX$23,0)) -> 7 | BC11: =INDEX($AY$13:$AY$23,MATCH(INDIRECT(ADDRESS(ROW($J11),COLUMN($J11)+(COLUMN(L11)-10)*4,1)),$AX$13:$AX$23,0)) -> 9 | BD11: =INDEX($AY$13:$AY$23,MATCH(INDIRECT(ADDRESS(ROW($J11),COLUMN($J11)+(COLUMN(M11)-10)*4,1)),$AX$13:$AX$23,0)) -> 7 | BE11: =INDEX($AY$13:$AY$23,MATCH(INDIRECT(ADDRESS(ROW($J11),COLUMN($J11)+(COLUMN(N11)-10)*4,1)),$AX$13:$AX$23,0)) -> 8 | BF11: =INDEX($AY$13:$AY$23,MATCH(INDIRECT(ADDRESS(ROW($J11),COLUMN($J11)+(COLUMN(O11)-10)*4,1)),$AX$13:$AX$23,0)) -> 9 | BG11: =INDEX($AY$13:$AY$23,MATCH(INDIRECT(ADDRESS(ROW($J11),COLUMN($J11)+(COLUMN(P11)-10)*4-1,1)),$AX$13:$AX$23,0)) -> 6 | BH11: =INDEX($AY$13:$AY$23,MATCH(INDIRECT(ADDRESS(ROW($J11),COLUMN($J11)+(COLUMN(Q11)-10)*4-1,1)),$AX$13:$AX$23,0)) -> 10 | BI11: =INDEX($AY$13:$AY$23,MATCH(INDIRECT(ADDRESS(ROW($J11),COLUMN($J11)+(COLUMN(R11)-10)*4-1,1)),$AX$13:$AX$23,0)) -> 10 | BJ11: =SUMPRODUCT(BA11:BI11,$BA$10:$BI$10) -> 167
A12: 2 | B12: 250090707002 | C12: PUTU/2507100051 | D12: 255402 | E12: Yukti Dinkar | F12: Hemant Kumar | G12: 44 | H12: 46 | I12: =SUM(G12:H12) -> 90 | J12: =IF(ISTEXT(G12),IF(G12="A","Ab",IF(G12="D","Dt",IF(G12="UFM","UFM",IF(G12="NA","")))),IF(AND(ISBLANK(G12),ISBLANK(I12)),"",IF(G12<0.4*G$10,"F",IF(ISBLANK(I12),"",IF(ISTEXT(I12),I12,IF(I12>=0.9*I$10,"O",IF(I12>=0.85*I$10,"A+",IF(I12>=0.8*I$10,"A",IF(I12>=0.7*I$10,"B",IF(I12>=0.6*I$10,"C",IF(I12>=0.5*I$10,"P",IF(I12<0.5*I$10,"F",I12)))))))))))) -> C | K12: 63 | L12: 48 | M12: =SUM(K12:L12) -> 111 | N12: =IF(ISTEXT(K12),IF(K12="A","Ab",IF(K12="D","Dt",IF(K12="UFM","UFM",IF(K12="NA","")))),IF(AND(ISBLANK(K12),ISBLANK(M12)),"",IF(K12<0.4*K$10,"F",IF(ISBLANK(M12),"",IF(ISTEXT(M12),M12,IF(M12>=0.9*M$10,"O",IF(M12>=0.85*M$10,"A+",IF(M12>=0.8*M$10,"A",IF(M12>=0.7*M$10,"B",IF(M12>=0.6*M$10,"C",IF(M12>=0.5*M$10,"P",IF(M12<0.5*M$10,"F",M12)))))))))))) -> B | O12: 70 | P12: 41 | Q12: =SUM(O12:P12) -> 111 | R12: =IF(ISTEXT(O12),IF(O12="A","Ab",IF(O12="D","Dt",IF(O12="UFM","UFM",IF(O12="NA","")))),IF(AND(ISBLANK(O12),ISBLANK(Q12)),"",IF(O12<0.4*O$10,"F",IF(ISBLANK(Q12),"",IF(ISTEXT(Q12),Q12,IF(Q12>=0.9*Q$10,"O",IF(Q12>=0.85*Q$10,"A+",IF(Q12>=0.8*Q$10,"A",IF(Q12>=0.7*Q$10,"B",IF(Q12>=0.6*Q$10,"C",IF(Q12>=0.5*Q$10,"P",IF(Q12<0.5*Q$10,"F",Q12)))))))))))) -> B | S12: 61 | T12: 41 | U12: =SUM(S12:T12) -> 102 | V12: =IF(ISTEXT(S12),IF(S12="A","Ab",IF(S12="D","Dt",IF(S12="UFM","UFM",IF(S12="NA","")))),IF(AND(ISBLANK(S12),ISBLANK(U12)),"",IF(S12<0.4*S$10,"F",IF(ISBLANK(U12),"",IF(ISTEXT(U12),U12,IF(U12>=0.9*U$10,"O",IF(U12>=0.85*U$10,"A+",IF(U12>=0.8*U$10,"A",IF(U12>=0.7*U$10,"B",IF(U12>=0.6*U$10,"C",IF(U12>=0.5*U$10,"P",IF(U12<0.5*U$10,"F",U12)))))))))))) -> C | W12: 77 | X12: 45 | Y12: =SUM(W12:X12) -> 122 | Z12: =IF(ISTEXT(W12),IF(W12="A","Ab",IF(W12="D","Dt",IF(W12="UFM","UFM",IF(W12="NA","")))),IF(AND(ISBLANK(W12),ISBLANK(Y12)),"",IF(W12<0.4*W$10,"F",IF(ISBLANK(Y12),"",IF(ISTEXT(Y12),Y12,IF(Y12>=0.9*Y$10,"O",IF(Y12>=0.85*Y$10,"A+",IF(Y12>=0.8*Y$10,"A",IF(Y12>=0.7*Y$10,"B",IF(Y12>=0.6*Y$10,"C",IF(Y12>=0.5*Y$10,"P",IF(Y12<0.5*Y$10,"F",Y12)))))))))))) -> A | AA12: 40 | AB12: 43 | AC12: =SUM(AA12:AB12) -> 83 | AD12: =IF(ISTEXT(AA12),IF(AA12="A","Ab",IF(AA12="D","Dt",IF(AA12="UFM","UFM",IF(AA12="NA","")))),IF(AND(ISBLANK(AA12),ISBLANK(AC12)),"",IF(AA12<0.4*AA$10,"F",IF(ISBLANK(AC12),"",IF(ISTEXT(AC12),AC12,IF(AC12>=0.9*AC$10,"O",IF(AC12>=0.85*AC$10,"A+",IF(AC12>=0.8*AC$10,"A",IF(AC12>=0.7*AC$10,"B",IF(AC12>=0.6*AC$10,"C",IF(AC12>=0.5*AC$10,"P",IF(AC12<0.5*AC$10,"F",AC12)))))))))))) -> A | AE12: 38 | AF12: =SUM(AE12) -> 38 | AG12: =IF(ISBLANK(AF12),"",IF(ISTEXT(AF12),AF12,IF(AF12>=0.9*AF$10,"O",IF(AF12>=0.85*AF$10,"A+",IF(AF12>=0.8*AF$10,"A",IF(AF12>=0.7*AF$10,"B",IF(AF12>=0.6*AF$10,"C",IF(AF12>=0.5*AF$10,"P",IF(AF12<0.5*AF$10,"F",AF12))))))))) -> B | AH12: 22 | AI12: 24 | AJ12: =SUM(AH12:AI12) -> 46 | AK12: =IF(ISTEXT(AH12),IF(AH12="A","Ab",IF(AH12="D","Dt",IF(AH12="UFM","UFM",IF(AH12="NA","")))),IF(AND(ISBLANK(AH12),ISBLANK(AJ12)),"",IF(AH12<0.4*AH$10,"F",IF(ISBLANK(AJ12),"",IF(ISTEXT(AJ12),AJ12,IF(AJ12>=0.9*AJ$10,"O",IF(AJ12>=0.85*AJ$10,"A+",IF(AJ12>=0.8*AJ$10,"A",IF(AJ12>=0.7*AJ$10,"B",IF(AJ12>=0.6*AJ$10,"C",IF(AJ12>=0.5*AJ$10,"P",IF(AJ12<0.5*AJ$10,"F",AJ12)))))))))))) -> O | AL12: 21 | AM12: 22 | AN12: =SUM(AL12:AM12) -> 43 | AO12: =IF(ISTEXT(AL12),IF(AL12="A","Ab",IF(AL12="D","Dt",IF(AL12="UFM","UFM",IF(AL12="NA","")))),IF(AND(ISBLANK(AL12),ISBLANK(AN12)),"",IF(AL12<0.4*AL$10,"F",IF(ISBLANK(AN12),"",IF(ISTEXT(AN12),AN12,IF(AN12>=0.9*AN$10,"O",IF(AN12>=0.85*AN$10,"A+",IF(AN12>=0.8*AN$10,"A",IF(AN12>=0.7*AN$10,"B",IF(AN12>=0.6*AN$10,"C",IF(AN12>=0.5*AN$10,"P",IF(AN12<0.5*AN$10,"F",AN12)))))))))))) -> A+ | AP12: =SUM(AN12,AJ12,AC12,Y12,U12,Q12,M12,I12) -> 708 | AQ12: =BJ12/$AP$8 -> 7.1363636 | AR12: =AQ12 -> 7.1363636 | AS12: =SUMIF(BA12:BI12,">0",$BA$10:$BI$10) -> 22 | AT12: =IF(OR(J12=$AX$19,N12=$AX$19,R12=$AX$19, V12=$AX$19, Z12=$AX$19, AD12=$AX$19, AG12=$AX$19, AK12=$AX$19, AO12=$AX$19), "CARRY OVER", "PASS") -> PASS | AU12: =IF(AT12="CARRY OVER",_xlfn.TEXTJOIN(" ", TRUE, "BACK IN:", IF(J12=$AX$19, $G$5, ""), IF(N12=$AX$19, $K$5, ""),IF(R12=$AX$19, $O$5, ""),IF(V12=$AX$19, $S$5, ""),IF(Z12=$AX$19, $W$5, ""), IF(AD12=$AX$19, $AA$5, ""),IF(AG12=$AX$19, $AE$5, ""),IF(AK12=$AX$19, $AH$5, ""),IF(AO12=$AX$19, $AL$5, "")), " ") | AV12: =AS12 -> 22 | AX12: Grade | AY12: Grade Point | BA12: =INDEX($AY$13:$AY$23,MATCH(INDIRECT(ADDRESS(ROW($J12),COLUMN($J12)+(COLUMN(J12)-10)*4,1)),$AX$13:$AX$23,0)) -> 6 | BB12: =INDEX($AY$13:$AY$23,MATCH(INDIRECT(ADDRESS(ROW($J12),COLUMN($J12)+(COLUMN(K12)-10)*4,1)),$AX$13:$AX$23,0)) -> 7 | BC12: =INDEX($AY$13:$AY$23,MATCH(INDIRECT(ADDRESS(ROW($J12),COLUMN($J12)+(COLUMN(L12)-10)*4,1)),$AX$13:$AX$23,0)) -> 7 | BD12: =INDEX($AY$13:$AY$23,MATCH(INDIRECT(ADDRESS(ROW($J12),COLUMN($J12)+(COLUMN(M12)-10)*4,1)),$AX$13:$AX$23,0)) -> 6 | BE12: =INDEX($AY$13:$AY$23,MATCH(INDIRECT(ADDRESS(ROW($J12),COLUMN($J12)+(COLUMN(N12)-10)*4,1)),$AX$13:$AX$23,0)) -> 8 | BF12: =INDEX($AY$13:$AY$23,MATCH(INDIRECT(ADDRESS(ROW($J12),COLUMN($J12)+(COLUMN(O12)-10)*4,1)),$AX$13:$AX$23,0)) -> 8 | BG12: =INDEX($AY$13:$AY$23,MATCH(INDIRECT(ADDRESS(ROW($J12),COLUMN($J12)+(COLUMN(P12)-10)*4-1,1)),$AX$13:$AX$23,0)) -> 7 | BH12: =INDEX($AY$13:$AY$23,MATCH(INDIRECT(ADDRESS(ROW($J12),COLUMN($J12)+(COLUMN(Q12)-10)*4-1,1)),$AX$13:$AX$23,0)) -> 10 | BI12: =INDEX($AY$13:$AY$23,MATCH(INDIRECT(ADDRESS(ROW($J12),COLUMN($J12)+(COLUMN(R12)-10)*4-1,1)),$AX$13:$AX$23,0)) -> 9 | BJ12: =SUMPRODUCT(BA12:BI12,$BA$10:$BI$10) -> 157
A13: 3 | AX13: O | AY13: 10
AX14: A+ | AY14: 9
AX15: A | AY15: 8
AX16: B | AY16: 7
AX17: C | AY17: 6
AX18: P | AY18: 5
AX19: F | AY19: 0
AX20: Ab | AY20: 0
AX21: UFM | AY21: 0
AX22: Dt | AY22: 0
AX23: ="" | AY23: =""

Sheet Geotechnology
A1: UTTARAKHAND TECHNICAL UNIVERSITY, DEHRADUN
A2: G.B. PANT INSTITUTE OF ENGINEERING & TECHNOLOGY, PAURI GARHWAL
A3: TABULATION CHART FOR M.TECH. ( GEOTECHNOLOGY ) FIRST YEAR ( I SEMESTER) EXAMINATION DECEMBER 2025
B4: Roll No. | C4: Enrollment No. | D4: Institute ID | E4: Student Name | F4: Father Name | G4: Subject and Subject Code | AP4: Grand Total | AQ4: SGPA | AR4: CGPA | AS4: Credits Earned | AT4: Result | AU4: Remarks | AV4: Cumilative Earned Credits I
A5: SC | G5: AHT 301 | K5: CET 601 | O5: CET 602 | S5: CET 604 | W5: CET 607 | AA5: AHT 302 | AE5: AHT 303 | AH5: CEP 601 | AL5: CEP 602
A6: SN | G6: Advanced Mathematics | K6: Advanced Soil Mechanics | O6: Soil Dynamics | S6: Pavement Analysis and Design | W6: Soil Structure Interaction | AA6: Research Methodology and IPR | AE6: Technical Writing and Presentation Skill ($) | AH6: Advanced Soil Mechanics Lab | AL6: Soil Dynamics Lab
G7: Credits
A8: C | G8: 4 | J8: Grade | K8: 4 | N8: Grade | O8: 4 | R8: Grade | S8: 3 | V8: Grade | W8: 3 | Z8: Grade | AA8: 2 | AD8: Grade | AE8: 0 | AG8: Grade | AH8: 1 | AK8: Grade | AL8: 1 | AO8: Grade | AP8: =SUM(AL8,AH8,AE8,AA8,W8,S8,O8,K8,G8) -> 22
G9: Th. Ex. | H9: Ses. | I9: Total | K9: Th. Ex. | L9: Ses. | M9: Total | O9: Th. Ex. | P9: Ses. | Q9: Total | S9: Th. Ex. | T9: Ses. | U9: Total | W9: Th. Ex. | X9: Ses. | Y9: Total | AA9: Th. Ex. | AB9: Ses. | AC9: Total | AE9: Ses. | AF9: Total | AH9: Pr. Ex. | AI9: Ses. | AJ9: Total | AL9: Pr. Ex. | AM9: Ses. | AN9: Total | AP9: =SUM(AN10,AJ10,AC10,Y10,U10,Q10,M10,I10) -> 950 | BA9: Grade Point Summary | BJ9: TGP I
A10: M.M. | G10: 100 | H10: 50 | I10: 150 | K10: 100 | L10: 50 | M10: 150 | O10: 100 | P10: 50 | Q10: 150 | S10: 100 | T10: 50 | U10: 150 | W10: 100 | X10: 50 | Y10: 150 | AA10: 50 | AB10: 50 | AC10: 100 | AE10: 50 | AF10: 50 | AH10: 25 | AI10: 25 | AJ10: 50 | AL10: 25 | AM10: 25 | AN10: 50 | BA10: =OFFSET($G$8,0,(COLUMN(G8)-7)*4) -> 4 | BB10: =OFFSET($G$8,0,(COLUMN(H8)-7)*4) -> 4 | BC10: =OFFSET($G$8,0,(COLUMN(I8)-7)*4) -> 4 | BD10: =OFFSET($G$8,0,(COLUMN(J8)-7)*4) -> 3 | BE10: =OFFSET($G$8,0,(COLUMN(K8)-7)*4) -> 3 | BF10: =OFFSET($G$8,0,(COLUMN(L8)-7)*4) -> 2 | BG10: =OFFSET($G$8,0,(COLUMN(M8)-7)*4) -> 0 | BH10: =OFFSET($G$8,0,(COLUMN(N8)-7)*4-1) -> 1 | BI10: =OFFSET($G$8,0,(COLUMN(O8)-7)*4-1) -> 1
A11: 1 | B11: 250090725001 | C11: PUTU/2507100063 | D11: 255601 | E11: Jatin Dhapola | F11: Vijay Kumar Dhapola | G11: 60 | H11: 44 | I11: =SUM(G11:H11) -> 104 | J11: =IF(ISTEXT(G11),IF(G11="A","Ab",IF(G11="D","Dt",IF(G11="UFM","UFM",IF(G11="NA","")))),IF(AND(ISBLANK(G11),ISBLANK(I11)),"",IF(G11<0.4*G$10,"F",IF(ISBLANK(I11),"",IF(ISTEXT(I11),I11,IF(I11>=0.9*I$10,"O",IF(I11>=0.85*I$10,"A+",IF(I11>=0.8*I$10,"A",IF(I11>=0.7*I$10,"B",IF(I11>=0.6*I$10,"C",IF(I11>=0.5*I$10,"P",IF(I11<0.5*I$10,"F",I11)))))))))))) -> C | K11: 72 | L11: 42 | M11: =SUM(K11:L11) -> 114 | N11: =IF(ISTEXT(K11),IF(K11="A","Ab",IF(K11="D","Dt",IF(K11="UFM","UFM",IF(K11="NA","")))),IF(AND(ISBLANK(K11),ISBLANK(M11)),"",IF(K11<0.4*K$10,"F",IF(ISBLANK(M11),"",IF(ISTEXT(M11),M11,IF(M11>=0.9*M$10,"O",IF(M11>=0.85*M$10,"A+",IF(M11>=0.8*M$10,"A",IF(M11>=0.7*M$10,"B",IF(M11>=0.6*M$10,"C",IF(M11>=0.5*M$10,"P",IF(M11<0.5*M$10,"F",M11)))))))))))) -> B | O11: 65 | P11: 40 | Q11: =SUM(O11:P11) -> 105 | R11: =IF(ISTEXT(O11),IF(O11="A","Ab",IF(O11="D","Dt",IF(O11="UFM","UFM",IF(O11="NA","")))),IF(AND(ISBLANK(O11),ISBLANK(Q11)),"",IF(O11<0.4*O$10,"F",IF(ISBLANK(Q11),"",IF(ISTEXT(Q11),Q11,IF(Q11>=0.9*Q$10,"O",IF(Q11>=0.85*Q$10,"A+",IF(Q11>=0.8*Q$10,"A",IF(Q11>=0.7*Q$10,"B",IF(Q11>=0.6*Q$10,"C",IF(Q11>=0.5*Q$10,"P",IF(Q11<0.5*Q$10,"F",Q11)))))))))))) -> B | S11: 77 | T11: 47 | U11: =SUM(S11:T11) -> 124 | V11: =IF(ISTEXT(S11),IF(S11="A","Ab",IF(S11="D","Dt",IF(S11="UFM","UFM",IF(S11="NA","")))),IF(AND(ISBLANK(S11),ISBLANK(U11)),"",IF(S11<0.4*S$10,"F",IF(ISBLANK(U11),"",IF(ISTEXT(U11),U11,IF(U11>=0.9*U$10,"O",IF(U11>=0.85*U$10,"A+",IF(U11>=0.8*U$10,"A",IF(U11>=0.7*U$10,"B",IF(U11>=0.6*U$10,"C",IF(U11>=0.5*U$10,"P",IF(U11<0.5*U$10,"F",U11)))))))))))) -> A | W11: 84 | X11: 43 | Y11: =SUM(W11:X11) -> 127 | Z11: =IF(ISTEXT(W11),IF(W11="A","Ab",IF(W11="D","Dt",IF(W11="UFM","UFM",IF(W11="NA","")))),IF(AND(ISBLANK(W11),ISBLANK(Y11)),"",IF(W11<0.4*W$10,"F",IF(ISBLANK(Y11),"",IF(ISTEXT(Y11),Y11,IF(Y11>=0.9*Y$10,"O",IF(Y11>=0.85*Y$10,"A+",IF(Y11>=0.8*Y$10,"A",IF(Y11>=0.7*Y$10,"B",IF(Y11>=0.6*Y$10,"C",IF(Y11>=0.5*Y$10,"P",IF(Y11<0.5*Y$10,"F",Y11)))))))))))) -> A | AA11: 44 | AB11: 48 | AC11: =SUM(AA11:AB11) -> 92 | AD11: =IF(ISTEXT(AA11),IF(AA11="A","Ab",IF(AA11="D","Dt",IF(AA11="UFM","UFM",IF(AA11="NA","")))),IF(AND(ISBLANK(AA11),ISBLANK(AC11)),"",IF(AA11<0.4*AA$10,"F",IF(ISBLANK(AC11),"",IF(ISTEXT(AC11),AC11,IF(AC11>=0.9*AC$10,"O",IF(AC11>=0.85*AC$10,"A+",IF(AC11>=0.8*AC$10,"A",IF(AC11>=0.7*AC$10,"B",IF(AC11>=0.6*AC$10,"C",IF(AC11>=0.5*AC$10,"P",IF(AC11<0.5*AC$10,"F",AC11)))))))))))) -> O | AE11: 37 | AF11: =SUM(AE11) -> 37 | AG11: =IF(ISBLANK(AF11),"",IF(ISTEXT(AF11),AF11,IF(AF11>=0.9*AF$10,"O",IF(AF11>=0.85*AF$10,"A+",IF(AF11>=0.8*AF$10,"A",IF(AF11>=0.7*AF$10,"B",IF(AF11>=0.6*AF$10,"C",IF(AF11>=0.5*AF$10,"P",IF(AF11<0.5*AF$10,"F",AF11))))))))) -> B | AH11: 22 | AI11: 23 | AJ11: =SUM(AH11:AI11) -> 45 | AK11: =IF(ISTEXT(AH11),IF(AH11="A","Ab",IF(AH11="D","Dt",IF(AH11="UFM","UFM",IF(AH11="NA","")))),IF(AND(ISBLANK(AH11),ISBLANK(AJ11)),"",IF(AH11<0.4*AH$10,"F",IF(ISBLANK(AJ11),"",IF(ISTEXT(AJ11),AJ11,IF(AJ11>=0.9*AJ$10,"O",IF(AJ11>=0.85*AJ$10,"A+",IF(AJ11>=0.8*AJ$10,"A",IF(AJ11>=0.7*AJ$10,"B",IF(AJ11>=0.6*AJ$10,"C",IF(AJ11>=0.5*AJ$10,"P",IF(AJ11<0.5*AJ$10,"F",AJ11)))))))))))) -> O | AL11: 24 | AM11: 24 | AN11: =SUM(AL11:AM11) -> 48 | AO11: =IF(ISTEXT(AL11),IF(AL11="A","Ab",IF(AL11="D","Dt",IF(AL11="UFM","UFM",IF(AL11="NA","")))),IF(AND(ISBLANK(AL11),ISBLANK(AN11)),"",IF(AL11<0.4*AL$10,"F",IF(ISBLANK(AN11),"",IF(ISTEXT(AN11),AN11,IF(AN11>=0.9*AN$10,"O",IF(AN11>=0.85*AN$10,"A+",IF(AN11>=0.8*AN$10,"A",IF(AN11>=0.7*AN$10,"B",IF(AN11>=0.6*AN$10,"C",IF(AN11>=0.5*AN$10,"P",IF(AN11<0.5*AN$10,"F",AN11)))))))))))) -> O | AP11: =SUM(AN11,AJ11,AC11,Y11,U11,Q11,M11,I11) -> 759 | AQ11: =BJ11/$AP$8 -> 7.6363636 | AR11: =AQ11 -> 7.6363636 | AS11: =SUMIF(BA11:BI11,">0",$BA$10:$BI$10) -> 22 | AT11: =IF(OR(J11=$AX$19,N11=$AX$19,R11=$AX$19, V11=$AX$19, Z11=$AX$19, AD11=$AX$19, AG11=$AX$19, AK11=$AX$19, AO11=$AX$19), "CARRY OVER", "PASS") -> PASS | AU11: =IF(AT11="CARRY OVER",_xlfn.TEXTJOIN(" ", TRUE, "BACK IN:", IF(J11=$AX$19, $G$5, ""), IF(N11=$AX$19, $K$5, ""),IF(R11=$AX$19, $O$5, ""),IF(V11=$AX$19, $S$5, ""),IF(Z11=$AX$19, $W$5, ""), IF(AD11=$AX$19, $AA$5, ""),IF(AG11=$AX$19, $AE$5, ""),IF(AK11=$AX$19, $AH$5, ""),IF(AO11=$AX$19, $AL$5, "")), " ") | AV11: =AS11 -> 22 | BA11: =INDEX($AY$13:$AY$23,MATCH(INDIRECT(ADDRESS(ROW($J11),COLUMN($J11)+(COLUMN(J11)-10)*4,1)),$AX$13:$AX$23,0)) -> 6 | BB11: =INDEX($AY$13:$AY$23,MATCH(INDIRECT(ADDRESS(ROW($J11),COLUMN($J11)+(COLUMN(K11)-10)*4,1)),$AX$13:$AX$23,0)) -> 7 | BC11: =INDEX($AY$13:$AY$23,MATCH(INDIRECT(ADDRESS(ROW($J11),COLUMN($J11)+(COLUMN(L11)-10)*4,1)),$AX$13:$AX$23,0)) -> 7 | BD11: =INDEX($AY$13:$AY$23,MATCH(INDIRECT(ADDRESS(ROW($J11),COLUMN($J11)+(COLUMN(M11)-10)*4,1)),$AX$13:$AX$23,0)) -> 8 | BE11: =INDEX($AY$13:$AY$23,MATCH(INDIRECT(ADDRESS(ROW($J11),COLUMN($J11)+(COLUMN(N11)-10)*4,1)),$AX$13:$AX$23,0)) -> 8 | BF11: =INDEX($AY$13:$AY$23,MATCH(INDIRECT(ADDRESS(ROW($J11),COLUMN($J11)+(COLUMN(O11)-10)*4,1)),$AX$13:$AX$23,0)) -> 10 | BG11: =INDEX($AY$13:$AY$23,MATCH(INDIRECT(ADDRESS(ROW($J11),COLUMN($J11)+(COLUMN(P11)-10)*4-1,1)),$AX$13:$AX$23,0)) -> 7 | BH11: =INDEX($AY$13:$AY$23,MATCH(INDIRECT(ADDRESS(ROW($J11),COLUMN($J11)+(COLUMN(Q11)-10)*4-1,1)),$AX$13:$AX$23,0)) -> 10 | BI11: =INDEX($AY$13:$AY$23,MATCH(INDIRECT(ADDRESS(ROW($J11),COLUMN($J11)+(COLUMN(R11)-10)*4-1,1)),$AX$13:$AX$23,0)) -> 10 | BJ11: =SUMPRODUCT(BA11:BI11,$BA$10:$BI$10) -> 168
AX12: Grade | AY12: Grade Point
AX13: O | AY13: 10
AX14: A+ | AY14: 9
AX15: A | AY15: 8
AX16: B | AY16: 7
AX17: C | AY17: 6
AX18: P | AY18: 5
AX19: F | AY19: 0
AX20: Ab | AY20: 0
AX21: UFM | AY21: 0
AX22: Dt | AY22: 0
AX23: ="" | AY23: =""

Sheet PowerSystems
A1: UTTARAKHAND TECHNICAL UNIVERSITY, DEHRADUN
A2: G.B. PANT INSTITUTE OF ENGINEERING & TECHNOLOGY, PAURI GARHWAL
A3: TABULATION CHART FOR M.TECH. (POWER SYSTEMS) FIRST YEAR ( I SEMESTER) EXAMINATION DECEMBER 2025
B4: Roll No. | C4: Enrollment No. | D4: Institute ID | E4: Student Name | F4: Father Name | G4: Subject and Subject Code | AP4: Grand Total | AQ4: SGPA | AR4: CGPA | AS4: Credits Earned | AT4: Result | AU4: Remarks | AV4: Cumilative Earned Credits I
A5: SC | G5: AHT 301 | K5: MPST 101 | O5: MPST 102 | S5: MPST 111 | W5: MPST 121 | AA5: AHT 302 | AE5: AHT 303 | AH5: MPSP 101 | AL5: MPSP 102
A6: SN | G6: Advanced Mathematics | K6: Power System Analysis | O6: Power System Stability and Control | S6: Renewable Energy System | W6: Electrical Power Distribution System | AA6: Research Methodology and IPR | AE6: Technical Writing and Presentation Skill ($) | AH6: Power System Analysis Lab | AL6: Power System Stability & Control Lab
G7: Credits
A8: C | G8: 4 | J8: Grade | K8: 4 | N8: Grade | O8: 4 | R8: Grade | S8: 3 | V8: Grade | W8: 3 | Z8: Grade | AA8: 2 | AD8: Grade | AE8: 0 | AG8: Grade | AH8: 1 | AK8: Grade | AL8: 1 | AO8: Grade | AP8: =SUM(AL8,AH8,AE8,AA8,W8,S8,O8,K8,G8) -> 22
G9: Th. Ex. | H9: Ses. | I9: Total | K9: Th. Ex. | L9: Ses. | M9: Total | O9: Th. Ex. | P9: Ses. | Q9: Total | S9: Th. Ex. | T9: Ses. | U9: Total | W9: Th. Ex. | X9: Ses. | Y9: Total | AA9: Th. Ex. | AB9: Ses. | AC9: Total | AE9: Ses. | AF9: Total | AH9: Pr. Ex. | AI9: Ses. | AJ9: Total | AL9: Pr. Ex. | AM9: Ses. | AN9: Total | AP9: =SUM(AN10,AJ10,AC10,Y10,U10,Q10,M10,I10) -> 950 | BA9: Grade Point Summary | BJ9: TGP I
A10: M.M. | G10: 100 | H10: 50 | I10: 150 | K10: 100 | L10: 50 | M10: 150 | O10: 100 | P10: 50 | Q10: 150 | S10: 100 | T10: 50 | U10: 150 | W10: 100 | X10: 50 | Y10: 150 | AA10: 50 | AB10: 50 | AC10: 100 | AE10: 50 | AF10: 50 | AH10: 25 | AI10: 25 | AJ10: 50 | AL10: 25 | AM10: 25 | AN10: 50 | BA10: =OFFSET($G$8,0,(COLUMN(G8)-7)*4) -> 4 | BB10: =OFFSET($G$8,0,(COLUMN(H8)-7)*4) -> 4 | BC10: =OFFSET($G$8,0,(COLUMN(I8)-7)*4) -> 4 | BD10: =OFFSET($G$8,0,(COLUMN(J8)-7)*4) -> 3 | BE10: =OFFSET($G$8,0,(COLUMN(K8)-7)*4) -> 3 | BF10: =OFFSET($G$8,0,(COLUMN(L8)-7)*4) -> 2 | BG10: =OFFSET($G$8,0,(COLUMN(M8)-7)*4) -> 0 | BH10: =OFFSET($G$8,0,(COLUMN(N8)-7)*4-1) -> 1 | BI10: =OFFSET($G$8,0,(COLUMN(O8)-7)*4-1) -> 1
A11: 1 | B11: 250090713001 | C11: PUTU/2507100066 | D11: 255601 | E11: Deepansha Arya | F11: Nand Kishor | G11: 64 | H11: 46 | I11: =SUM(G11:H11) -> 110 | J11: =IF(ISTEXT(G11),IF(G11="A","Ab",IF(G11="D","Dt",IF(G11="UFM","UFM",IF(G11="NA","")))),IF(AND(ISBLANK(G11),ISBLANK(I11)),"",IF(G11<0.4*G$10,"F",IF(ISBLANK(I11),"",IF(ISTEXT(I11),I11,IF(I11>=0.9*I$10,"O",IF(I11>=0.85*I$10,"A+",IF(I11>=0.8*I$10,"A",IF(I11>=0.7*I$10,"B",IF(I11>=0.6*I$10,"C",IF(I11>=0.5*I$10,"P",IF(I11<0.5*I$10,"F",I11)))))))))))) -> B | K11: 52 | L11: 40 | M11: =SUM(K11:L11) -> 92 | N11: =IF(ISTEXT(K11),IF(K11="A","Ab",IF(K11="D","Dt",IF(K11="UFM","UFM",IF(K11="NA","")))),IF(AND(ISBLANK(K11),ISBLANK(M11)),"",IF(K11<0.4*K$10,"F",IF(ISBLANK(M11),"",IF(ISTEXT(M11),M11,IF(M11>=0.9*M$10,"O",IF(M11>=0.85*M$10,"A+",IF(M11>=0.8*M$10,"A",IF(M11>=0.7*M$10,"B",IF(M11>=0.6*M$10,"C",IF(M11>=0.5*M$10,"P",IF(M11<0.5*M$10,"F",M11)))))))))))) -> C | O11: 43 | P11: 43 | Q11: =SUM(O11:P11) -> 86 | R11: =IF(ISTEXT(O11),IF(O11="A","Ab",IF(O11="D","Dt",IF(O11="UFM","UFM",IF(O11="NA","")))),IF(AND(ISBLANK(O11),ISBLANK(Q11)),"",IF(O11<0.4*O$10,"F",IF(ISBLANK(Q11),"",IF(ISTEXT(Q11),Q11,IF(Q11>=0.9*Q$10,"O",IF(Q11>=0.85*Q$10,"A+",IF(Q11>=0.8*Q$10,"A",IF(Q11>=0.7*Q$10,"B",IF(Q11>=0.6*Q$10,"C",IF(Q11>=0.5*Q$10,"P",IF(Q11<0.5*Q$10,"F",Q11)))))))))))) -> P | S11: 60 | T11: 41 | U11: =SUM(S11:T11) -> 101 | V11: =IF(ISTEXT(S11),IF(S11="A","Ab",IF(S11="D","Dt",IF(S11="UFM","UFM",IF(S11="NA","")))),IF(AND(ISBLANK(S11),ISBLANK(U11)),"",IF(S11<0.4*S$10,"F",IF(ISBLANK(U11),"",IF(ISTEXT(U11),U11,IF(U11>=0.9*U$10,"O",IF(U11>=0.85*U$10,"A+",IF(U11>=0.8*U$10,"A",IF(U11>=0.7*U$10,"B",IF(U11>=0.6*U$10,"C",IF(U11>=0.5*U$10,"P",IF(U11<0.5*U$10,"F",U11)))))))))))) -> C | W11: 69 | X11: 40 | Y11: =SUM(W11:X11) -> 109 | Z11: =IF(ISTEXT(W11),IF(W11="A","Ab",IF(W11="D","Dt",IF(W11="UFM","UFM",IF(W11="NA","")))),IF(AND(ISBLANK(W11),ISBLANK(Y11)),"",IF(W11<0.4*W$10,"F",IF(ISBLANK(Y11),"",IF(ISTEXT(Y11),Y11,IF(Y11>=0.9*Y$10,"O",IF(Y11>=0.85*Y$10,"A+",IF(Y11>=0.8*Y$10,"A",IF(Y11>=0.7*Y$10,"B",IF(Y11>=0.6*Y$10,"C",IF(Y11>=0.5*Y$10,"P",IF(Y11<0.5*Y$10,"F",Y11)))))))))))) -> B | AA11: 34 | AB11: 47 | AC11: =SUM(AA11:AB11) -> 81 | AD11: =IF(ISTEXT(AA11),IF(AA11="A","Ab",IF(AA11="D","Dt",IF(AA11="UFM","UFM",IF(AA11="NA","")))),IF(AND(ISBLANK(AA11),ISBLANK(AC11)),"",IF(AA11<0.4*AA$10,"F",IF(ISBLANK(AC11),"",IF(ISTEXT(AC11),AC11,IF(AC11>=0.9*AC$10,"O",IF(AC11>=0.85*AC$10,"A+",IF(AC11>=0.8*AC$10,"A",IF(AC11>=0.7*AC$10,"B",IF(AC11>=0.6*AC$10,"C",IF(AC11>=0.5*AC$10,"P",IF(AC11<0.5*AC$10,"F",AC11)))))))))))) -> A | AE11: 42 | AF11: =SUM(AE11) -> 42 | AG11: =IF(ISBLANK(AF11),"",IF(ISTEXT(AF11),AF11,IF(AF11>=0.9*AF$10,"O",IF(AF11>=0.85*AF$10,"A+",IF(AF11>=0.8*AF$10,"A",IF(AF11>=0.7*AF$10,"B",IF(AF11>=0.6*AF$10,"C",IF(AF11>=0.5*AF$10,"P",IF(AF11<0.5*AF$10,"F",AF11))))))))) -> A | AH11: 22 | AI11: 23 | AJ11: =SUM(AH11:AI11) -> 45 | AK11: =IF(ISTEXT(AH11),IF(AH11="A","Ab",IF(AH11="D","Dt",IF(AH11="UFM","UFM",IF(AH11="NA","")))),IF(AND(ISBLANK(AH11),ISBLANK(AJ11)),"",IF(AH11<0.4*AH$10,"F",IF(ISBLANK(AJ11),"",IF(ISTEXT(AJ11),AJ11,IF(AJ11>=0.9*AJ$10,"O",IF(AJ11>=0.85*AJ$10,"A+",IF(AJ11>=0.8*AJ$10,"A",IF(AJ11>=0.7*AJ$10,"B",IF(AJ11>=0.6*AJ$10,"C",IF(AJ11>=0.5*AJ$10,"P",IF(AJ11<0.5*AJ$10,"F",AJ11)))))))))))) -> O | AL11: 22 | AM11: 23 | AN11: =SUM(AL11:AM11) -> 45 | AO11: =IF(ISTEXT(AL11),IF(AL11="A","Ab",IF(AL11="D","Dt",IF(AL11="UFM","UFM",IF(AL11="NA","")))),IF(AND(ISBLANK(AL11),ISBLANK(AN11)),"",IF(AL11<0.4*AL$10,"F",IF(ISBLANK(AN11),"",IF(ISTEXT(AN11),AN11,IF(AN11>=0.9*AN$10,"O",IF(AN11>=0.85*AN$10,"A+",IF(AN11>=0.8*AN$10,"A",IF(AN11>=0.7*AN$10,"B",IF(AN11>=0.6*AN$10,"C",IF(AN11>=0.5*AN$10,"P",IF(AN11<0.5*AN$10,"F",AN11)))))))))))) -> O | AP11: =SUM(AN11,AJ11,AC11,Y11,U11,Q11,M11,I11) -> 669 | AQ11: =BJ11/$AP$8 -> 6.6818182 | AR11: =AQ11 -> 6.6818182 | AS11: =SUMIF(BA11:BI11,">0",$BA$10:$BI$10) -> 22 | AT11: =IF(OR(J11=$AX$19,N11=$AX$19,R11=$AX$19, V11=$AX$19, Z11=$AX$19, AD11=$AX$19, AG11=$AX$19, AK11=$AX$19, AO11=$AX$19), "CARRY OVER", "PASS") -> PASS | AU11: =IF(AT11="CARRY OVER",_xlfn.TEXTJOIN(" ", TRUE, "BACK IN:", IF(J11=$AX$19, $G$5, ""), IF(N11=$AX$19, $K$5, ""),IF(R11=$AX$19, $O$5, ""),IF(V11=$AX$19, $S$5, ""),IF(Z11=$AX$19, $W$5, ""), IF(AD11=$AX$19, $AA$5, ""),IF(AG11=$AX$19, $AE$5, ""),IF(AK11=$AX$19, $AH$5, ""),IF(AO11=$AX$19, $AL$5, "")), " ") | AV11: =AS11 -> 22 | BA11: =INDEX($AY$13:$AY$23,MATCH(INDIRECT(ADDRESS(ROW($J11),COLUMN($J11)+(COLUMN(J11)-10)*4,1)),$AX$13:$AX$23,0)) -> 7 | BB11: =INDEX($AY$13:$AY$23,MATCH(INDIRECT(ADDRESS(ROW($J11),COLUMN($J11)+(COLUMN(K11)-10)*4,1)),$AX$13:$AX$23,0)) -> 6 | BC11: =INDEX($AY$13:$AY$23,MATCH(INDIRECT(ADDRESS(ROW($J11),COLUMN($J11)+(COLUMN(L11)-10)*4,1)),$AX$13:$AX$23,0)) -> 5 | BD11: =INDEX($AY$13:$AY$23,MATCH(INDIRECT(ADDRESS(ROW($J11),COLUMN($J11)+(COLUMN(M11)-10)*4,1)),$AX$13:$AX$23,0)) -> 6 | BE11: =INDEX($AY$13:$AY$23,MATCH(INDIRECT(ADDRESS(ROW($J11),COLUMN($J11)+(COLUMN(N11)-10)*4,1)),$AX$13:$AX$23,0)) -> 7 | BF11: =INDEX($AY$13:$AY$23,MATCH(INDIRECT(ADDRESS(ROW($J11),COLUMN($J11)+(COLUMN(O11)-10)*4,1)),$AX$13:$AX$23,0)) -> 8 | BG11: =INDEX($AY$13:$AY$23,MATCH(INDIRECT(ADDRESS(ROW($J11),COLUMN($J11)+(COLUMN(P11)-10)*4-1,1)),$AX$13:$AX$23,0)) -> 8 | BH11: =INDEX($AY$13:$AY$23,MATCH(INDIRECT(ADDRESS(ROW($J11),COLUMN($J11)+(COLUMN(Q11)-10)*4-1,1)),$AX$13:$AX$23,0)) -> 10 | BI11: =INDEX($AY$13:$AY$23,MATCH(INDIRECT(ADDRESS(ROW($J11),COLUMN($J11)+(COLUMN(R11)-10)*4-1,1)),$AX$13:$AX$23,0)) -> 10 | BJ11: =SUMPRODUCT(BA11:BI11,$BA$10:$BI$10) -> 147
A12: 2 | B12: 250090713002 | C12: PUTU/2507100033 | D12: 255602 | E12: Prajjwal | F12: Hardev Singh | G12: 42 | H12: 47 | I12: =SUM(G12:H12) -> 89 | J12: =IF(ISTEXT(G12),IF(G12="A","Ab",IF(G12="D","Dt",IF(G12="UFM","UFM",IF(G12="NA","")))),IF(AND(ISBLANK(G12),ISBLANK(I12)),"",IF(G12<0.4*G$10,"F",IF(ISBLANK(I12),"",IF(ISTEXT(I12),I12,IF(I12>=0.9*I$10,"O",IF(I12>=0.85*I$10,"A+",IF(I12>=0.8*I$10,"A",IF(I12>=0.7*I$10,"B",IF(I12>=0.6*I$10,"C",IF(I12>=0.5*I$10,"P",IF(I12<0.5*I$10,"F",I12)))))))))))) -> P | K12: 47 | L12: 41 | M12: =SUM(K12:L12) -> 88 | N12: =IF(ISTEXT(K12),IF(K12="A","Ab",IF(K12="D","Dt",IF(K12="UFM","UFM",IF(K12="NA","")))),IF(AND(ISBLANK(K12),ISBLANK(M12)),"",IF(K12<0.4*K$10,"F",IF(ISBLANK(M12),"",IF(ISTEXT(M12),M12,IF(M12>=0.9*M$10,"O",IF(M12>=0.85*M$10,"A+",IF(M12>=0.8*M$10,"A",IF(M12>=0.7*M$10,"B",IF(M12>=0.6*M$10,"C",IF(M12>=0.5*M$10,"P",IF(M12<0.5*M$10,"F",M12)))))))))))) -> P | O12: 48 | P12: 45 | Q12: =SUM(O12:P12) -> 93 | R12: =IF(ISTEXT(O12),IF(O12="A","Ab",IF(O12="D","Dt",IF(O12="UFM","UFM",IF(O12="NA","")))),IF(AND(ISBLANK(O12),ISBLANK(Q12)),"",IF(O12<0.4*O$10,"F",IF(ISBLANK(Q12),"",IF(ISTEXT(Q12),Q12,IF(Q12>=0.9*Q$10,"O",IF(Q12>=0.85*Q$10,"A+",IF(Q12>=0.8*Q$10,"A",IF(Q12>=0.7*Q$10,"B",IF(Q12>=0.6*Q$10,"C",IF(Q12>=0.5*Q$10,"P",IF(Q12<0.5*Q$10,"F",Q12)))))))))))) -> C | S12: 38 | T12: 40 | U12: =SUM(S12:T12) -> 78 | V12: =IF(ISTEXT(S12),IF(S12="A","Ab",IF(S12="D","Dt",IF(S12="UFM","UFM",IF(S12="NA","")))),IF(AND(ISBLANK(S12),ISBLANK(U12)),"",IF(S12<0.4*S$10,"F",IF(ISBLANK(U12),"",IF(ISTEXT(U12),U12,IF(U12>=0.9*U$10,"O",IF(U12>=0.85*U$10,"A+",IF(U12>=0.8*U$10,"A",IF(U12>=0.7*U$10,"B",IF(U12>=0.6*U$10,"C",IF(U12>=0.5*U$10,"P",IF(U12<0.5*U$10,"F",U12)))))))))))) -> F | W12: 77 | X12: 42 | Y12: =SUM(W12:X12) -> 119 | Z12: =IF(ISTEXT(W12),IF(W12="A","Ab",IF(W12="D","Dt",IF(W12="UFM","UFM",IF(W12="NA","")))),IF(AND(ISBLANK(W12),ISBLANK(Y12)),"",IF(W12<0.4*W$10,"F",IF(ISBLANK(Y12),"",IF(ISTEXT(Y12),Y12,IF(Y12>=0.9*Y$10,"O",IF(Y12>=0.85*Y$10,"A+",IF(Y12>=0.8*Y$10,"A",IF(Y12>=0.7*Y$10,"B",IF(Y12>=0.6*Y$10,"C",IF(Y12>=0.5*Y$10,"P",IF(Y12<0.5*Y$10,"F",Y12)))))))))))) -> B | AA12: 31 | AB12: 49 | AC12: =SUM(AA12:AB12) -> 80 | AD12: =IF(ISTEXT(AA12),IF(AA12="A","Ab",IF(AA12="D","Dt",IF(AA12="UFM","UFM",IF(AA12="NA","")))),IF(AND(ISBLANK(AA12),ISBLANK(AC12)),"",IF(AA12<0.4*AA$10,"F",IF(ISBLANK(AC12),"",IF(ISTEXT(AC12),AC12,IF(AC12>=0.9*AC$10,"O",IF(AC12>=0.85*AC$10,"A+",IF(AC12>=0.8*AC$10,"A",IF(AC12>=0.7*AC$10,"B",IF(AC12>=0.6*AC$10,"C",IF(AC12>=0.5*AC$10,"P",IF(AC12<0.5*AC$10,"F",AC12)))))))))))) -> A | AE12: 34 | AF12: =SUM(AE12) -> 34 | AG12: =IF(ISBLANK(AF12),"",IF(ISTEXT(AF12),AF12,IF(AF12>=0.9*AF$10,"O",IF(AF12>=0.85*AF$10,"A+",IF(AF12>=0.8*AF$10,"A",IF(AF12>=0.7*AF$10,"B",IF(AF12>=0.6*AF$10,"C",IF(AF12>=0.5*AF$10,"P",IF(AF12<0.5*AF$10,"F",AF12))))))))) -> C | AH12: 21 | AI12: 23 | AJ12: =SUM(AH12:AI12) -> 44 | AK12: =IF(ISTEXT(AH12),IF(AH12="A","Ab",IF(AH12="D","Dt",IF(AH12="UFM","UFM",IF(AH12="NA","")))),IF(AND(ISBLANK(AH12),ISBLANK(AJ12)),"",IF(AH12<0.4*AH$10,"F",IF(ISBLANK(AJ12),"",IF(ISTEXT(AJ12),AJ12,IF(AJ12>=0.9*AJ$10,"O",IF(AJ12>=0.85*AJ$10,"A+",IF(AJ12>=0.8*AJ$10,"A",IF(AJ12>=0.7*AJ$10,"B",IF(AJ12>=0.6*AJ$10,"C",IF(AJ12>=0.5*AJ$10,"P",IF(AJ12<0.5*AJ$10,"F",AJ12)))))))))))) -> A+ | AL12: 23 | AM12: 23 | AN12: =SUM(AL12:AM12) -> 46 | AO12: =IF(ISTEXT(AL12),IF(AL12="A","Ab",IF(AL12="D","Dt",IF(AL12="UFM","UFM",IF(AL12="NA","")))),IF(AND(ISBLANK(AL12),ISBLANK(AN12)),"",IF(AL12<0.4*AL$10,"F",IF(ISBLANK(AN12),"",IF(ISTEXT(AN12),AN12,IF(AN12>=0.9*AN$10,"O",IF(AN12>=0.85*AN$10,"A+",IF(AN12>=0.8*AN$10,"A",IF(AN12>=0.7*AN$10,"B",IF(AN12>=0.6*AN$10,"C",IF(AN12>=0.5*AN$10,"P",IF(AN12<0.5*AN$10,"F",AN12)))))))))))) -> O | AP12: =SUM(AN12,AJ12,AC12,Y12,U12,Q12,M12,I12) -> 637 | AQ12: =BJ12/$AP$8 -> 5.4545455 | AR12: =AQ12 -> 5.4545455 | AS12: =SUMIF(BA12:BI12,">0",$BA$10:$BI$10) -> 19 | AT12: =IF(OR(J12=$AX$19,N12=$AX$19,R12=$AX$19, V12=$AX$19, Z12=$AX$19, AD12=$AX$19, AG12=$AX$19, AK12=$AX$19, AO12=$AX$19), "CARRY OVER", "PASS") -> CARRY OVER | AU12: =IF(AT12="CARRY OVER",_xlfn.TEXTJOIN(" ", TRUE, "BACK IN:", IF(J12=$AX$19, $G$5, ""), IF(N12=$AX$19, $K$5, ""),IF(R12=$AX$19, $O$5, ""),IF(V12=$AX$19, $S$5, ""),IF(Z12=$AX$19, $W$5, ""), IF(AD12=$AX$19, $AA$5, ""),IF(AG12=$AX$19, $AE$5, ""),IF(AK12=$AX$19, $AH$5, ""),IF(AO12=$AX$19, $AL$5, "")), " ") -> BACK IN: MPST 111 | AV12: =AS12 -> 19 | AX12: Grade | AY12: Grade Point | BA12: =INDEX($AY$13:$AY$23,MATCH(INDIRECT(ADDRESS(ROW($J12),COLUMN($J12)+(COLUMN(J12)-10)*4,1)),$AX$13:$AX$23,0)) -> 5 | BB12: =INDEX($AY$13:$AY$23,MATCH(INDIRECT(ADDRESS(ROW($J12),COLUMN($J12)+(COLUMN(K12)-10)*4,1)),$AX$13:$AX$23,0)) -> 5 | BC12: =INDEX($AY$13:$AY$23,MATCH(INDIRECT(ADDRESS(ROW($J12),COLUMN($J12)+(COLUMN(L12)-10)*4,1)),$AX$13:$AX$23,0)) -> 6 | BD12: =INDEX($AY$13:$AY$23,MATCH(INDIRECT(ADDRESS(ROW($J12),COLUMN($J12)+(COLUMN(M12)-10)*4,1)),$AX$13:$AX$23,0)) -> 0 | BE12: =INDEX($AY$13:$AY$23,MATCH(INDIRECT(ADDRESS(ROW($J12),COLUMN($J12)+(COLUMN(N12)-10)*4,1)),$AX$13:$AX$23,0)) -> 7 | BF12: =INDEX($AY$13:$AY$23,MATCH(INDIRECT(ADDRESS(ROW($J12),COLUMN($J12)+(COLUMN(O12)-10)*4,1)),$AX$13:$AX$23,0)) -> 8 | BG12: =INDEX($AY$13:$AY$23,MATCH(INDIRECT(ADDRESS(ROW($J12),COLUMN($J12)+(COLUMN(P12)-10)*4-1,1)),$AX$13:$AX$23,0)) -> 6 | BH12: =INDEX($AY$13:$AY$23,MATCH(INDIRECT(ADDRESS(ROW($J12),COLUMN($J12)+(COLUMN(Q12)-10)*4-1,1)),$AX$13:$AX$23,0)) -> 9 | BI12: =INDEX($AY$13:$AY$23,MATCH(INDIRECT(ADDRESS(ROW($J12),COLUMN($J12)+(COLUMN(R12)-10)*4-1,1)),$AX$13:$AX$23,0)) -> 10 | BJ12: =SUMPRODUCT(BA12:BI12,$BA$10:$BI$10) -> 120
AX13: O | AY13: 10
AX14: A+ | AY14: 9
AX15: A | AY15: 8
AX16: B | AY16: 7
AX17: C | AY17: 6
AX18: P | AY18: 5
AX19: F | AY19: 0
AX20: Ab | AY20: 0
AX21: UFM | AY21: 0
AX22: Dt | AY22: 0
AX23: ="" | AY23: =""

Sheet BT
A1: UTTARAKHAND TECHNICAL UNIVERSITY, DEHRADUN
A2: G.B. PANT INSTITUTE OF ENGINEERING & TECHNOLOGY, PAURI GARHWAL
A3: TABULATION CHART FOR M.TECH. ( BIOTECHNOLOGY) FIRST YEAR ( I SEMESTER) EXAMINATION DECEMBER 2025
B4: Roll No. | C4: Enrollment No. | D4: Institute ID | E4: Student Name | F4: Father Name | G4: Subject and Subject Code | AQ4: GRAND TOTAL | AR4: SGPA | AS4: CGPA | AT4: Credits Earned | AU4: Result | AV4: Remarks | AW4: Cumilative Earned Credits I
A5: SC | G5: BTT 301 | K5: BTT 302 | O5: BTT 303 | S5: BTT 306 | W5: BTT 311 | AA5: AHT 302 | AE5: AHT 304 | AI5: BTP 301 | AM5: BTP 302
A6: SN | G6: Advanced Biostatistics | K6: Applied Biochemistry | O6: Microbial Biotechnology | S6: Bioprocess Engineering | W6: Herbal Biotechnology | AA6: Research Methodology and IPR | AE6: English for Research Writing ($) | AI6: Biochemistry and Bioanalytical Techniques Lab ( Lab-I) | AM6: Microbial Biotechnology/ Bioprocess Engg. Lab (Lab-II )
G7: Credits
A8: C | G8: 4 | J8: Grade | K8: 4 | N8: Grade | O8: 4 | R8: Grade | S8: 3 | V8: Grade | W8: 3 | Z8: Grade | AA8: 2 | AD8: Grade | AE8: 0 | AH8: Grade | AI8: 1 | AL8: Grade | AM8: 1 | AP8: Grade | AQ8: =SUM(AM8,AI8,AE8,AA8,W8,S8,O8,K8,G8) -> 22
G9: Th. Ex. | H9: Ses. | I9: Total | K9: Th. Ex. | L9: Ses. | M9: Total | O9: Th. Ex. | P9: Ses. | Q9: Total | S9: Th. Ex. | T9: Ses. | U9: Total | W9: Th. Ex. | X9: Ses. | Y9: Total | AA9: Th. Ex. | AB9: Ses. | AC9: Total | AE9: Th. Ex. | AF9: Ses. | AG9: Total | AI9: Pr. Ex. | AJ9: Ses. | AK9: Total | AM9: Pr. Ex. | AN9: Ses. | AO9: Total | AQ9: =SUM(AO10,AK10,AC10,Y10,U10,Q10,M10,I10) -> 950 | BB9: Grade Point Summary | BK9: TGP I
A10: M.M. | G10: 100 | H10: 50 | I10: 150 | K10: 100 | L10: 50 | M10: 150 | O10: 100 | P10: 50 | Q10: 150 | S10: 100 | T10: 50 | U10: 150 | W10: 100 | X10: 50 | Y10: 150 | AA10: 50 | AB10: 50 | AC10: 100 | AE10: 100 | AF10: 50 | AG10: 150 | AI10: 25 | AJ10: 25 | AK10: 50 | AM10: 25 | AN10: 25 | AO10: 50 | BB10: =OFFSET($G$8,0,(COLUMN(G8)-7)*4) -> 4 | BC10: =OFFSET($G$8,0,(COLUMN(H8)-7)*4) -> 4 | BD10: =OFFSET($G$8,0,(COLUMN(I8)-7)*4) -> 4 | BE10: =OFFSET($G$8,0,(COLUMN(J8)-7)*4) -> 3 | BF10: =OFFSET($G$8,0,(COLUMN(K8)-7)*4) -> 3 | BG10: =OFFSET($G$8,0,(COLUMN(L8)-7)*4) -> 2 | BH10: =OFFSET($G$8,0,(COLUMN(M8)-7)*4) -> 0 | BI10: =OFFSET($G$8,0,(COLUMN(N8)-7)*4) -> 1 | BJ10: =OFFSET($G$8,0,(COLUMN(O8)-7)*4) -> 1
A11: 1 | B11: 250090703001 | C11: UTU/2507100053 | D11: 255201 | E11: Mayank Negi | F11: Narendra Singh Negi | G11: 50 | H11: 38 | I11: =SUM(G11:H11) -> 88 | J11: =IF(ISTEXT(G11),IF(G11="A","Ab",IF(G11="D","Dt",IF(G11="UFM","UFM",IF(G11="NA","")))),IF(AND(ISBLANK(G11),ISBLANK(I11)),"",IF(G11<0.4*G$10,"F",IF(ISBLANK(I11),"",IF(ISTEXT(I11),I11,IF(I11>=0.9*I$10,"O",IF(I11>=0.85*I$10,"A+",IF(I11>=0.8*I$10,"A",IF(I11>=0.7*I$10,"B",IF(I11>=0.6*I$10,"C",IF(I11>=0.5*I$10,"P",IF(I11<0.5*I$10,"F",I11)))))))))))) -> P | K11: 71 | L11: 43 | M11: =SUM(K11:L11) -> 114 | N11: =IF(ISTEXT(K11),IF(K11="A","Ab",IF(K11="D","Dt",IF(K11="UFM","UFM",IF(K11="NA","")))),IF(AND(ISBLANK(K11),ISBLANK(M11)),"",IF(K11<0.4*K$10,"F",IF(ISBLANK(M11),"",IF(ISTEXT(M11),M11,IF(M11>=0.9*M$10,"O",IF(M11>=0.85*M$10,"A+",IF(M11>=0.8*M$10,"A",IF(M11>=0.7*M$10,"B",IF(M11>=0.6*M$10,"C",IF(M11>=0.5*M$10,"P",IF(M11<0.5*M$10,"F",M11)))))))))))) -> B | O11: 60 | P11: 41 | Q11: =SUM(O11:P11) -> 101 | R11: =IF(ISTEXT(O11),IF(O11="A","Ab",IF(O11="D","Dt",IF(O11="UFM","UFM",IF(O11="NA","")))),IF(AND(ISBLANK(O11),ISBLANK(Q11)),"",IF(O11<0.4*O$10,"F",IF(ISBLANK(Q11),"",IF(ISTEXT(Q11),Q11,IF(Q11>=0.9*Q$10,"O",IF(Q11>=0.85*Q$10,"A+",IF(Q11>=0.8*Q$10,"A",IF(Q11>=0.7*Q$10,"B",IF(Q11>=0.6*Q$10,"C",IF(Q11>=0.5*Q$10,"P",IF(Q11<0.5*Q$10,"F",Q11)))))))))))) -> C | S11: 66 | T11: 34 | U11: =SUM(S11:T11) -> 100 | V11: =IF(ISTEXT(S11),IF(S11="A","Ab",IF(S11="D","Dt",IF(S11="UFM","UFM",IF(S11="NA","")))),IF(AND(ISBLANK(S11),ISBLANK(U11)),"",IF(S11<0.4*S$10,"F",IF(ISBLANK(U11),"",IF(ISTEXT(U11),U11,IF(U11>=0.9*U$10,"O",IF(U11>=0.85*U$10,"A+",IF(U11>=0.8*U$10,"A",IF(U11>=0.7*U$10,"B",IF(U11>=0.6*U$10,"C",IF(U11>=0.5*U$10,"P",IF(U11<0.5*U$10,"F",U11)))))))))))) -> C | W11: 77 | X11: 42 | Y11: =SUM(W11:X11) -> 119 | Z11: =IF(ISTEXT(W11),IF(W11="A","Ab",IF(W11="D","Dt",IF(W11="UFM","UFM",IF(W11="NA","")))),IF(AND(ISBLANK(W11),ISBLANK(Y11)),"",IF(W11<0.4*W$10,"F",IF(ISBLANK(Y11),"",IF(ISTEXT(Y11),Y11,IF(Y11>=0.9*Y$10,"O",IF(Y11>=0.85*Y$10,"A+",IF(Y11>=0.8*Y$10,"A",IF(Y11>=0.7*Y$10,"B",IF(Y11>=0.6*Y$10,"C",IF(Y11>=0.5*Y$10,"P",IF(Y11<0.5*Y$10,"F",Y11)))))))))))) -> B | AA11: 42 | AB11: 47 | AC11: =SUM(AA11:AB11) -> 89 | AD11: =IF(ISTEXT(AA11),IF(AA11="A","Ab",IF(AA11="D","Dt",IF(AA11="UFM","UFM",IF(AA11="NA","")))),IF(AND(ISBLANK(AA11),ISBLANK(AC11)),"",IF(AA11<0.4*AA$10,"F",IF(ISBLANK(AC11),"",IF(ISTEXT(AC11),AC11,IF(AC11>=0.9*AC$10,"O",IF(AC11>=0.85*AC$10,"A+",IF(AC11>=0.8*AC$10,"A",IF(AC11>=0.7*AC$10,"B",IF(AC11>=0.6*AC$10,"C",IF(AC11>=0.5*AC$10,"P",IF(AC11<0.5*AC$10,"F",AC11)))))))))))) -> A+ | AE11: 69 | AF11: 38 | AG11: =SUM(AE11:AF11) -> 107 | AH11: =IF(ISBLANK(AG11),"",IF(ISTEXT(AG11),AG11,IF(AG11>=0.9*AG$10,"O",IF(AG11>=0.85*AG$10,"A+",IF(AG11>=0.8*AG$10,"A",IF(AG11>=0.7*AG$10,"B",IF(AG11>=0.6*AG$10,"C",IF(AG11>=0.5*AG$10,"P",IF(AG11<0.5*AG$10,"F",AG11))))))))) -> B | AI11: 22 | AJ11: 22 | AK11: =SUM(AI11:AJ11) -> 44 | AL11: =IF(ISTEXT(AI11),IF(AI11="A","Ab",IF(AI11="D","Dt",IF(AI11="UFM","UFM",IF(AI11="NA","")))),IF(AND(ISBLANK(AI11),ISBLANK(AK11)),"",IF(AI11<0.4*AI$10,"F",IF(ISBLANK(AK11),"",IF(ISTEXT(AK11),AK11,IF(AK11>=0.9*AK$10,"O",IF(AK11>=0.85*AK$10,"A+",IF(AK11>=0.8*AK$10,"A",IF(AK11>=0.7*AK$10,"B",IF(AK11>=0.6*AK$10,"C",IF(AK11>=0.5*AK$10,"P",IF(AK11<0.5*AK$10,"F",AK11)))))))))))) -> A+ | AM11: 21 | AN11: 19 | AO11: =SUM(AM11:AN11) -> 40 | AP11: =IF(ISTEXT(AM11),IF(AM11="A","Ab",IF(AM11="D","Dt",IF(AM11="UFM","UFM",IF(AM11="NA","")))),IF(AND(ISBLANK(AM11),ISBLANK(AO11)),"",IF(AM11<0.4*AM$10,"F",IF(ISBLANK(AO11),"",IF(ISTEXT(AO11),AO11,IF(AO11>=0.9*AO$10,"O",IF(AO11>=0.85*AO$10,"A+",IF(AO11>=0.8*AO$10,"A",IF(AO11>=0.7*AO$10,"B",IF(AO11>=0.6*AO$10,"C",IF(AO11>=0.5*AO$10,"P",IF(AO11<0.5*AO$10,"F",AO11)))))))))))) -> A | AQ11: =SUM(AO11,AK11,AC11,Y11,U11,Q11,M11,I11) -> 695 | AR11: =BK11/$AQ$8 -> 6.6363636 | AS11: =AR11 -> 6.6363636 | AT11: =SUMIF(BB11:BJ11,">0",$BB$10:$BJ$10) -> 22 | AU11: =IF(OR(J11=$AY$19,N11=$AY$19,R11=$AY$19, V11=$AY$19, Z11=$AY$19, AD11=$AY$19, AH11=$AY$19, AL11=$AY$19, AP11=$AY$19), "CARRY OVER", "PASS") -> PASS | AV11: =IF(AU11="CARRY OVER",_xlfn.TEXTJOIN(" ", TRUE, "BACK IN:", IF(J11=$AY$19, $G$5, ""), IF(N11=$AY$19, $K$5, ""),IF(R11=$AY$19, $O$5, ""),IF(V11=$AY$19, $S$5, ""),IF(Z11=$AY$19, $W$5, ""), IF(AD11=$AY$19, $AA$5, ""),IF(AH11=$AY$19, $AE$5, ""),IF(AL11=$AY$19, $AI$5, ""),IF(AP11=$AY$19, $AM$5, "")), " ") | AW11: =AT11 -> 22 | BB11: =INDEX($AZ$13:$AZ$23,MATCH(INDIRECT(ADDRESS(ROW($J11),COLUMN($J11)+(COLUMN(J11)-10)*4,1)),$AY$13:$AY$23,0)) -> 5 | BC11: =INDEX($AZ$13:$AZ$23,MATCH(INDIRECT(ADDRESS(ROW($J11),COLUMN($J11)+(COLUMN(K11)-10)*4,1)),$AY$13:$AY$23,0)) -> 7 | BD11: =INDEX($AZ$13:$AZ$23,MATCH(INDIRECT(ADDRESS(ROW($J11),COLUMN($J11)+(COLUMN(L11)-10)*4,1)),$AY$13:$AY$23,0)) -> 6 | BE11: =INDEX($AZ$13:$AZ$23,MATCH(INDIRECT(ADDRESS(ROW($J11),COLUMN($J11)+(COLUMN(M11)-10)*4,1)),$AY$13:$AY$23,0)) -> 6 | BF11: =INDEX($AZ$13:$AZ$23,MATCH(INDIRECT(ADDRESS(ROW($J11),COLUMN($J11)+(COLUMN(N11)-10)*4,1)),$AY$13:$AY$23,0)) -> 7 | BG11: =INDEX($AZ$13:$AZ$23,MATCH(INDIRECT(ADDRESS(ROW($J11),COLUMN($J11)+(COLUMN(O11)-10)*4,1)),$AY$13:$AY$23,0)) -> 9 | BH11: =INDEX($AZ$13:$AZ$23,MATCH(INDIRECT(ADDRESS(ROW($J11),COLUMN($J11)+(COLUMN(P11)-10)*4,1)),$AY$13:$AY$23,0)) -> 7 | BI11: =INDEX($AZ$13:$AZ$23,MATCH(INDIRECT(ADDRESS(ROW($J11),COLUMN($J11)+(COLUMN(Q11)-10)*4,1)),$AY$13:$AY$23,0)) -> 9 | BJ11: =INDEX($AZ$13:$AZ$23,MATCH(INDIRECT(ADDRESS(ROW($J11),COLUMN($J11)+(COLUMN(R11)-10)*4,1)),$AY$13:$AY$23,0)) -> 8 | BK11: =SUMPRODUCT(BB11:BJ11,$BB$10:$BJ$10) -> 146
A12: 2 | B12: 250090703002 | C12: UTU/2507100025 | D12: 255202 | E12: Prabhav Singh | F12: Jaspal Singh | G12: 40 | H12: 36 | I12: =SUM(G12:H12) -> 76 | J12: =IF(ISTEXT(G12),IF(G12="A","Ab",IF(G12="D","Dt",IF(G12="UFM","UFM",IF(G12="NA","")))),IF(AND(ISBLANK(G12),ISBLANK(I12)),"",IF(G12<0.4*G$10,"F",IF(ISBLANK(I12),"",IF(ISTEXT(I12),I12,IF(I12>=0.9*I$10,"O",IF(I12>=0.85*I$10,"A+",IF(I12>=0.8*I$10,"A",IF(I12>=0.7*I$10,"B",IF(I12>=0.6*I$10,"C",IF(I12>=0.5*I$10,"P",IF(I12<0.5*I$10,"F",I12)))))))))))) -> P | K12: 71 | L12: 37 | M12: =SUM(K12:L12) -> 108 | N12: =IF(ISTEXT(K12),IF(K12="A","Ab",IF(K12="D","Dt",IF(K12="UFM","UFM",IF(K12="NA","")))),IF(AND(ISBLANK(K12),ISBLANK(M12)),"",IF(K12<0.4*K$10,"F",IF(ISBLANK(M12),"",IF(ISTEXT(M12),M12,IF(M12>=0.9*M$10,"O",IF(M12>=0.85*M$10,"A+",IF(M12>=0.8*M$10,"A",IF(M12>=0.7*M$10,"B",IF(M12>=0.6*M$10,"C",IF(M12>=0.5*M$10,"P",IF(M12<0.5*M$10,"F",M12)))))))))))) -> B | O12: 43 | P12: 32 | Q12: =SUM(O12:P12) -> 75 | R12: =IF(ISTEXT(O12),IF(O12="A","Ab",IF(O12="D","Dt",IF(O12="UFM","UFM",IF(O12="NA","")))),IF(AND(ISBLANK(O12),ISBLANK(Q12)),"",IF(O12<0.4*O$10,"F",IF(ISBLANK(Q12),"",IF(ISTEXT(Q12),Q12,IF(Q12>=0.9*Q$10,"O",IF(Q12>=0.85*Q$10,"A+",IF(Q12>=0.8*Q$10,"A",IF(Q12>=0.7*Q$10,"B",IF(Q12>=0.6*Q$10,"C",IF(Q12>=0.5*Q$10,"P",IF(Q12<0.5*Q$10,"F",Q12)))))))))))) -> P | S12: 46 | T12: 36 | U12: =SUM(S12:T12) -> 82 | V12: =IF(ISTEXT(S12),IF(S12="A","Ab",IF(S12="D","Dt",IF(S12="UFM","UFM",IF(S12="NA","")))),IF(AND(ISBLANK(S12),ISBLANK(U12)),"",IF(S12<0.4*S$10,"F",IF(ISBLANK(U12),"",IF(ISTEXT(U12),U12,IF(U12>=0.9*U$10,"O",IF(U12>=0.85*U$10,"A+",IF(U12>=0.8*U$10,"A",IF(U12>=0.7*U$10,"B",IF(U12>=0.6*U$10,"C",IF(U12>=0.5*U$10,"P",IF(U12<0.5*U$10,"F",U12)))))))))))) -> P | W12: 77 | X12: 42 | Y12: =SUM(W12:X12) -> 119 | Z12: =IF(ISTEXT(W12),IF(W12="A","Ab",IF(W12="D","Dt",IF(W12="UFM","UFM",IF(W12="NA","")))),IF(AND(ISBLANK(W12),ISBLANK(Y12)),"",IF(W12<0.4*W$10,"F",IF(ISBLANK(Y12),"",IF(ISTEXT(Y12),Y12,IF(Y12>=0.9*Y$10,"O",IF(Y12>=0.85*Y$10,"A+",IF(Y12>=0.8*Y$10,"A",IF(Y12>=0.7*Y$10,"B",IF(Y12>=0.6*Y$10,"C",IF(Y12>=0.5*Y$10,"P",IF(Y12<0.5*Y$10,"F",Y12)))))))))))) -> B | AA12: 39 | AB12: 45 | AC12: =SUM(AA12:AB12) -> 84 | AD12: =IF(ISTEXT(AA12),IF(AA12="A","Ab",IF(AA12="D","Dt",IF(AA12="UFM","UFM",IF(AA12="NA","")))),IF(AND(ISBLANK(AA12),ISBLANK(AC12)),"",IF(AA12<0.4*AA$10,"F",IF(ISBLANK(AC12),"",IF(ISTEXT(AC12),AC12,IF(AC12>=0.9*AC$10,"O",IF(AC12>=0.85*AC$10,"A+",IF(AC12>=0.8*AC$10,"A",IF(AC12>=0.7*AC$10,"B",IF(AC12>=0.6*AC$10,"C",IF(AC12>=0.5*AC$10,"P",IF(AC12<0.5*AC$10,"F",AC12)))))))))))) -> A | AE12: 63 | AF12: 39 | AG12: =SUM(AE12:AF12) -> 102 | AH12: =IF(ISBLANK(AG12),"",IF(ISTEXT(AG12),AG12,IF(AG12>=0.9*AG$10,"O",IF(AG12>=0.85*AG$10,"A+",IF(AG12>=0.8*AG$10,"A",IF(AG12>=0.7*AG$10,"B",IF(AG12>=0.6*AG$10,"C",IF(AG12>=0.5*AG$10,"P",IF(AG12<0.5*AG$10,"F",AG12))))))))) -> C | AI12: 23 | AJ12: 21 | AK12: =SUM(AI12:AJ12) -> 44 | AL12: =IF(ISTEXT(AI12),IF(AI12="A","Ab",IF(AI12="D","Dt",IF(AI12="UFM","UFM",IF(AI12="NA","")))),IF(AND(ISBLANK(AI12),ISBLANK(AK12)),"",IF(AI12<0.4*AI$10,"F",IF(ISBLANK(AK12),"",IF(ISTEXT(AK12),AK12,IF(AK12>=0.9*AK$10,"O",IF(AK12>=0.85*AK$10,"A+",IF(AK12>=0.8*AK$10,"A",IF(AK12>=0.7*AK$10,"B",IF(AK12>=0.6*AK$10,"C",IF(AK12>=0.5*AK$10,"P",IF(AK12<0.5*AK$10,"F",AK12)))))))))))) -> A+ | AM12: 19 | AN12: 16 | AO12: =SUM(AM12:AN12) -> 35 | AP12: =IF(ISTEXT(AM12),IF(AM12="A","Ab",IF(AM12="D","Dt",IF(AM12="UFM","UFM",IF(AM12="NA","")))),IF(AND(ISBLANK(AM12),ISBLANK(AO12)),"",IF(AM12<0.4*AM$10,"F",IF(ISBLANK(AO12),"",IF(ISTEXT(AO12),AO12,IF(AO12>=0.9*AO$10,"O",IF(AO12>=0.85*AO$10,"A+",IF(AO12>=0.8*AO$10,"A",IF(AO12>=0.7*AO$10,"B",IF(AO12>=0.6*AO$10,"C",IF(AO12>=0.5*AO$10,"P",IF(AO12<0.5*AO$10,"F",AO12)))))))))))) -> B | AQ12: =SUM(AO12,AK12,AC12,Y12,U12,Q12,M12,I12) -> 623 | AR12: =BK12/$AQ$8 -> 6.1818182 | AS12: =AR12 -> 6.1818182 | AT12: =SUMIF(BB12:BJ12,">0",$BB$10:$BJ$10) -> 22 | AU12: =IF(OR(J12=$AY$19,N12=$AY$19,R12=$AY$19, V12=$AY$19, Z12=$AY$19, AD12=$AY$19, AH12=$AY$19, AL12=$AY$19, AP12=$AY$19), "CARRY OVER", "PASS") -> PASS | AV12: =IF(AU12="CARRY OVER",_xlfn.TEXTJOIN(" ", TRUE, "BACK IN:", IF(J12=$AY$19, $G$5, ""), IF(N12=$AY$19, $K$5, ""),IF(R12=$AY$19, $O$5, ""),IF(V12=$AY$19, $S$5, ""),IF(Z12=$AY$19, $W$5, ""), IF(AD12=$AY$19, $AA$5, ""),IF(AH12=$AY$19, $AE$5, ""),IF(AL12=$AY$19, $AI$5, ""),IF(AP12=$AY$19, $AM$5, "")), " ") | AW12: =AT12 -> 22 | AY12: Grade | AZ12: Grade Point | BB12: =INDEX($AZ$13:$AZ$23,MATCH(INDIRECT(ADDRESS(ROW($J12),COLUMN($J12)+(COLUMN(J12)-10)*4,1)),$AY$13:$AY$23,0)) -> 5 | BC12: =INDEX($AZ$13:$AZ$23,MATCH(INDIRECT(ADDRESS(ROW($J12),COLUMN($J12)+(COLUMN(K12)-10)*4,1)),$AY$13:$AY$23,0)) -> 7 | BD12: =INDEX($AZ$13:$AZ$23,MATCH(INDIRECT(ADDRESS(ROW($J12),COLUMN($J12)+(COLUMN(L12)-10)*4,1)),$AY$13:$AY$23,0)) -> 5 | BE12: =INDEX($AZ$13:$AZ$23,MATCH(INDIRECT(ADDRESS(ROW($J12),COLUMN($J12)+(COLUMN(M12)-10)*4,1)),$AY$13:$AY$23,0)) -> 5 | BF12: =INDEX($AZ$13:$AZ$23,MATCH(INDIRECT(ADDRESS(ROW($J12),COLUMN($J12)+(COLUMN(N12)-10)*4,1)),$AY$13:$AY$23,0)) -> 7 | BG12: =INDEX($AZ$13:$AZ$23,MATCH(INDIRECT(ADDRESS(ROW($J12),COLUMN($J12)+(COLUMN(O12)-10)*4,1)),$AY$13:$AY$23,0)) -> 8 | BH12: =INDEX($AZ$13:$AZ$23,MATCH(INDIRECT(ADDRESS(ROW($J12),COLUMN($J12)+(COLUMN(P12)-10)*4,1)),$AY$13:$AY$23,0)) -> 6 | BI12: =INDEX($AZ$13:$AZ$23,MATCH(INDIRECT(ADDRESS(ROW($J12),COLUMN($J12)+(COLUMN(Q12)-10)*4,1)),$AY$13:$AY$23,0)) -> 9 | BJ12: =INDEX($AZ$13:$AZ$23,MATCH(INDIRECT(ADDRESS(ROW($J12),COLUMN($J12)+(COLUMN(R12)-10)*4,1)),$AY$13:$AY$23,0)) -> 7 | BK12: =SUMPRODUCT(BB12:BJ12,$BB$10:$BJ$10) -> 136
A13: 3 | B13: 250090703003 | C13: UTU/2507100026 | D13: 255203 | E13: Priyanshu Dobhal | F13: Jaiprakash Dobhal | G13: 45 | H13: 38 | I13: =SUM(G13:H13) -> 83 | J13: =IF(ISTEXT(G13),IF(G13="A","Ab",IF(G13="D","Dt",IF(G13="UFM","UFM",IF(G13="NA","")))),IF(AND(ISBLANK(G13),ISBLANK(I13)),"",IF(G13<0.4*G$10,"F",IF(ISBLANK(I13),"",IF(ISTEXT(I13),I13,IF(I13>=0.9*I$10,"O",IF(I13>=0.85*I$10,"A+",IF(I13>=0.8*I$10,"A",IF(I13>=0.7*I$10,"B",IF(I13>=0.6*I$10,"C",IF(I13>=0.5*I$10,"P",IF(I13<0.5*I$10,"F",I13)))))))))))) -> P | K13: 75 | L13: 40 | M13: =SUM(K13:L13) -> 115 | N13: =IF(ISTEXT(K13),IF(K13="A","Ab",IF(K13="D","Dt",IF(K13="UFM","UFM",IF(K13="NA","")))),IF(AND(ISBLANK(K13),ISBLANK(M13)),"",IF(K13<0.4*K$10,"F",IF(ISBLANK(M13),"",IF(ISTEXT(M13),M13,IF(M13>=0.9*M$10,"O",IF(M13>=0.85*M$10,"A+",IF(M13>=0.8*M$10,"A",IF(M13>=0.7*M$10,"B",IF(M13>=0.6*M$10,"C",IF(M13>=0.5*M$10,"P",IF(M13<0.5*M$10,"F",M13)))))))))))) -> B | O13: 69 | P13: 38 | Q13: =SUM(O13:P13) -> 107 | R13: =IF(ISTEXT(O13),IF(O13="A","Ab",IF(O13="D","Dt",IF(O13="UFM","UFM",IF(O13="NA","")))),IF(AND(ISBLANK(O13),ISBLANK(Q13)),"",IF(O13<0.4*O$10,"F",IF(ISBLANK(Q13),"",IF(ISTEXT(Q13),Q13,IF(Q13>=0.9*Q$10,"O",IF(Q13>=0.85*Q$10,"A+",IF(Q13>=0.8*Q$10,"A",IF(Q13>=0.7*Q$10,"B",IF(Q13>=0.6*Q$10,"C",IF(Q13>=0.5*Q$10,"P",IF(Q13<0.5*Q$10,"F",Q13)))))))))))) -> B | S13: 76 | T13: 36 | U13: =SUM(S13:T13) -> 112 | V13: =IF(ISTEXT(S13),IF(S13="A","Ab",IF(S13="D","Dt",IF(S13="UFM","UFM",IF(S13="NA","")))),IF(AND(ISBLANK(S13),ISBLANK(U13)),"",IF(S13<0.4*S$10,"F",IF(ISBLANK(U13),"",IF(ISTEXT(U13),U13,IF(U13>=0.9*U$10,"O",IF(U13>=0.85*U$10,"A+",IF(U13>=0.8*U$10,"A",IF(U13>=0.7*U$10,"B",IF(U13>=0.6*U$10,"C",IF(U13>=0.5*U$10,"P",IF(U13<0.5*U$10,"F",U13)))))))))))) -> B | W13: 80 | X13: 40 | Y13: =SUM(W13:X13) -> 120 | Z13: =IF(ISTEXT(W13),IF(W13="A","Ab",IF(W13="D","Dt",IF(W13="UFM","UFM",IF(W13="NA","")))),IF(AND(ISBLANK(W13),ISBLANK(Y13)),"",IF(W13<0.4*W$10,"F",IF(ISBLANK(Y13),"",IF(ISTEXT(Y13),Y13,IF(Y13>=0.9*Y$10,"O",IF(Y13>=0.85*Y$10,"A+",IF(Y13>=0.8*Y$10,"A",IF(Y13>=0.7*Y$10,"B",IF(Y13>=0.6*Y$10,"C",IF(Y13>=0.5*Y$10,"P",IF(Y13<0.5*Y$10,"F",Y13)))))))))))) -> A | AA13: 47 | AB13: 47 | AC13: =SUM(AA13:AB13) -> 94 | AD13: =IF(ISTEXT(AA13),IF(AA13="A","Ab",IF(AA13="D","Dt",IF(AA13="UFM","UFM",IF(AA13="NA","")))),IF(AND(ISBLANK(AA13),ISBLANK(AC13)),"",IF(AA13<0.4*AA$10,"F",IF(ISBLANK(AC13),"",IF(ISTEXT(AC13),AC13,IF(AC13>=0.9*AC$10,"O",IF(AC13>=0.85*AC$10,"A+",IF(AC13>=0.8*AC$10,"A",IF(AC13>=0.7*AC$10,"B",IF(AC13>=0.6*AC$10,"C",IF(AC13>=0.5*AC$10,"P",IF(AC13<0.5*AC$10,"F",AC13)))))))))))) -> O | AE13: 69 | AF13: 38 | AG13: =SUM(AE13:AF13) -> 107 | AH13: =IF(ISBLANK(AG13),"",IF(ISTEXT(AG13),AG13,IF(AG13>=0.9*AG$10,"O",IF(AG13>=0.85*AG$10,"A+",IF(AG13>=0.8*AG$10,"A",IF(AG13>=0.7*AG$10,"B",IF(AG13>=0.6*AG$10,"C",IF(AG13>=0.5*AG$10,"P",IF(AG13<0.5*AG$10,"F",AG13))))))))) -> B | AI13: 20 | AJ13: 21 | AK13: =SUM(AI13:AJ13) -> 41 | AL13: =IF(ISTEXT(AI13),IF(AI13="A","Ab",IF(AI13="D","Dt",IF(AI13="UFM","UFM",IF(AI13="NA","")))),IF(AND(ISBLANK(AI13),ISBLANK(AK13)),"",IF(AI13<0.4*AI$10,"F",IF(ISBLANK(AK13),"",IF(ISTEXT(AK13),AK13,IF(AK13>=0.9*AK$10,"O",IF(AK13>=0.85*AK$10,"A+",IF(AK13>=0.8*AK$10,"A",IF(AK13>=0.7*AK$10,"B",IF(AK13>=0.6*AK$10,"C",IF(AK13>=0.5*AK$10,"P",IF(AK13<0.5*AK$10,"F",AK13)))))))))))) -> A | AM13: 21 | AN13: 19 | AO13: =SUM(AM13:AN13) -> 40 | AP13: =IF(ISTEXT(AM13),IF(AM13="A","Ab",IF(AM13="D","Dt",IF(AM13="UFM","UFM",IF(AM13="NA","")))),IF(AND(ISBLANK(AM13),ISBLANK(AO13)),"",IF(AM13<0.4*AM$10,"F",IF(ISBLANK(AO13),"",IF(ISTEXT(AO13),AO13,IF(AO13>=0.9*AO$10,"O",IF(AO13>=0.85*AO$10,"A+",IF(AO13>=0.8*AO$10,"A",IF(AO13>=0.7*AO$10,"B",IF(AO13>=0.6*AO$10,"C",IF(AO13>=0.5*AO$10,"P",IF(AO13<0.5*AO$10,"F",AO13)))))))))))) -> A | AQ13: =SUM(AO13,AK13,AC13,Y13,U13,Q13,M13,I13) -> 712 | AR13: =BK13/$AQ$8 -> 7.1363636 | AS13: =AR13 -> 7.1363636 | AT13: =SUMIF(BB13:BJ13,">0",$BB$10:$BJ$10) -> 22 | AU13: =IF(OR(J13=$AY$19,N13=$AY$19,R13=$AY$19, V13=$AY$19, Z13=$AY$19, AD13=$AY$19, AH13=$AY$19, AL13=$AY$19, AP13=$AY$19), "CARRY OVER", "PASS") -> PASS | AV13: =IF(AU13="CARRY OVER",_xlfn.TEXTJOIN(" ", TRUE, "BACK IN:", IF(J13=$AY$19, $G$5, ""), IF(N13=$AY$19, $K$5, ""),IF(R13=$AY$19, $O$5, ""),IF(V13=$AY$19, $S$5, ""),IF(Z13=$AY$19, $W$5, ""), IF(AD13=$AY$19, $AA$5, ""),IF(AH13=$AY$19, $AE$5, ""),IF(AL13=$AY$19, $AI$5, ""),IF(AP13=$AY$19, $AM$5, "")), " ") | AW13: =AT13 -> 22 | AY13: O | AZ13: 10 | BB13: =INDEX($AZ$13:$AZ$23,MATCH(INDIRECT(ADDRESS(ROW($J13),COLUMN($J13)+(COLUMN(J13)-10)*4,1)),$AY$13:$AY$23,0)) -> 5 | BC13: =INDEX($AZ$13:$AZ$23,MATCH(INDIRECT(ADDRESS(ROW($J13),COLUMN($J13)+(COLUMN(K13)-10)*4,1)),$AY$13:$AY$23,0)) -> 7 | BD13: =INDEX($AZ$13:$AZ$23,MATCH(INDIRECT(ADDRESS(ROW($J13),COLUMN($J13)+(COLUMN(L13)-10)*4,1)),$AY$13:$AY$23,0)) -> 7 | BE13: =INDEX($AZ$13:$AZ$23,MATCH(INDIRECT(ADDRESS(ROW($J13),COLUMN($J13)+(COLUMN(M13)-10)*4,1)),$AY$13:$AY$23,0)) -> 7 | BF13: =INDEX($AZ$13:$AZ$23,MATCH(INDIRECT(ADDRESS(ROW($J13),COLUMN($J13)+(COLUMN(N13)-10)*4,1)),$AY$13:$AY$23,0)) -> 8 | BG13: =INDEX($AZ$13:$AZ$23,MATCH(INDIRECT(ADDRESS(ROW($J13),COLUMN($J13)+(COLUMN(O13)-10)*4,1)),$AY$13:$AY$23,0)) -> 10 | BH13: =INDEX($AZ$13:$AZ$23,MATCH(INDIRECT(ADDRESS(ROW($J13),COLUMN($J13)+(COLUMN(P13)-10)*4,1)),$AY$13:$AY$23,0)) -> 7 | BI13: =INDEX($AZ$13:$AZ$23,MATCH(INDIRECT(ADDRESS(ROW($J13),COLUMN($J13)+(COLUMN(Q13)-10)*4,1)),$AY$13:$AY$23,0)) -> 8 | BJ13: =INDEX($AZ$13:$AZ$23,MATCH(INDIRECT(ADDRESS(ROW($J13),COLUMN($J13)+(COLUMN(R13)-10)*4,1)),$AY$13:$AY$23,0)) -> 8 | BK13: =SUMPRODUCT(BB13:BJ13,$BB$10:$BJ$10) -> 157
AY14: A+ | AZ14: 9
AY15: A | AZ15: 8
AY16: B | AZ16: 7
AY17: C | AZ17: 6
AY18: P | AZ18: 5
AY19: F | AZ19: 0
AY20: Ab | AZ20: 0
AY21: UFM | AZ21: 0
AY22: Dt | AZ22: 0
AY23: ="" | AZ23: =""

Sheet Marksheets_BT
A1: Govind Ballabh Pant Institute of Engineering and Technology | V1: Grade | W1: Grade Point
A2: Pauri Garhwal, Uttarakhand (An Autonomous Institute of Govt. of Uttarakhand) | V2: O | W2: 10
V3: A+ | W3: 9
A4: (Affiliated to Veer Madho Singh Bhandari Uttarakhand Technical University) | V4: A | W4: 8
A5: =_xlfn.TEXTJOIN("",TRUE,"Tabulation Chart for Master of Technology", IF($F$8="CSE_I"," (Computer Science and Engineering)",IF($F$8="PS_I"," (Power Systems)",IF($F$8="BT_I"," (Biotechnology)",IF($F$8="ECE_I"," (Electronics and Communication Engineering)",IF($F$8="GT_I"," (Geotechnology)",))))),CHAR(10),"I Semester December 2025") -> Tabulation Chart for Master of Technology (Biotechnology) I Semester December 2025 | V5: B | W5: 7
V6: C | W6: 6
V7: P | W7: 5
A8: M.M. | B8: 1 | C8: SC | D8: SN | E8: C | F8: bt_i | P8: =26+22 -> 48 | V8: F | W8: 0
A9: Name: | B9: =VLOOKUP(B8,INDIRECT($F$8),5,0) -> Mayank Negi | D9: Father's Name: | E9: =VLOOKUP(B8,INDIRECT($F$8),6,0) -> Narendra Singh Negi | G9: University Roll No: | I9: =VLOOKUP(B8,INDIRECT($F$8),2,0) -> 250090703001 | K9: University Enrol. No: | M9: =IF(VLOOKUP(B8,INDIRECT($F$8),3,0)=0,"",VLOOKUP(B8,INDIRECT($F$8),3,0)) -> UTU/2507100053 | V9: Ab | W9: 0
V10: UFM | W10: 0
A11: Subject Code | B11: Subject Name | F11: Credits | G11: External Marks | I11: Sessional Marks | K11: Total Marks | M11: Grade | N11: Grade Points | V11: Dt | W11: 0
V12: ="" | W12: =""
A13: =VLOOKUP(C8,INDIRECT($F$8),7+(O13-1)*4,0) -> BTT 301 | B13: =VLOOKUP(D8,INDIRECT($F$8),7+(O13-1)*4,0) -> Advanced Biostatistics | F13: =VLOOKUP(E8,INDIRECT($F$8),7+(O13-1)*4,0) -> 4 | G13: =_xlfn.TEXTJOIN("/",FALSE,VLOOKUP(B8,INDIRECT($F$8),7+(O13-1)*4),VLOOKUP(A8,INDIRECT($F$8),7+(O13-1)*4)) -> 50/100 | I13: =_xlfn.TEXTJOIN("/",FALSE,VLOOKUP(B8,INDIRECT($F$8),8+(O13-1)*4,0),VLOOKUP(A8,INDIRECT($F$8),8+(O13-1)*4,0)) -> 38/50 | K13: =_xlfn.TEXTJOIN("/",FALSE,VLOOKUP(B8,INDIRECT($F$8),9+(O13-1)*4),VLOOKUP(A8,INDIRECT($F$8),9+(O13-1)*4)) -> 88/150 | M13: =VLOOKUP(B8,INDIRECT($F$8),10+(O13-1)*4,0) -> P | N13: =INDEX($W$2:$W$12,MATCH(M13,$V$2:$V$12,0)) -> 5 | O13: 1 | P13: =IFERROR(VALUE(IFERROR(LEFT(G13,SEARCH("/",G13)-1),0)),"") -> 50 | Q13: =IFERROR(VALUE(IFERROR(LEFT(I13,SEARCH("/",I13)-1),0)),"") -> 38 | R13: =IFERROR(VALUE(IFERROR(LEFT(K13,SEARCH("/",K13)-1),0)),"") -> 88 | S13: =VALUE(IFERROR(RIGHT(G13,LEN(G13)-SEARCH("/",G13)),0)) -> 100 | T13: =VALUE(IFERROR(RIGHT(I13,LEN(I13)-SEARCH("/",I13)),0)) -> 50 | U13: =VALUE(IFERROR(RIGHT(K13,LEN(K13)-SEARCH("/",K13)),0)) -> 150
A14: =VLOOKUP(C8,INDIRECT($F$8),7+(O14-1)*4,0) -> BTT 302 | B14: =VLOOKUP(D8,INDIRECT($F$8),7+(O14-1)*4,0) -> Applied Biochemistry | F14: =VLOOKUP(E8,INDIRECT($F$8),7+(O14-1)*4,0) -> 4 | G14: =_xlfn.TEXTJOIN("/",FALSE,VLOOKUP(B8,INDIRECT($F$8),7+(O14-1)*4),VLOOKUP(A8,INDIRECT($F$8),7+(O14-1)*4)) -> 71/100 | I14: =_xlfn.TEXTJOIN("/",FALSE,VLOOKUP(B8,INDIRECT($F$8),8+(O14-1)*4),VLOOKUP(A8,INDIRECT($F$8),8+(O14-1)*4)) -> 43/50 | K14: =_xlfn.TEXTJOIN("/",FALSE,VLOOKUP(B8,INDIRECT($F$8),9+(O14-1)*4),VLOOKUP(A8,INDIRECT($F$8),9+(O14-1)*4)) -> 114/150 | M14: =VLOOKUP(B8,INDIRECT($F$8),10+(O14-1)*4,0) -> B | N14: =INDEX($W$2:$W$12,MATCH(M14,$V$2:$V$12,0)) -> 7 | O14: 2 | P14: =IFERROR(VALUE(IFERROR(LEFT(G14,SEARCH("/",G14)-1),0)),"") -> 71 | Q14: =IFERROR(VALUE(IFERROR(LEFT(I14,SEARCH("/",I14)-1),0)),"") -> 43 | R14: =IFERROR(VALUE(IFERROR(LEFT(K14,SEARCH("/",K14)-1),0)),"") -> 114 | S14: =VALUE(IFERROR(RIGHT(G14,LEN(G14)-SEARCH("/",G14)),0)) -> 100 | T14: =VALUE(IFERROR(RIGHT(I14,LEN(I14)-SEARCH("/",I14)),0)) -> 50 | U14: =VALUE(IFERROR(RIGHT(K14,LEN(K14)-SEARCH("/",K14)),0)) -> 150
A15: =VLOOKUP(C8,INDIRECT($F$8),7+(O15-1)*4,0) -> BTT 303 | B15: =VLOOKUP(D8,INDIRECT($F$8),7+(O15-1)*4,0) -> Microbial Biotechnology | F15: =VLOOKUP(E8,INDIRECT($F$8),7+(O15-1)*4,0) -> 4 | G15: =_xlfn.TEXTJOIN("/",FALSE,VLOOKUP(B8,INDIRECT($F$8),7+(O15-1)*4),VLOOKUP(A8,INDIRECT($F$8),7+(O15-1)*4)) -> 60/100 | I15: =_xlfn.TEXTJOIN("/",FALSE,VLOOKUP(B8,INDIRECT($F$8),8+(O15-1)*4),VLOOKUP(A8,INDIRECT($F$8),8+(O15-1)*4)) -> 41/50 | K15: =_xlfn.TEXTJOIN("/",FALSE,VLOOKUP(B8,INDIRECT($F$8),9+(O15-1)*4),VLOOKUP(A8,INDIRECT($F$8),9+(O15-1)*4)) -> 101/150 | M15: =VLOOKUP(B8,INDIRECT($F$8),10+(O15-1)*4,0) -> C | N15: =INDEX($W$2:$W$12,MATCH(M15,$V$2:$V$12,0)) -> 6 | O15: 3 | P15: =IFERROR(VALUE(IFERROR(LEFT(G15,SEARCH("/",G15)-1),0)),"") -> 60 | Q15: =IFERROR(VALUE(IFERROR(LEFT(I15,SEARCH("/",I15)-1),0)),"") -> 41 | R15: =IFERROR(VALUE(IFERROR(LEFT(K15,SEARCH("/",K15)-1),0)),"") -> 101 | S15: =VALUE(IFERROR(RIGHT(G15,LEN(G15)-SEARCH("/",G15)),0)) -> 100 | T15: =VALUE(IFERROR(RIGHT(I15,LEN(I15)-SEARCH("/",I15)),0)) -> 50 | U15: =VALUE(IFERROR(RIGHT(K15,LEN(K15)-SEARCH("/",K15)),0)) -> 150
A16: =VLOOKUP(C8,INDIRECT($F$8),7+(O16-1)*4,0) -> BTT 306 | B16: =VLOOKUP(D8,INDIRECT($F$8),7+(O16-1)*4,0) -> Bioprocess Engineering | F16: =VLOOKUP(E8,INDIRECT($F$8),7+(O16-1)*4,0) -> 3 | G16: =_xlfn.TEXTJOIN("/",FALSE,VLOOKUP(B8,INDIRECT($F$8),7+(O16-1)*4),VLOOKUP(A8,INDIRECT($F$8),7+(O16-1)*4)) -> 66/100 | I16: =_xlfn.TEXTJOIN("/",FALSE,VLOOKUP(B8,INDIRECT($F$8),8+(O16-1)*4),VLOOKUP(A8,INDIRECT($F$8),8+(O16-1)*4)) -> 34/50 | K16: =_xlfn.TEXTJOIN("/",FALSE,VLOOKUP(B8,INDIRECT($F$8),9+(O16-1)*4),VLOOKUP(A8,INDIRECT($F$8),9+(O16-1)*4)) -> 100/150 | M16: =VLOOKUP(B8,INDIRECT($F$8),10+(O16-1)*4,0) -> C | N16: =INDEX($W$2:$W$12,MATCH(M16,$V$2:$V$12,0)) -> 6 | O16: 4 | P16: =IFERROR(VALUE(IFERROR(LEFT(G16,SEARCH("/",G16)-1),0)),"") -> 66 | Q16: =IFERROR(VALUE(IFERROR(LEFT(I16,SEARCH("/",I16)-1),0)),"") -> 34 | R16: =IFERROR(VALUE(IFERROR(LEFT(K16,SEARCH("/",K16)-1),0)),"") -> 100 | S16: =VALUE(IFERROR(RIGHT(G16,LEN(G16)-SEARCH("/",G16)),0)) -> 100 | T16: =VALUE(IFERROR(RIGHT(I16,LEN(I16)-SEARCH("/",I16)),0)) -> 50 | U16: =VALUE(IFERROR(RIGHT(K16,LEN(K16)-SEARCH("/",K16)),0)) -> 150
A17: =VLOOKUP(C8,INDIRECT($F$8),7+(O17-1)*4,0) -> BTT 311 | B17: =VLOOKUP(D8,INDIRECT($F$8),7+(O17-1)*4,0) -> Herbal Biotechnology | F17: =VLOOKUP(E8,INDIRECT($F$8),7+(O17-1)*4,0) -> 3 | G17: =_xlfn.TEXTJOIN("/",FALSE,VLOOKUP(B8,INDIRECT($F$8),7+(O17-1)*4),VLOOKUP(A8,INDIRECT($F$8),7+(O17-1)*4)) -> 77/100 | I17: =_xlfn.TEXTJOIN("/",FALSE,VLOOKUP(B8,INDIRECT($F$8),8+(O17-1)*4),VLOOKUP(A8,INDIRECT($F$8),8+(O17-1)*4)) -> 42/50 | K17: =_xlfn.TEXTJOIN("/",FALSE,VLOOKUP(B8,INDIRECT($F$8),9+(O17-1)*4),VLOOKUP(A8,INDIRECT($F$8),9+(O17-1)*4)) -> 119/150 | M17: =VLOOKUP(B8,INDIRECT($F$8),10+(O17-1)*4,0) -> B | N17: =INDEX($W$2:$W$12,MATCH(M17,$V$2:$V$12,0)) -> 7 | O17: 5 | P17: =IFERROR(VALUE(IFERROR(LEFT(G17,SEARCH("/",G17)-1),0)),"") -> 77 | Q17: =IFERROR(VALUE(IFERROR(LEFT(I17,SEARCH("/",I17)-1),0)),"") -> 42 | R17: =IFERROR(VALUE(IFERROR(LEFT(K17,SEARCH("/",K17)-1),0)),"") -> 119 | S17: =VALUE(IFERROR(RIGHT(G17,LEN(G17)-SEARCH("/",G17)),0)) -> 100 | T17: =VALUE(IFERROR(RIGHT(I17,LEN(I17)-SEARCH("/",I17)),0)) -> 50 | U17: =VALUE(IFERROR(RIGHT(K17,LEN(K17)-SEARCH("/",K17)),0)) -> 150
A18: =VLOOKUP(C8,INDIRECT($F$8),7+(O18-1)*4,0) -> AHT 302 | B18: =VLOOKUP(D8,INDIRECT($F$8),7+(O18-1)*4,0) -> Research Methodology and IPR | F18: =VLOOKUP(E8,INDIRECT($F$8),7+(O18-1)*4,0) -> 2 | G18: =_xlfn.TEXTJOIN("/",FALSE,VLOOKUP(B8,INDIRECT($F$8),7+(O18-1)*4),VLOOKUP(A8,INDIRECT($F$8),7+(O18-1)*4)) -> 42/50 | I18: =_xlfn.TEXTJOIN("/",FALSE,VLOOKUP(B8,INDIRECT($F$8),8+(O18-1)*4),VLOOKUP(A8,INDIRECT($F$8),8+(O18-1)*4)) -> 47/50 | K18: =_xlfn.TEXTJOIN("/",FALSE,VLOOKUP(B8,INDIRECT($F$8),9+(O18-1)*4),VLOOKUP(A8,INDIRECT($F$8),9+(O18-1)*4)) -> 89/100 | M18: =VLOOKUP(B8,INDIRECT($F$8),10+(O18-1)*4,0) -> A+ | N18: =INDEX($W$2:$W$12,MATCH(M18,$V$2:$V$12,0)) -> 9 | O18: 6 | P18: =IFERROR(VALUE(IFERROR(LEFT(G18,SEARCH("/",G18)-1),0)),"") -> 42 | Q18: =IFERROR(VALUE(IFERROR(LEFT(I18,SEARCH("/",I18)-1),0)),"") -> 47 | R18: =IFERROR(VALUE(IFERROR(LEFT(K18,SEARCH("/",K18)-1),0)),"") -> 89 | S18: =VALUE(IFERROR(RIGHT(G18,LEN(G18)-SEARCH("/",G18)),0)) -> 50 | T18: =VALUE(IFERROR(RIGHT(I18,LEN(I18)-SEARCH("/",I18)),0)) -> 50 | U18: =VALUE(IFERROR(RIGHT(K18,LEN(K18)-SEARCH("/",K18)),0)) -> 100
A19: =VLOOKUP(C8,INDIRECT($F$8),7+(O19-1)*4,0) -> AHT 304 | B19: =VLOOKUP(D8,INDIRECT($F$8),7+(O19-1)*4,0) -> English for Research Writing ($) | F19: =VLOOKUP(E8,INDIRECT($F$8),7+(O19-1)*4,0) -> 0 | G19: =_xlfn.TEXTJOIN("/",FALSE,VLOOKUP(B8,INDIRECT($F$8),7+(O19-1)*4),VLOOKUP(A8,INDIRECT($F$8),7+(O19-1)*4)) -> 69/100 | I19: =_xlfn.TEXTJOIN("/",FALSE,VLOOKUP(B8,INDIRECT($F$8),8+(O19-1)*4)-Z19,VLOOKUP(A8,INDIRECT($F$8),8+(O19-1)*4-Z19)) -> 38/50 | K19: =_xlfn.TEXTJOIN("/",FALSE,VLOOKUP(B8,INDIRECT($F$8),9+(O19-1)*4),VLOOKUP(A8,INDIRECT($F$8),9+(O19-1)*4)) -> 107/150 | M19: =VLOOKUP(B8,INDIRECT($F$8),10+(O19-1)*4,0) -> B | N19: =INDEX($W$2:$W$12,MATCH(M19,$V$2:$V$12,0)) -> 7 | O19: 7 | P19: =IFERROR(VALUE(IFERROR(LEFT(G19,SEARCH("/",G19)-1),0)),"") -> 69 | Q19: =IFERROR(VALUE(IFERROR(LEFT(I19,SEARCH("/",I19)-1),0)),"") -> 38 | R19: =IFERROR(VALUE(IFERROR(LEFT(K19,SEARCH("/",K19)-1),0)),"") -> 107 | S19: =VALUE(IFERROR(RIGHT(G19,LEN(G19)-SEARCH("/",G19)),0)) -> 100 | T19: =VALUE(IFERROR(RIGHT(I19,LEN(I19)-SEARCH("/",I19)),0)) -> 50 | U19: =VALUE(IFERROR(RIGHT(K19,LEN(K19)-SEARCH("/",K19)),0)) -> 150 | V19: 1 | W19: 1 | X19: 1 | Y19: 1 | Z19: 0 | AA19: 1 | AB19: 1
A20: =VLOOKUP(C8,INDIRECT($F$8),7+(O20-1)*4,0) -> BTP 301 | B20: =VLOOKUP(D8,INDIRECT($F$8),7+(O20-1)*4,0) -> Biochemistry and Bioanalytical Techniques Lab ( Lab-I) | F20: =VLOOKUP(E8,INDIRECT($F$8),7+(O20-1)*4,0) -> 1 | G20: =_xlfn.TEXTJOIN("/",FALSE,VLOOKUP(B8,INDIRECT($F$8),7+(O20-1)*4),VLOOKUP(A8,INDIRECT($F$8),7+(O20-1)*4)) -> 22/25 | I20: =_xlfn.TEXTJOIN("/",FALSE,VLOOKUP(B8,INDIRECT($F$8),8+(O20-1)*4),VLOOKUP(A8,INDIRECT($F$8),8+(O20-1)*4)) -> 22/25 | K20: =_xlfn.TEXTJOIN("/",FALSE,VLOOKUP(B8,INDIRECT($F$8),9+(O20-1)*4),VLOOKUP(A8,INDIRECT($F$8),9+(O20-1)*4)) -> 44/50 | M20: =VLOOKUP(B8,INDIRECT($F$8),10+(O20-1)*4,0) -> A+ | N20: =INDEX($W$2:$W$12,MATCH(M20,$V$2:$V$12,0)) -> 9 | O20: 8 | P20: =IFERROR(VALUE(IFERROR(LEFT(G20,SEARCH("/",G20)-1),0)),"") -> 22 | Q20: =IFERROR(VALUE(IFERROR(LEFT(I20,SEARCH("/",I20)-1),0)),"") -> 22 | R20: =IFERROR(VALUE(IFERROR(LEFT(K20,SEARCH("/",K20)-1),0)),"") -> 44 | S20: =VALUE(IFERROR(RIGHT(G20,LEN(G20)-SEARCH("/",G20)),0)) -> 25 | T20: =VALUE(IFERROR(RIGHT(I20,LEN(I20)-SEARCH("/",I20)),0)) -> 25 | U20: =VALUE(IFERROR(RIGHT(K20,LEN(K20)-SEARCH("/",K20)),0)) -> 50 | V20: 1 | W20: 1 | X20: 1 | Y20: 1 | Z20: 1 | AA20: 1 | AB20: 1
A21: =VLOOKUP(C8,INDIRECT($F$8),7+(O21-1)*4,0) -> BTP 302 | B21: =VLOOKUP(D8,INDIRECT($F$8),7+(O21-1)*4,0) -> Microbial Biotechnology/ Bioprocess Engg. Lab (Lab-II ) | F21: =VLOOKUP(E8,INDIRECT($F$8),7+(O21-1)*4,0) -> 1 | G21: =_xlfn.TEXTJOIN("/",FALSE,VLOOKUP(B8,INDIRECT($F$8),7+(O21-1)*4),VLOOKUP(A8,INDIRECT($F$8),7+(O21-1)*4)) -> 21/25 | I21: =_xlfn.TEXTJOIN("/",FALSE,VLOOKUP(B8,INDIRECT($F$8),8+(O21-1)*4,0),VLOOKUP(A8,INDIRECT($F$8),8+(O21-1)*4,0)) -> 19/25 | K21: =_xlfn.TEXTJOIN("/",FALSE,VLOOKUP(B8,INDIRECT($F$8),9+(O21-1)*4,0),VLOOKUP(A8,INDIRECT($F$8),9+(O21-1)*4,0)) -> 40/50 | M21: =VLOOKUP(B8,INDIRECT($F$8),10+(O21-1)*4,0) -> A | N21: =INDEX($W$2:$W$12,MATCH(M21,$V$2:$V$12,0)) -> 8 | O21: 9 | P21: =IFERROR(VALUE(IFERROR(LEFT(G21,SEARCH("/",G21)-1),0)),"") -> 21 | Q21: =IFERROR(VALUE(IFERROR(LEFT(I21,SEARCH("/",I21)-1),0)),"") -> 19 | R21: =IFERROR(VALUE(IFERROR(LEFT(K21,SEARCH("/",K21)-1),0)),"") -> 40 | S21: =VALUE(IFERROR(RIGHT(G21,LEN(G21)-SEARCH("/",G21)),0)) -> 25 | T21: =VALUE(IFERROR(RIGHT(I21,LEN(I21)-SEARCH("/",I21)),0)) -> 25 | U21: =VALUE(IFERROR(RIGHT(K21,LEN(K21)-SEARCH("/",K21)),0)) -> 50 | V21: 1 | W21: 1 | X21: 1 | Y21: 1 | Z21: 1 | AA21: 1 | AB21: 1
A22: Total Credits/ Marks/ Total Grade Points | F22: =SUM(F13:F21) -> 22 | G22: =_xlfn.TEXTJOIN("/",TRUE,SUMIF(F13:F21,">0",P13:P21),SUMIF(F13:F21,">0",S13:S21)) -> 409/600 | I22: =_xlfn.TEXTJOIN("/",TRUE,SUMIF(F13:F21,">0",Q13:Q21),SUMIF(F13:F21,">0",T13:T21)) -> 286/350 | K22: =_xlfn.TEXTJOIN("/",TRUE,SUMIF(F13:F21,">0",R13:R21),SUMIF(F13:F21,">0",U13:U21)) -> 695/950 | M22: =SUMPRODUCT(N13:N21,F13:F21) -> 146
A23: Result: | B23: =BT!AU11 -> PASS | D23: Remark: | E23: =BT!AV11 | G23: SGPA: | H23: =BT!AR11 -> 6.6363636 | I23: CGPA: | J23: =BT!AS11 -> 6.6363636 | K23: Earned Credits: | L23: =BT!AT11 -> 22 | M23: Cuml. Earned Credits: | N23: =BT!AW11 -> 22 | V23: 0
A26: M.M. | B26: =B8+1 -> 2 | C26: SC | D26: SN | E26: C | F26: =VLOOKUP(B26,INDIRECT($F$8),4,0) -> 255202
A27: =IF(ISERROR(F26),"",A9) -> Name: | B27: =IFERROR(VLOOKUP(B26,INDIRECT($F$8),5,0),"") -> Prabhav Singh | D27: =IF(ISERROR(F26),"",D9) -> Father's Name: | E27: =IFERROR(VLOOKUP(B26,INDIRECT($F$8),6,0),"") -> Jaspal Singh | G27: =IF(ISERROR(F26),"",G9) -> University Roll No: | I27: =IFERROR(VLOOKUP(B26,INDIRECT($F$8),2,0),"") -> 250090703002 | K27: =IF(ISERROR(F26),"",K9) -> University Enrol. No: | M27: =IFERROR(IF(VLOOKUP(B26,INDIRECT($F$8),3,0)=0,"",VLOOKUP(B26,INDIRECT($F$8),3,0)),"") -> UTU/2507100025
A29: =IF(ISERROR(F26),"",A11) -> Subject Code | B29: =IF(ISERROR(F26),"",B11) -> Subject Name | F29: =IF(ISERROR(F26),"",F11) -> Credits | G29: =IF(ISERROR(F26),"",G11) -> External Marks | I29: =IF(ISERROR(F26),"",I11) -> Sessional Marks | K29: =IF(ISERROR(F26),"",K11) -> Total Marks | M29: =IF(ISERROR(F26),"",M11) -> Grade | N29: =IF(ISERROR(F26),"",N11) -> Grade Points
A31: =IF(ISERROR(F26),"",VLOOKUP(C26,INDIRECT($F$8),7+(O31-1)*4,0)) -> BTT 301 | B31: =IF(ISERROR(F26),"",VLOOKUP(D26,INDIRECT($F$8),7+(O31-1)*4,0)) -> Advanced Biostatistics | F31: =IF(ISERROR(F26),"",VLOOKUP(E26,INDIRECT($F$8),7+(O31-1)*4,0)) -> 4 | G31: =IF(ISERROR(F26),"",_xlfn.TEXTJOIN("/",FALSE,VLOOKUP(B26,INDIRECT($F$8),7+(O31-1)*4),VLOOKUP(A26,INDIRECT($F$8),7+(O31-1)*4))) -> 40/100 | I31: =IF(ISERROR(F26),"",_xlfn.TEXTJOIN("/",FALSE,VLOOKUP(B26,INDIRECT($F$8),8+(O31-1)*4,0),VLOOKUP(A26,INDIRECT($F$8),8+(O31-1)*4,0))) -> 36/50 | K31: =IF(ISERROR(F26),"",_xlfn.TEXTJOIN("/",FALSE,VLOOKUP(B26,INDIRECT($F$8),9+(O31-1)*4),VLOOKUP(A26,INDIRECT($F$8),9+(O31-1)*4))) -> 76/150 | M31: =IF(ISERROR(F26),"",VLOOKUP(B26,INDIRECT($F$8),10+(O31-1)*4,0)) -> P | N31: =INDEX($W$2:$W$12,MATCH(M31,$V$2:$V$12,0)) -> 5 | O31: 1 | P31: =IFERROR(VALUE(IFERROR(LEFT(G31,SEARCH("/",G31)-1),0)),"") -> 40 | Q31: =IFERROR(VALUE(IFERROR(LEFT(I31,SEARCH("/",I31)-1),0)),"") -> 36 | R31: =IFERROR(VALUE(IFERROR(LEFT(K31,SEARCH("/",K31)-1),0)),"") -> 76 | S31: =VALUE(IFERROR(RIGHT(G31,LEN(G31)-SEARCH("/",G31)),0)) -> 100 | T31: =VALUE(IFERROR(RIGHT(I31,LEN(I31)-SEARCH("/",I31)),0)) -> 50 | U31: =VALUE(IFERROR(RIGHT(K31,LEN(K31)-SEARCH("/",K31)),0)) -> 150
A32: =IF(ISERROR(F26),"",VLOOKUP(C26,INDIRECT($F$8),7+(O32-1)*4,0)) -> BTT 302 | B32: =IF(ISERROR(F26),"",VLOOKUP(D26,INDIRECT($F$8),7+(O32-1)*4,0)) -> Applied Biochemistry | F32: =IF(ISERROR(F26),"",VLOOKUP(E26,INDIRECT($F$8),7+(O32-1)*4,0)) -> 4 | G32: =IF(ISERROR(F26),"",_xlfn.TEXTJOIN("/",FALSE,VLOOKUP(B26,INDIRECT($F$8),7+(O32-1)*4),VLOOKUP(A26,INDIRECT($F$8),7+(O32-1)*4))) -> 71/100 | I32: =IF(ISERROR(F26),"",_xlfn.TEXTJOIN("/",FALSE,VLOOKUP(B26,INDIRECT($F$8),8+(O32-1)*4),VLOOKUP(A26,INDIRECT($F$8),8+(O32-1)*4))) -> 37/50 | K32: =IF(ISERROR(F26),"",_xlfn.TEXTJOIN("/",FALSE,VLOOKUP(B26,INDIRECT($F$8),9+(O32-1)*4),VLOOKUP(A26,INDIRECT($F$8),9+(O32-1)*4))) -> 108/150 | M32: =IF(ISERROR(F26),"",VLOOKUP(B26,INDIRECT($F$8),10+(O32-1)*4,0)) -> B | N32: =INDEX($W$2:$W$12,MATCH(M32,$V$2:$V$12,0)) -> 7 | O32: 2 | P32: =IFERROR(VALUE(IFERROR(LEFT(G32,SEARCH("/",G32)-1),0)),"") -> 71 | Q32: =IFERROR(VALUE(IFERROR(LEFT(I32,SEARCH("/",I32)-1),0)),"") -> 37 | R32: =IFERROR(VALUE(IFERROR(LEFT(K32,SEARCH("/",K32)-1),0)),"") -> 108 | S32: =VALUE(IFERROR(RIGHT(G32,LEN(G32)-SEARCH("/",G32)),0)) -> 100 | T32: =VALUE(IFERROR(RIGHT(I32,LEN(I32)-SEARCH("/",I32)),0)) -> 50 | U32: =VALUE(IFERROR(RIGHT(K32,LEN(K32)-SEARCH("/",K32)),0)) -> 150
A33: =IF(ISERROR(F26),"",VLOOKUP(C26,INDIRECT($F$8),7+(O33-1)*4,0)) -> BTT 303 | B33: =IF(ISERROR(F26),"",VLOOKUP(D26,INDIRECT($F$8),7+(O33-1)*4,0)) -> Microbial Biotechnology | F33: =IF(ISERROR(F26),"",VLOOKUP(E26,INDIRECT($F$8),7+(O33-1)*4,0)) -> 4 | G33: =IF(ISERROR(F26),"",_xlfn.TEXTJOIN("/",FALSE,VLOOKUP(B26,INDIRECT($F$8),7+(O33-1)*4),VLOOKUP(A26,INDIRECT($F$8),7+(O33-1)*4))) -> 43/100 | I33: =IF(ISERROR(F26),"",_xlfn.TEXTJOIN("/",FALSE,VLOOKUP(B26,INDIRECT($F$8),8+(O33-1)*4),VLOOKUP(A26,INDIRECT($F$8),8+(O33-1)*4))) -> 32/50 | K33: =IF(ISERROR(F26),"",_xlfn.TEXTJOIN("/",FALSE,VLOOKUP(B26,INDIRECT($F$8),9+(O33-1)*4),VLOOKUP(A26,INDIRECT($F$8),9+(O33-1)*4))) -> 75/150 | M33: =IF(ISERROR(F26),"",VLOOKUP(B26,INDIRECT($F$8),10+(O33-1)*4,0)) -> P | N33: =INDEX($W$2:$W$12,MATCH(M33,$V$2:$V$12,0)) -> 5 | O33: 3 | P33: =IFERROR(VALUE(IFERROR(LEFT(G33,SEARCH("/",G33)-1),0)),"") -> 43 | Q33: =IFERROR(VALUE(IFERROR(LEFT(I33,SEARCH("/",I33)-1),0)),"") -> 32 | R33: =IFERROR(VALUE(IFERROR(LEFT(K33,SEARCH("/",K33)-1),0)),"") -> 75 | S33: =VALUE(IFERROR(RIGHT(G33,LEN(G33)-SEARCH("/",G33)),0)) -> 100 | T33: =VALUE(IFERROR(RIGHT(I33,LEN(I33)-SEARCH("/",I33)),0)) -> 50 | U33: =VALUE(IFERROR(RIGHT(K33,LEN(K33)-SEARCH("/",K33)),0)) -> 150
A34: =IF(ISERROR(F26),"",VLOOKUP(C26,INDIRECT($F$8),7+(O34-1)*4,0)) -> BTT 306 | B34: =IF(ISERROR(F26),"",VLOOKUP(D26,INDIRECT($F$8),7+(O34-1)*4,0)) -> Bioprocess Engineering | F34: =IF(ISERROR(F26),"",VLOOKUP(E26,INDIRECT($F$8),7+(O34-1)*4,0)) -> 3 | G34: =IF(ISERROR(F26),"",_xlfn.TEXTJOIN("/",FALSE,VLOOKUP(B26,INDIRECT($F$8),7+(O34-1)*4),VLOOKUP(A26,INDIRECT($F$8),7+(O34-1)*4))) -> 46/100 | I34: =IF(ISERROR(F26),"",_xlfn.TEXTJOIN("/",FALSE,VLOOKUP(B26,INDIRECT($F$8),8+(O34-1)*4),VLOOKUP(A26,INDIRECT($F$8),8+(O34-1)*4))) -> 36/50 | K34: =IF(ISERROR(F26),"",_xlfn.TEXTJOIN("/",FALSE,VLOOKUP(B26,INDIRECT($F$8),9+(O34-1)*4),VLOOKUP(A26,INDIRECT($F$8),9+(O34-1)*4))) -> 82/150 | M34: =IF(ISERROR(F26),"",VLOOKUP(B26,INDIRECT($F$8),10+(O34-1)*4,0)) -> P | N34: =INDEX($W$2:$W$12,MATCH(M34,$V$2:$V$12,0)) -> 5 | O34: 4 | P34: =IFERROR(VALUE(IFERROR(LEFT(G34,SEARCH("/",G34)-1),0)),"") -> 46 | Q34: =IFERROR(VALUE(IFERROR(LEFT(I34,SEARCH("/",I34)-1),0)),"") -> 36 | R34: =IFERROR(VALUE(IFERROR(LEFT(K34,SEARCH("/",K34)-1),0)),"") -> 82 | S34: =VALUE(IFERROR(RIGHT(G34,LEN(G34)-SEARCH("/",G34)),0)) -> 100 | T34: =VALUE(IFERROR(RIGHT(I34,LEN(I34)-SEARCH("/",I34)),0)) -> 50 | U34: =VALUE(IFERROR(RIGHT(K34,LEN(K34)-SEARCH("/",K34)),0)) -> 150
A35: =IF(ISERROR(F26),"",VLOOKUP(C26,INDIRECT($F$8),7+(O35-1)*4,0)) -> BTT 311 | B35: =IF(ISERROR(F26),"",VLOOKUP(D26,INDIRECT($F$8),7+(O35-1)*4,0)) -> Herbal Biotechnology | F35: =IF(ISERROR(F26),"",VLOOKUP(E26,INDIRECT($F$8),7+(O35-1)*4,0)) -> 3 | G35: =IF(ISERROR(F26),"",_xlfn.TEXTJOIN("/",FALSE,VLOOKUP(B26,INDIRECT($F$8),7+(O35-1)*4),VLOOKUP(A26,INDIRECT($F$8),7+(O35-1)*4))) -> 77/100 | I35: =IF(ISERROR(F26),"",_xlfn.TEXTJOIN("/",FALSE,VLOOKUP(B26,INDIRECT($F$8),8+(O35-1)*4),VLOOKUP(A26,INDIRECT($F$8),8+(O35-1)*4))) -> 42/50 | K35: =IF(ISERROR(F26),"",_xlfn.TEXTJOIN("/",FALSE,VLOOKUP(B26,INDIRECT($F$8),9+(O35-1)*4),VLOOKUP(A26,INDIRECT($F$8),9+(O35-1)*4))) -> 119/150 | M35: =IF(ISERROR(F26),"",VLOOKUP(B26,INDIRECT($F$8),10+(O35-1)*4,0)) -> B | N35: =INDEX($W$2:$W$12,MATCH(M35,$V$2:$V$12,0)) -> 7 | O35: 5 | P35: =IFERROR(VALUE(IFERROR(LEFT(G35,SEARCH("/",G35)-1),0)),"") -> 77 | Q35: =IFERROR(VALUE(IFERROR(LEFT(I35,SEARCH("/",I35)-1),0)),"") -> 42 | R35: =IFERROR(VALUE(IFERROR(LEFT(K35,SEARCH("/",K35)-1),0)),"") -> 119 | S35: =VALUE(IFERROR(RIGHT(G35,LEN(G35)-SEARCH("/",G35)),0)) -> 100 | T35: =VALUE(IFERROR(RIGHT(I35,LEN(I35)-SEARCH("/",I35)),0)) -> 50 | U35: =VALUE(IFERROR(RIGHT(K35,LEN(K35)-SEARCH("/",K35)),0)) -> 150
A36: =IF(ISERROR(F26),"",VLOOKUP(C26,INDIRECT($F$8),7+(O36-1)*4,0)) -> AHT 302 | B36: =IF(ISERROR(F26),"",VLOOKUP(D26,INDIRECT($F$8),7+(O36-1)*4,0)) -> Research Methodology and IPR | F36: =IF(ISERROR(F26),"",VLOOKUP(E26,INDIRECT($F$8),7+(O36-1)*4,0)) -> 2 | G36: =IF(ISERROR(F26),"",_xlfn.TEXTJOIN("/",FALSE,VLOOKUP(B26,INDIRECT($F$8),7+(O36-1)*4),VLOOKUP(A26,INDIRECT($F$8),7+(O36-1)*4))) -> 39/50 | I36: =IF(ISERROR(F26),"",_xlfn.TEXTJOIN("/",FALSE,VLOOKUP(B26,INDIRECT($F$8),8+(O36-1)*4),VLOOKUP(A26,INDIRECT($F$8),8+(O36-1)*4))) -> 45/50 | K36: =IF(ISERROR(F26),"",_xlfn.TEXTJOIN("/",FALSE,VLOOKUP(B26,INDIRECT($F$8),9+(O36-1)*4),VLOOKUP(A26,INDIRECT($F$8),9+(O36-1)*4))) -> 84/100 | M36: =IF(ISERROR(F26),"",VLOOKUP(B26,INDIRECT($F$8),10+(O36-1)*4,0)) -> A | N36: =INDEX($W$2:$W$12,MATCH(M36,$V$2:$V$12,0)) -> 8 | O36: 6 | P36: =IFERROR(VALUE(IFERROR(LEFT(G36,SEARCH("/",G36)-1),0)),"") -> 39 | Q36: =IFERROR(VALUE(IFERROR(LEFT(I36,SEARCH("/",I36)-1),0)),"") -> 45 | R36: =IFERROR(VALUE(IFERROR(LEFT(K36,SEARCH("/",K36)-1),0)),"") -> 84 | S36: =VALUE(IFERROR(RIGHT(G36,LEN(G36)-SEARCH("/",G36)),0)) -> 50 | T36: =VALUE(IFERROR(RIGHT(I36,LEN(I36)-SEARCH("/",I36)),0)) -> 50 | U36: =VALUE(IFERROR(RIGHT(K36,LEN(K36)-SEARCH("/",K36)),0)) -> 100
A37: =VLOOKUP(C26,INDIRECT($F$8),7+(O37-1)*4,0) -> AHT 304 | B37: =VLOOKUP(D26,INDIRECT($F$8),7+(O37-1)*4,0) -> English for Research Writing ($) | F37: =VLOOKUP(E26,INDIRECT($F$8),7+(O37-1)*4,0) -> 0 | G37: =_xlfn.TEXTJOIN("/",FALSE,VLOOKUP(B26,INDIRECT($F$8),7+(O37-1)*4),VLOOKUP(A26,INDIRECT($F$8),7+(O37-1)*4)) -> 63/100 | I37: =_xlfn.TEXTJOIN("/",FALSE,VLOOKUP(B26,INDIRECT($F$8),8+(O37-1)*4)-Z37,VLOOKUP(A26,INDIRECT($F$8),8+(O37-1)*4-Z37)) -> 39/50 | K37: =_xlfn.TEXTJOIN("/",FALSE,VLOOKUP(B26,INDIRECT($F$8),9+(O37-1)*4),VLOOKUP(A26,INDIRECT($F$8),9+(O37-1)*4)) -> 102/150 | M37: =VLOOKUP(B26,INDIRECT($F$8),10+(O37-1)*4,0) -> C | N37: =INDEX($W$2:$W$12,MATCH(M37,$V$2:$V$12,0)) -> 6 | O37: 7 | P37: =IFERROR(VALUE(IFERROR(LEFT(G37,SEARCH("/",G37)-1),0)),"") -> 63 | Q37: =IFERROR(VALUE(IFERROR(LEFT(I37,SEARCH("/",I37)-1),0)),"") -> 39 | R37: =IFERROR(VALUE(IFERROR(LEFT(K37,SEARCH("/",K37)-1),0)),"") -> 102 | S37: =VALUE(IFERROR(RIGHT(G37,LEN(G37)-SEARCH("/",G37)),0)) -> 100 | T37: =VALUE(IFERROR(RIGHT(I37,LEN(I37)-SEARCH("/",I37)),0)) -> 50 | U37: =VALUE(IFERROR(RIGHT(K37,LEN(K37)-SEARCH("/",K37)),0)) -> 150 | V37: 1 | W37: 1 | X37: 1 | Y37: 1 | Z37: 0 | AA37: 1 | AB37: 1
A38: =VLOOKUP(C26,INDIRECT($F$8),7+(O38-1)*4,0) -> BTP 301 | B38: =VLOOKUP(D26,INDIRECT($F$8),7+(O38-1)*4,0) -> Biochemistry and Bioanalytical Techniques Lab ( Lab-I) | F38: =VLOOKUP(E26,INDIRECT($F$8),7+(O38-1)*4,0) -> 1 | G38: =_xlfn.TEXTJOIN("/",FALSE,VLOOKUP(B26,INDIRECT($F$8),7+(O38-1)*4),VLOOKUP(A26,INDIRECT($F$8),7+(O38-1)*4)) -> 23/25 | I38: =_xlfn.TEXTJOIN("/",FALSE,VLOOKUP(B26,INDIRECT($F$8),8+(O38-1)*4),VLOOKUP(A26,INDIRECT($F$8),8+(O38-1)*4)) -> 21/25 | K38: =_xlfn.TEXTJOIN("/",FALSE,VLOOKUP(B26,INDIRECT($F$8),9+(O38-1)*4),VLOOKUP(A26,INDIRECT($F$8),9+(O38-1)*4)) -> 44/50 | M38: =VLOOKUP(B26,INDIRECT($F$8),10+(O38-1)*4,0) -> A+ | N38: =INDEX($W$2:$W$12,MATCH(M38,$V$2:$V$12,0)) -> 9 | O38: 8 | P38: =IFERROR(VALUE(IFERROR(LEFT(G38,SEARCH("/",G38)-1),0)),"") -> 23 | Q38: =IFERROR(VALUE(IFERROR(LEFT(I38,SEARCH("/",I38)-1),0)),"") -> 21 | R38: =IFERROR(VALUE(IFERROR(LEFT(K38,SEARCH("/",K38)-1),0)),"") -> 44 | S38: =VALUE(IFERROR(RIGHT(G38,LEN(G38)-SEARCH("/",G38)),0)) -> 25 | T38: =VALUE(IFERROR(RIGHT(I38,LEN(I38)-SEARCH("/",I38)),0)) -> 25 | U38: =VALUE(IFERROR(RIGHT(K38,LEN(K38)-SEARCH("/",K38)),0)) -> 50 | V38: 1 | W38: 1 | X38: 1 | Y38: 1 | Z38: 1 | AA38: 1 | AB38: 1
A39: =VLOOKUP(C26,INDIRECT($F$8),7+(O39-1)*4,0) -> BTP 302 | B39: =VLOOKUP(D26,INDIRECT($F$8),7+(O39-1)*4,0) -> Microbial Biotechnology/ Bioprocess Engg. Lab (Lab-II ) | F39: =VLOOKUP(E26,INDIRECT($F$8),7+(O39-1)*4,0) -> 1 | G39: =_xlfn.TEXTJOIN("/",FALSE,VLOOKUP(B26,INDIRECT($F$8),7+(O39-1)*4),VLOOKUP(A26,INDIRECT($F$8),7+(O39-1)*4)) -> 19/25 | I39: =_xlfn.TEXTJOIN("/",FALSE,VLOOKUP(B26,INDIRECT($F$8),8+(O39-1)*4,0),VLOOKUP(A26,INDIRECT($F$8),8+(O39-1)*4,0)) -> 16/25 | K39: =_xlfn.TEXTJOIN("/",FALSE,VLOOKUP(B26,INDIRECT($F$8),9+(O39-1)*4,0),VLOOKUP(A26,INDIRECT($F$8),9+(O39-1)*4,0)) -> 35/50 | M39: =VLOOKUP(B26,INDIRECT($F$8),10+(O39-1)*4,0) -> B | N39: =INDEX($W$2:$W$12,MATCH(M39,$V$2:$V$12,0)) -> 7 | O39: 9 | P39: =IFERROR(VALUE(IFERROR(LEFT(G39,SEARCH("/",G39)-1),0)),"") -> 19 | Q39: =IFERROR(VALUE(IFERROR(LEFT(I39,SEARCH("/",I39)-1),0)),"") -> 16 | R39: =IFERROR(VALUE(IFERROR(LEFT(K39,SEARCH("/",K39)-1),0)),"") -> 35 | S39: =VALUE(IFERROR(RIGHT(G39,LEN(G39)-SEARCH("/",G39)),0)) -> 25 | T39: =VALUE(IFERROR(RIGHT(I39,LEN(I39)-SEARCH("/",I39)),0)) -> 25 | U39: =VALUE(IFERROR(RIGHT(K39,LEN(K39)-SEARCH("/",K39)),0)) -> 50 | V39: 1 | W39: 1 | X39: 1 | Y39: 1 | Z39: 1 | AA39: 1 | AB39: 1
A40: =IF(ISERROR(F26),"",A22) -> Total Credits/ Marks/ Total Grade Points | F40: =IF(ISERROR(F26),"",SUM(F31:F39)) -> 22 | G40: =IF(ISERROR(F26),"",_xlfn.TEXTJOIN("/",TRUE,SUMIF(F31:F39,">0",P31:P39),SUMIF(F31:F39,">0",S31:S39))) -> 358/600 | I40: =IF(ISERROR(F26),"",_xlfn.TEXTJOIN("/",TRUE,SUMIF(F31:F39,">0",Q31:Q39),SUMIF(F31:F39,">0",T31:T39))) -> 265/350 | K40: =IF(ISERROR(F26),"",IF(ISERROR(F26),"",_xlfn.TEXTJOIN("/",TRUE,SUMIF(F31:F39,">0",R31:R39),SUMIF(F31:F39,">0",U31:U39)))) -> 623/950 | M40: =IF(ISERROR(F26),"",SUMPRODUCT(N31:N39,F31:F39)) -> 136
A41: =IF(ISERROR(F26),"",A23) -> Result: | B41: =BT!AU12 -> PASS | D41: =IF(ISERROR(F26),"",D23) -> Remark: | E41: =BT!AV12 | G41: =IF(ISERROR(F26),"",G23) -> SGPA: | H41: =BT!AR12 -> 6.1818182 | I41: =IF(ISERROR(F26),"",I23) -> CGPA: | J41: =BT!AS12 -> 6.1818182 | K41: =IF(ISERROR(F26),"",K23) -> Earned Credits: | L41: =BT!AT12 -> 22 | M41: =IF(ISERROR(F26),"",M23) -> Cuml. Earned Credits: | N41: =BT!AW12 -> 22 | V41: 0
A44: M.M. | B44: =B26+1 -> 3 | C44: SC | D44: SN | E44: C | F44: =VLOOKUP(B44,INDIRECT($F$8),4,0) -> 255203
A45: =IF(ISERROR(F44),"",A27) -> Name: | B45: =IFERROR(VLOOKUP(B44,INDIRECT($F$8),5,0),"") -> Priyanshu Dobhal | D45: =IF(ISERROR(F44),"",D27) -> Father's Name: | E45: =IFERROR(VLOOKUP(B44,INDIRECT($F$8),6,0),"") -> Jaiprakash Dobhal | G45: =IF(ISERROR(F44),"",G27) -> University Roll No: | I45: =IFERROR(VLOOKUP(B44,INDIRECT($F$8),2,0),"") -> 250090703003 | K45: =IF(ISERROR(F44),"",K27) -> University Enrol. No: | M45: =IFERROR(IF(VLOOKUP(B44,INDIRECT($F$8),3,0)=0,"",VLOOKUP(B44,INDIRECT($F$8),3,0)),"") -> UTU/2507100026
A47: =IF(ISERROR(F44),"",A29) -> Subject Code | B47: =IF(ISERROR(F44),"",B29) -> Subject Name | F47: =IF(ISERROR(F44),"",F29) -> Credits | G47: =IF(ISERROR(F44),"",G29) -> External Marks | I47: =IF(ISERROR(F44),"",I29) -> Sessional Marks | K47: =IF(ISERROR(F44),"",K29) -> Total Marks | M47: =IF(ISERROR(F44),"",M29) -> Grade | N47: =IF(ISERROR(F44),"",N29) -> Grade Points
A49: =IF(ISERROR(F44),"",VLOOKUP(C44,INDIRECT($F$8),7+(O49-1)*4,0)) -> BTT 301 | B49: =IF(ISERROR(F44),"",VLOOKUP(D44,INDIRECT($F$8),7+(O49-1)*4,0)) -> Advanced Biostatistics | F49: =IF(ISERROR(F44),"",VLOOKUP(E44,INDIRECT($F$8),7+(O49-1)*4,0)) -> 4 | G49: =IF(ISERROR(F44),"",_xlfn.TEXTJOIN("/",FALSE,VLOOKUP(B44,INDIRECT($F$8),7+(O49-1)*4),VLOOKUP(A44,INDIRECT($F$8),7+(O49-1)*4))) -> 45/100 | I49: =IF(ISERROR(F44),"",_xlfn.TEXTJOIN("/",FALSE,VLOOKUP(B44,INDIRECT($F$8),8+(O49-1)*4,0),VLOOKUP(A44,INDIRECT($F$8),8+(O49-1)*4,0))) -> 38/50 | K49: =IF(ISERROR(F44),"",_xlfn.TEXTJOIN("/",FALSE,VLOOKUP(B44,INDIRECT($F$8),9+(O49-1)*4),VLOOKUP(A44,INDIRECT($F$8),9+(O49-1)*4))) -> 83/150 | M49: =IF(ISERROR(F44),"",VLOOKUP(B44,INDIRECT($F$8),10+(O49-1)*4,0)) -> P | N49: =INDEX($W$2:$W$12,MATCH(M49,$V$2:$V$12,0)) -> 5 | O49: 1 | P49: =IFERROR(VALUE(IFERROR(LEFT(G49,SEARCH("/",G49)-1),0)),"") -> 45 | Q49: =IFERROR(VALUE(IFERROR(LEFT(I49,SEARCH("/",I49)-1),0)),"") -> 38 | R49: =IFERROR(VALUE(IFERROR(LEFT(K49,SEARCH("/",K49)-1),0)),"") -> 83 | S49: =VALUE(IFERROR(RIGHT(G49,LEN(G49)-SEARCH("/",G49)),0)) -> 100 | T49: =VALUE(IFERROR(RIGHT(I49,LEN(I49)-SEARCH("/",I49)),0)) -> 50 | U49: =VALUE(IFERROR(RIGHT(K49,LEN(K49)-SEARCH("/",K49)),0)) -> 150
A50: =IF(ISERROR(F44),"",VLOOKUP(C44,INDIRECT($F$8),7+(O50-1)*4,0)) -> BTT 302 | B50: =IF(ISERROR(F44),"",VLOOKUP(D44,INDIRECT($F$8),7+(O50-1)*4,0)) -> Applied Biochemistry | F50: =IF(ISERROR(F44),"",VLOOKUP(E44,INDIRECT($F$8),7+(O50-1)*4,0)) -> 4 | G50: =IF(ISERROR(F44),"",_xlfn.TEXTJOIN("/",FALSE,VLOOKUP(B44,INDIRECT($F$8),7+(O50-1)*4),VLOOKUP(A44,INDIRECT($F$8),7+(O50-1)*4))) -> 75/100 | I50: =IF(ISERROR(F44),"",_xlfn.TEXTJOIN("/",FALSE,VLOOKUP(B44,INDIRECT($F$8),8+(O50-1)*4),VLOOKUP(A44,INDIRECT($F$8),8+(O50-1)*4))) -> 40/50 | K50: =IF(ISERROR(F44),"",_xlfn.TEXTJOIN("/",FALSE,VLOOKUP(B44,INDIRECT($F$8),9+(O50-1)*4),VLOOKUP(A44,INDIRECT($F$8),9+(O50-1)*4))) -> 115/150 | M50: =IF(ISERROR(F44),"",VLOOKUP(B44,INDIRECT($F$8),10+(O50-1)*4,0)) -> B | N50: =INDEX($W$2:$W$12,MATCH(M50,$V$2:$V$12,0)) -> 7 | O50: 2 | P50: =IFERROR(VALUE(IFERROR(LEFT(G50,SEARCH("/",G50)-1),0)),"") -> 75 | Q50: =IFERROR(VALUE(IFERROR(LEFT(I50,SEARCH("/",I50)-1),0)),"") -> 40 | R50: =IFERROR(VALUE(IFERROR(LEFT(K50,SEARCH("/",K50)-1),0)),"") -> 115 | S50: =VALUE(IFERROR(RIGHT(G50,LEN(G50)-SEARCH("/",G50)),0)) -> 100 | T50: =VALUE(IFERROR(RIGHT(I50,LEN(I50)-SEARCH("/",I50)),0)) -> 50 | U50: =VALUE(IFERROR(RIGHT(K50,LEN(K50)-SEARCH("/",K50)),0)) -> 150
A51: =IF(ISERROR(F44),"",VLOOKUP(C44,INDIRECT($F$8),7+(O51-1)*4,0)) -> BTT 303 | B51: =IF(ISERROR(F44),"",VLOOKUP(D44,INDIRECT($F$8),7+(O51-1)*4,0)) -> Microbial Biotechnology | F51: =IF(ISERROR(F44),"",VLOOKUP(E44,INDIRECT($F$8),7+(O51-1)*4,0)) -> 4 | G51: =IF(ISERROR(F44),"",_xlfn.TEXTJOIN("/",FALSE,VLOOKUP(B44,INDIRECT($F$8),7+(O51-1)*4),VLOOKUP(A44,INDIRECT($F$8),7+(O51-1)*4))) -> 69/100 | I51: =IF(ISERROR(F44),"",_xlfn.TEXTJOIN("/",FALSE,VLOOKUP(B44,INDIRECT($F$8),8+(O51-1)*4),VLOOKUP(A44,INDIRECT($F$8),8+(O51-1)*4))) -> 38/50 | K51: =IF(ISERROR(F44),"",_xlfn.TEXTJOIN("/",FALSE,VLOOKUP(B44,INDIRECT($F$8),9+(O51-1)*4),VLOOKUP(A44,INDIRECT($F$8),9+(O51-1)*4))) -> 107/150 | M51: =IF(ISERROR(F44),"",VLOOKUP(B44,INDIRECT($F$8),10+(O51-1)*4,0)) -> B | N51: =INDEX($W$2:$W$12,MATCH(M51,$V$2:$V$12,0)) -> 7 | O51: 3 | P51: =IFERROR(VALUE(IFERROR(LEFT(G51,SEARCH("/",G51)-1),0)),"") -> 69 | Q51: =IFERROR(VALUE(IFERROR(LEFT(I51,SEARCH("/",I51)-1),0)),"") -> 38 | R51: =IFERROR(VALUE(IFERROR(LEFT(K51,SEARCH("/",K51)-1),0)),"") -> 107 | S51: =VALUE(IFERROR(RIGHT(G51,LEN(G51)-SEARCH("/",G51)),0)) -> 100 | T51: =VALUE(IFERROR(RIGHT(I51,LEN(I51)-SEARCH("/",I51)),0)) -> 50 | U51: =VALUE(IFERROR(RIGHT(K51,LEN(K51)-SEARCH("/",K51)),0)) -> 150
A52: =IF(ISERROR(F44),"",VLOOKUP(C44,INDIRECT($F$8),7+(O52-1)*4,0)) -> BTT 306 | B52: =IF(ISERROR(F44),"",VLOOKUP(D44,INDIRECT($F$8),7+(O52-1)*4,0)) -> Bioprocess Engineering | F52: =IF(ISERROR(F44),"",VLOOKUP(E44,INDIRECT($F$8),7+(O52-1)*4,0)) -> 3 | G52: =IF(ISERROR(F44),"",_xlfn.TEXTJOIN("/",FALSE,VLOOKUP(B44,INDIRECT($F$8),7+(O52-1)*4),VLOOKUP(A44,INDIRECT($F$8),7+(O52-1)*4))) -> 76/100 | I52: =IF(ISERROR(F44),"",_xlfn.TEXTJOIN("/",FALSE,VLOOKUP(B44,INDIRECT($F$8),8+(O52-1)*4),VLOOKUP(A44,INDIRECT($F$8),8+(O52-1)*4))) -> 36/50 | K52: =IF(ISERROR(F44),"",_xlfn.TEXTJOIN("/",FALSE,VLOOKUP(B44,INDIRECT($F$8),9+(O52-1)*4),VLOOKUP(A44,INDIRECT($F$8),9+(O52-1)*4))) -> 112/150 | M52: =IF(ISERROR(F44),"",VLOOKUP(B44,INDIRECT($F$8),10+(O52-1)*4,0)) -> B | N52: =INDEX($W$2:$W$12,MATCH(M52,$V$2:$V$12,0)) -> 7 | O52: 4 | P52: =IFERROR(VALUE(IFERROR(LEFT(G52,SEARCH("/",G52)-1),0)),"") -> 76 | Q52: =IFERROR(VALUE(IFERROR(LEFT(I52,SEARCH("/",I52)-1),0)),"") -> 36 | R52: =IFERROR(VALUE(IFERROR(LEFT(K52,SEARCH("/",K52)-1),0)),"") -> 112 | S52: =VALUE(IFERROR(RIGHT(G52,LEN(G52)-SEARCH("/",G52)),0)) -> 100 | T52: =VALUE(IFERROR(RIGHT(I52,LEN(I52)-SEARCH("/",I52)),0)) -> 50 | U52: =VALUE(IFERROR(RIGHT(K52,LEN(K52)-SEARCH("/",K52)),0)) -> 150
A53: =IF(ISERROR(F44),"",VLOOKUP(C44,INDIRECT($F$8),7+(O53-1)*4,0)) -> BTT 311 | B53: =IF(ISERROR(F44),"",VLOOKUP(D44,INDIRECT($F$8),7+(O53-1)*4,0)) -> Herbal Biotechnology | F53: =IF(ISERROR(F44),"",VLOOKUP(E44,INDIRECT($F$8),7+(O53-1)*4,0)) -> 3 | G53: =IF(ISERROR(F44),"",_xlfn.TEXTJOIN("/",FALSE,VLOOKUP(B44,INDIRECT($F$8),7+(O53-1)*4),VLOOKUP(A44,INDIRECT($F$8),7+(O53-1)*4))) -> 80/100 | I53: =IF(ISERROR(F44),"",_xlfn.TEXTJOIN("/",FALSE,VLOOKUP(B44,INDIRECT($F$8),8+(O53-1)*4),VLOOKUP(A44,INDIRECT($F$8),8+(O53-1)*4))) -> 40/50 | K53: =IF(ISERROR(F44),"",_xlfn.TEXTJOIN("/",FALSE,VLOOKUP(B44,INDIRECT($F$8),9+(O53-1)*4),VLOOKUP(A44,INDIRECT($F$8),9+(O53-1)*4))) -> 120/150 | M53: =IF(ISERROR(F44),"",VLOOKUP(B44,INDIRECT($F$8),10+(O53-1)*4,0)) -> A | N53: =INDEX($W$2:$W$12,MATCH(M53,$V$2:$V$12,0)) -> 8 | O53: 5 | P53: =IFERROR(VALUE(IFERROR(LEFT(G53,SEARCH("/",G53)-1),0)),"") -> 80 | Q53: =IFERROR(VALUE(IFERROR(LEFT(I53,SEARCH("/",I53)-1),0)),"") -> 40 | R53: =IFERROR(VALUE(IFERROR(LEFT(K53,SEARCH("/",K53)-1),0)),"") -> 120 | S53: =VALUE(IFERROR(RIGHT(G53,LEN(G53)-SEARCH("/",G53)),0)) -> 100 | T53: =VALUE(IFERROR(RIGHT(I53,LEN(I53)-SEARCH("/",I53)),0)) -> 50 | U53: =VALUE(IFERROR(RIGHT(K53,LEN(K53)-SEARCH("/",K53)),0)) -> 150
A54: =IF(ISERROR(F44),"",VLOOKUP(C44,INDIRECT($F$8),7+(O54-1)*4,0)) -> AHT 302 | B54: =IF(ISERROR(F44),"",VLOOKUP(D44,INDIRECT($F$8),7+(O54-1)*4,0)) -> Research Methodology and IPR | F54: =IF(ISERROR(F44),"",VLOOKUP(E44,INDIRECT($F$8),7+(O54-1)*4,0)) -> 2 | G54: =IF(ISERROR(F44),"",_xlfn.TEXTJOIN("/",FALSE,VLOOKUP(B44,INDIRECT($F$8),7+(O54-1)*4),VLOOKUP(A44,INDIRECT($F$8),7+(O54-1)*4))) -> 47/50 | I54: =IF(ISERROR(F44),"",_xlfn.TEXTJOIN("/",FALSE,VLOOKUP(B44,INDIRECT($F$8),8+(O54-1)*4),VLOOKUP(A44,INDIRECT($F$8),8+(O54-1)*4))) -> 47/50 | K54: =IF(ISERROR(F44),"",_xlfn.TEXTJOIN("/",FALSE,VLOOKUP(B44,INDIRECT($F$8),9+(O54-1)*4),VLOOKUP(A44,INDIRECT($F$8),9+(O54-1)*4))) -> 94/100 | M54: =IF(ISERROR(F44),"",VLOOKUP(B44,INDIRECT($F$8),10+(O54-1)*4,0)) -> O | N54: =INDEX($W$2:$W$12,MATCH(M54,$V$2:$V$12,0)) -> 10 | O54: 6 | P54: =IFERROR(VALUE(IFERROR(LEFT(G54,SEARCH("/",G54)-1),0)),"") -> 47 | Q54: =IFERROR(VALUE(IFERROR(LEFT(I54,SEARCH("/",I54)-1),0)),"") -> 47 | R54: =IFERROR(VALUE(IFERROR(LEFT(K54,SEARCH("/",K54)-1),0)),"") -> 94 | S54: =VALUE(IFERROR(RIGHT(G54,LEN(G54)-SEARCH("/",G54)),0)) -> 50 | T54: =VALUE(IFERROR(RIGHT(I54,LEN(I54)-SEARCH("/",I54)),0)) -> 50 | U54: =VALUE(IFERROR(RIGHT(K54,LEN(K54)-SEARCH("/",K54)),0)) -> 100
A55: =VLOOKUP(C44,INDIRECT($F$8),7+(O55-1)*4,0) -> AHT 304 | B55: =VLOOKUP(D44,INDIRECT($F$8),7+(O55-1)*4,0) -> English for Research Writing ($) | F55: =VLOOKUP(E44,INDIRECT($F$8),7+(O55-1)*4,0) -> 0 | G55: =_xlfn.TEXTJOIN("/",FALSE,VLOOKUP(B44,INDIRECT($F$8),7+(O55-1)*4),VLOOKUP(A44,INDIRECT($F$8),7+(O55-1)*4)) -> 69/100 | I55: =_xlfn.TEXTJOIN("/",FALSE,VLOOKUP(B44,INDIRECT($F$8),8+(O55-1)*4)-Z55,VLOOKUP(A44,INDIRECT($F$8),8+(O55-1)*4-Z55)) -> 38/50 | K55: =_xlfn.TEXTJOIN("/",FALSE,VLOOKUP(B44,INDIRECT($F$8),9+(O55-1)*4),VLOOKUP(A44,INDIRECT($F$8),9+(O55-1)*4)) -> 107/150 | M55: =VLOOKUP(B44,INDIRECT($F$8),10+(O55-1)*4,0) -> B | N55: =INDEX($W$2:$W$12,MATCH(M55,$V$2:$V$12,0)) -> 7 | O55: 7 | P55: =IFERROR(VALUE(IFERROR(LEFT(G55,SEARCH("/",G55)-1),0)),"") -> 69 | Q55: =IFERROR(VALUE(IFERROR(LEFT(I55,SEARCH("/",I55)-1),0)),"") -> 38 | R55: =IFERROR(VALUE(IFERROR(LEFT(K55,SEARCH("/",K55)-1),0)),"") -> 107 | S55: =VALUE(IFERROR(RIGHT(G55,LEN(G55)-SEARCH("/",G55)),0)) -> 100 | T55: =VALUE(IFERROR(RIGHT(I55,LEN(I55)-SEARCH("/",I55)),0)) -> 50 | U55: =VALUE(IFERROR(RIGHT(K55,LEN(K55)-SEARCH("/",K55)),0)) -> 150 | V55: 1 | W55: 1 | X55: 1 | Y55: 1 | Z55: 0 | AA55: 1 | AB55: 1
A56: =VLOOKUP(C44,INDIRECT($F$8),7+(O56-1)*4,0) -> BTP 301 | B56: =VLOOKUP(D44,INDIRECT($F$8),7+(O56-1)*4,0) -> Biochemistry and Bioanalytical Techniques Lab ( Lab-I) | F56: =VLOOKUP(E44,INDIRECT($F$8),7+(O56-1)*4,0) -> 1 | G56: =_xlfn.TEXTJOIN("/",FALSE,VLOOKUP(B44,INDIRECT($F$8),7+(O56-1)*4),VLOOKUP(A44,INDIRECT($F$8),7+(O56-1)*4)) -> 20/25 | I56: =_xlfn.TEXTJOIN("/",FALSE,VLOOKUP(B44,INDIRECT($F$8),8+(O56-1)*4),VLOOKUP(A44,INDIRECT($F$8),8+(O56-1)*4)) -> 21/25 | K56: =_xlfn.TEXTJOIN("/",FALSE,VLOOKUP(B44,INDIRECT($F$8),9+(O56-1)*4),VLOOKUP(A44,INDIRECT($F$8),9+(O56-1)*4)) -> 41/50 | M56: =VLOOKUP(B44,INDIRECT($F$8),10+(O56-1)*4,0) -> A | N56: =INDEX($W$2:$W$12,MATCH(M56,$V$2:$V$12,0)) -> 8 | O56: 8 | P56: =IFERROR(VALUE(IFERROR(LEFT(G56,SEARCH("/",G56)-1),0)),"") -> 20 | Q56: =IFERROR(VALUE(IFERROR(LEFT(I56,SEARCH("/",I56)-1),0)),"") -> 21 | R56: =IFERROR(VALUE(IFERROR(LEFT(K56,SEARCH("/",K56)-1),0)),"") -> 41 | S56: =VALUE(IFERROR(RIGHT(G56,LEN(G56)-SEARCH("/",G56)),0)) -> 25 | T56: =VALUE(IFERROR(RIGHT(I56,LEN(I56)-SEARCH("/",I56)),0)) -> 25 | U56: =VALUE(IFERROR(RIGHT(K56,LEN(K56)-SEARCH("/",K56)),0)) -> 50 | V56: 1 | W56: 1 | X56: 1 | Y56: 1 | Z56: 1 | AA56: 1 | AB56: 1
A57: =VLOOKUP(C44,INDIRECT($F$8),7+(O57-1)*4,0) -> BTP 302 | B57: =VLOOKUP(D44,INDIRECT($F$8),7+(O57-1)*4,0) -> Microbial Biotechnology/ Bioprocess Engg. Lab (Lab-II ) | F57: =VLOOKUP(E44,INDIRECT($F$8),7+(O57-1)*4,0) -> 1 | G57: =_xlfn.TEXTJOIN("/",FALSE,VLOOKUP(B44,INDIRECT($F$8),7+(O57-1)*4),VLOOKUP(A44,INDIRECT($F$8),7+(O57-1)*4)) -> 21/25 | I57: =_xlfn.TEXTJOIN("/",FALSE,VLOOKUP(B44,INDIRECT($F$8),8+(O57-1)*4,0),VLOOKUP(A44,INDIRECT($F$8),8+(O57-1)*4,0)) -> 19/25 | K57: =_xlfn.TEXTJOIN("/",FALSE,VLOOKUP(B44,INDIRECT($F$8),9+(O57-1)*4,0),VLOOKUP(A44,INDIRECT($F$8),9+(O57-1)*4,0)) -> 40/50 | M57: =VLOOKUP(B44,INDIRECT($F$8),10+(O57-1)*4,0) -> A | N57: =INDEX($W$2:$W$12,MATCH(M57,$V$2:$V$12,0)) -> 8 | O57: 9 | P57: =IFERROR(VALUE(IFERROR(LEFT(G57,SEARCH("/",G57)-1),0)),"") -> 21 | Q57: =IFERROR(VALUE(IFERROR(LEFT(I57,SEARCH("/",I57)-1),0)),"") -> 19 | R57: =IFERROR(VALUE(IFERROR(LEFT(K57,SEARCH("/",K57)-1),0)),"") -> 40 | S57: =VALUE(IFERROR(RIGHT(G57,LEN(G57)-SEARCH("/",G57)),0)) -> 25 | T57: =VALUE(IFERROR(RIGHT(I57,LEN(I57)-SEARCH("/",I57)),0)) -> 25 | U57: =VALUE(IFERROR(RIGHT(K57,LEN(K57)-SEARCH("/",K57)),0)) -> 50 | V57: 1 | W57: 1 | X57: 1 | Y57: 1 | Z57: 1 | AA57: 1 | AB57: 1
A58: =IF(ISERROR(F44),"",A40) -> Total Credits/ Marks/ Total Grade Points | F58: =IF(ISERROR(F44),"",SUM(F49:F57)) -> 22 | G58: =IF(ISERROR(F44),"",_xlfn.TEXTJOIN("/",TRUE,SUMIF(F49:F57,">0",P49:P57),SUMIF(F49:F57,">0",S49:S57))) -> 433/600 | I58: =IF(ISERROR(F44),"",_xlfn.TEXTJOIN("/",TRUE,SUMIF(F49:F57,">0",Q49:Q57),SUMIF(F49:F57,">0",T49:T57))) -> 279/350 | K58: =IF(ISERROR(F44),"",IF(ISERROR(F44),"",_xlfn.TEXTJOIN("/",TRUE,SUMIF(F49:F57,">0",R49:R57),SUMIF(F49:F57,">0",U49:U57)))) -> 712/950 | M58: =IF(ISERROR(F44),"",SUMPRODUCT(N49:N57,F49:F57)) -> 157
A59: =IF(ISERROR(F44),"",A41) -> Result: | B59: =BT!AU13 -> PASS | D59: =IF(ISERROR(F44),"",D41) -> Remark: | E59: =BT!AV13 | G59: =IF(ISERROR(F44),"",G41) -> SGPA: | H59: =BT!AR13 -> 7.1363636 | I59: =IF(ISERROR(F44),"",I41) -> CGPA: | J59: =BT!AS13 -> 7.1363636 | K59: =IF(ISERROR(F44),"",K41) -> Earned Credits: | L59: =BT!AT13 -> 22 | M59: =IF(ISERROR(F44),"",M41) -> Cuml. Earned Credits: | N59: =BT!AW13 -> 22 | V59: 0
A62: M.M. | B62: =B44+1 -> 4 | C62: SC | D62: SN | E62: C | F62: =VLOOKUP(B62,INDIRECT($F$8),4,0) -> #N/A
A63: =IF(ISERROR(F62),"",A45) | B63: =IFERROR(VLOOKUP(B62,INDIRECT($F$8),5,0),"") | D63: =IF(ISERROR(F62),"",D45) | E63: =IFERROR(VLOOKUP(B62,INDIRECT($F$8),6,0),"") | G63: =IF(ISERROR(F62),"",G45) | I63: =IFERROR(VLOOKUP(B62,INDIRECT($F$8),2,0),"") | K63: =IF(ISERROR(F62),"",K45) | M63: =IFERROR(IF(VLOOKUP(B62,INDIRECT($F$8),3,0)=0,"",VLOOKUP(B62,INDIRECT($F$8),3,0)),"")
A65: =IF(ISERROR(F62),"",A47) | B65: =IF(ISERROR(F62),"",B47) | F65: =IF(ISERROR(F62),"",F47) | G65: =IF(ISERROR(F62),"",G47) | I65: =IF(ISERROR(F62),"",I47) | K65: =IF(ISERROR(F62),"",K47) | M65: =IF(ISERROR(F62),"",M47) | N65: =IF(ISERROR(F62),"",N47)
A67: =IF(ISERROR(F62),"",VLOOKUP(C62,INDIRECT($F$8),7+(O67-1)*4,0)) | B67: =IF(ISERROR(F62),"",VLOOKUP(D62,INDIRECT($F$8),7+(O67-1)*4,0)) | F67: =IF(ISERROR(F62),"",VLOOKUP(E62,INDIRECT($F$8),7+(O67-1)*4,0)) | G67: =IF(ISERROR(F62),"",_xlfn.TEXTJOIN("/",FALSE,VLOOKUP(B62,INDIRECT($F$8),7+(O67-1)*4),VLOOKUP(A62,INDIRECT($F$8),7+(O67-1)*4))) | I67: =IF(ISERROR(F62),"",_xlfn.TEXTJOIN("/",FALSE,VLOOKUP(B62,INDIRECT($F$8),8+(O67-1)*4,0),VLOOKUP(A62,INDIRECT($F$8),8+(O67-1)*4,0))) | K67: =IF(ISERROR(F62),"",_xlfn.TEXTJOIN("/",FALSE,VLOOKUP(B62,INDIRECT($F$8),9+(O67-1)*4),VLOOKUP(A62,INDIRECT($F$8),9+(O67-1)*4))) | M67: =IF(ISERROR(F62),"",VLOOKUP(B62,INDIRECT($F$8),10+(O67-1)*4,0)) | N67: =INDEX($W$2:$W$12,MATCH(M67,$V$2:$V$12,0)) | O67: 1 | P67: =IFERROR(VALUE(IFERROR(LEFT(G67,SEARCH("/",G67)-1),0)),"") -> 0 | Q67: =IFERROR(VALUE(IFERROR(LEFT(I67,SEARCH("/",I67)-1),0)),"") -> 0 | R67: =IFERROR(VALUE(IFERROR(LEFT(K67,SEARCH("/",K67)-1),0)),"") -> 0 | S67: =VALUE(IFERROR(RIGHT(G67,LEN(G67)-SEARCH("/",G67)),0)) -> 0 | T67: =VALUE(IFERROR(RIGHT(I67,LEN(I67)-SEARCH("/",I67)),0)) -> 0 | U67: =VALUE(IFERROR(RIGHT(K67,LEN(K67)-SEARCH("/",K67)),0)) -> 0
A68: =IF(ISERROR(F62),"",VLOOKUP(C62,INDIRECT($F$8),7+(O68-1)*4,0)) | B68: =IF(ISERROR(F62),"",VLOOKUP(D62,INDIRECT($F$8),7+(O68-1)*4,0)) | F68: =IF(ISERROR(F62),"",VLOOKUP(E62,INDIRECT($F$8),7+(O68-1)*4,0)) | G68: =IF(ISERROR(F62),"",_xlfn.TEXTJOIN("/",FALSE,VLOOKUP(B62,INDIRECT($F$8),7+(O68-1)*4),VLOOKUP(A62,INDIRECT($F$8),7+(O68-1)*4))) | I68: =IF(ISERROR(F62),"",_xlfn.TEXTJOIN("/",FALSE,VLOOKUP(B62,INDIRECT($F$8),8+(O68-1)*4),VLOOKUP(A62,INDIRECT($F$8),8+(O68-1)*4))) | K68: =IF(ISERROR(F62),"",_xlfn.TEXTJOIN("/",FALSE,VLOOKUP(B62,INDIRECT($F$8),9+(O68-1)*4),VLOOKUP(A62,INDIRECT($F$8),9+(O68-1)*4))) | M68: =IF(ISERROR(F62),"",VLOOKUP(B62,INDIRECT($F$8),10+(O68-1)*4,0)) | N68: =INDEX($W$2:$W$12,MATCH(M68,$V$2:$V$12,0)) | O68: 2 | P68: =IFERROR(VALUE(IFERROR(LEFT(G68,SEARCH("/",G68)-1),0)),"") -> 0 | Q68: =IFERROR(VALUE(IFERROR(LEFT(I68,SEARCH("/",I68)-1),0)),"") -> 0 | R68: =IFERROR(VALUE(IFERROR(LEFT(K68,SEARCH("/",K68)-1),0)),"") -> 0 | S68: =VALUE(IFERROR(RIGHT(G68,LEN(G68)-SEARCH("/",G68)),0)) -> 0 | T68: =VALUE(IFERROR(RIGHT(I68,LEN(I68)-SEARCH("/",I68)),0)) -> 0 | U68: =VALUE(IFERROR(RIGHT(K68,LEN(K68)-SEARCH("/",K68)),0)) -> 0
A69: =IF(ISERROR(F62),"",VLOOKUP(C62,INDIRECT($F$8),7+(O69-1)*4,0)) | B69: =IF(ISERROR(F62),"",VLOOKUP(D62,INDIRECT($F$8),7+(O69-1)*4,0)) | F69: =IF(ISERROR(F62),"",VLOOKUP(E62,INDIRECT($F$8),7+(O69-1)*4,0)) | G69: =IF(ISERROR(F62),"",_xlfn.TEXTJOIN("/",FALSE,VLOOKUP(B62,INDIRECT($F$8),7+(O69-1)*4),VLOOKUP(A62,INDIRECT($F$8),7+(O69-1)*4))) | I69: =IF(ISERROR(F62),"",_xlfn.TEXTJOIN("/",FALSE,VLOOKUP(B62,INDIRECT($F$8),8+(O69-1)*4),VLOOKUP(A62,INDIRECT($F$8),8+(O69-1)*4))) | K69: =IF(ISERROR(F62),"",_xlfn.TEXTJOIN("/",FALSE,VLOOKUP(B62,INDIRECT($F$8),9+(O69-1)*4),VLOOKUP(A62,INDIRECT($F$8),9+(O69-1)*4))) | M69: =IF(ISERROR(F62),"",VLOOKUP(B62,INDIRECT($F$8),10+(O69-1)*4,0)) | N69: =INDEX($W$2:$W$12,MATCH(M69,$V$2:$V$12,0)) | O69: 3 | P69: =IFERROR(VALUE(IFERROR(LEFT(G69,SEARCH("/",G69)-1),0)),"") -> 0 | Q69: =IFERROR(VALUE(IFERROR(LEFT(I69,SEARCH("/",I69)-1),0)),"") -> 0 | R69: =IFERROR(VALUE(IFERROR(LEFT(K69,SEARCH("/",K69)-1),0)),"") -> 0 | S69: =VALUE(IFERROR(RIGHT(G69,LEN(G69)-SEARCH("/",G69)),0)) -> 0 | T69: =VALUE(IFERROR(RIGHT(I69,LEN(I69)-SEARCH("/",I69)),0)) -> 0 | U69: =VALUE(IFERROR(RIGHT(K69,LEN(K69)-SEARCH("/",K69)),0)) -> 0
A70: =IF(ISERROR(F62),"",VLOOKUP(C62,INDIRECT($F$8),7+(O70-1)*4,0)) | B70: =IF(ISERROR(F62),"",VLOOKUP(D62,INDIRECT($F$8),7+(O70-1)*4,0)) | F70: =IF(ISERROR(F62),"",VLOOKUP(E62,INDIRECT($F$8),7+(O70-1)*4,0)) | G70: =IF(ISERROR(F62),"",_xlfn.TEXTJOIN("/",FALSE,VLOOKUP(B62,INDIRECT($F$8),7+(O70-1)*4),VLOOKUP(A62,INDIRECT($F$8),7+(O70-1)*4))) | I70: =IF(ISERROR(F62),"",_xlfn.TEXTJOIN("/",FALSE,VLOOKUP(B62,INDIRECT($F$8),8+(O70-1)*4),VLOOKUP(A62,INDIRECT($F$8),8+(O70-1)*4))) | K70: =IF(ISERROR(F62),"",_xlfn.TEXTJOIN("/",FALSE,VLOOKUP(B62,INDIRECT($F$8),9+(O70-1)*4),VLOOKUP(A62,INDIRECT($F$8),9+(O70-1)*4))) | M70: =IF(ISERROR(F62),"",VLOOKUP(B62,INDIRECT($F$8),10+(O70-1)*4,0)) | N70: =INDEX($W$2:$W$12,MATCH(M70,$V$2:$V$12,0)) | O70: 4 | P70: =IFERROR(VALUE(IFERROR(LEFT(G70,SEARCH("/",G70)-1),0)),"") -> 0 | Q70: =IFERROR(VALUE(IFERROR(LEFT(I70,SEARCH("/",I70)-1),0)),"") -> 0 | R70: =IFERROR(VALUE(IFERROR(LEFT(K70,SEARCH("/",K70)-1),0)),"") -> 0 | S70: =VALUE(IFERROR(RIGHT(G70,LEN(G70)-SEARCH("/",G70)),0)) -> 0 | T70: =VALUE(IFERROR(RIGHT(I70,LEN(I70)-SEARCH("/",I70)),0)) -> 0 | U70: =VALUE(IFERROR(RIGHT(K70,LEN(K70)-SEARCH("/",K70)),0)) -> 0
A71: =IF(ISERROR(F62),"",VLOOKUP(C62,INDIRECT($F$8),7+(O71-1)*4,0)) | B71: =IF(ISERROR(F62),"",VLOOKUP(D62,INDIRECT($F$8),7+(O71-1)*4,0)) | F71: =IF(ISERROR(F62),"",VLOOKUP(E62,INDIRECT($F$8),7+(O71-1)*4,0)) | G71: =IF(ISERROR(F62),"",_xlfn.TEXTJOIN("/",FALSE,VLOOKUP(B62,INDIRECT($F$8),7+(O71-1)*4),VLOOKUP(A62,INDIRECT($F$8),7+(O71-1)*4))) | I71: =IF(ISERROR(F62),"",_xlfn.TEXTJOIN("/",FALSE,VLOOKUP(B62,INDIRECT($F$8),8+(O71-1)*4),VLOOKUP(A62,INDIRECT($F$8),8+(O71-1)*4))) | K71: =IF(ISERROR(F62),"",_xlfn.TEXTJOIN("/",FALSE,VLOOKUP(B62,INDIRECT($F$8),9+(O71-1)*4),VLOOKUP(A62,INDIRECT($F$8),9+(O71-1)*4))) | M71: =IF(ISERROR(F62),"",VLOOKUP(B62,INDIRECT($F$8),10+(O71-1)*4,0)) | N71: =INDEX($W$2:$W$12,MATCH(M71,$V$2:$V$12,0)) | O71: 5 | P71: =IFERROR(VALUE(IFERROR(LEFT(G71,SEARCH("/",G71)-1),0)),"") -> 0 | Q71: =IFERROR(VALUE(IFERROR(LEFT(I71,SEARCH("/",I71)-1),0)),"") -> 0 | R71: =IFERROR(VALUE(IFERROR(LEFT(K71,SEARCH("/",K71)-1),0)),"") -> 0 | S71: =VALUE(IFERROR(RIGHT(G71,LEN(G71)-SEARCH("/",G71)),0)) -> 0 | T71: =VALUE(IFERROR(RIGHT(I71,LEN(I71)-SEARCH("/",I71)),0)) -> 0 | U71: =VALUE(IFERROR(RIGHT(K71,LEN(K71)-SEARCH("/",K71)),0)) -> 0
A72: =IF(ISERROR(F62),"",VLOOKUP(C62,INDIRECT($F$8),7+(O72-1)*4,0)) | B72: =IF(ISERROR(F62),"",VLOOKUP(D62,INDIRECT($F$8),7+(O72-1)*4,0)) | F72: =IF(ISERROR(F62),"",VLOOKUP(E62,INDIRECT($F$8),7+(O72-1)*4,0)) | G72: =IF(ISERROR(F62),"",_xlfn.TEXTJOIN("/",FALSE,VLOOKUP(B62,INDIRECT($F$8),7+(O72-1)*4),VLOOKUP(A62,INDIRECT($F$8),7+(O72-1)*4))) | I72: =IF(ISERROR(F62),"",_xlfn.TEXTJOIN("/",FALSE,VLOOKUP(B62,INDIRECT($F$8),8+(O72-1)*4),VLOOKUP(A62,INDIRECT($F$8),8+(O72-1)*4))) | K72: =IF(ISERROR(F62),"",_xlfn.TEXTJOIN("/",FALSE,VLOOKUP(B62,INDIRECT($F$8),9+(O72-1)*4),VLOOKUP(A62,INDIRECT($F$8),9+(O72-1)*4))) | M72: =IF(ISERROR(F62),"",VLOOKUP(B62,INDIRECT($F$8),10+(O72-1)*4,0)) | N72: =INDEX($W$2:$W$12,MATCH(M72,$V$2:$V$12,0)) | O72: 6 | P72: =IFERROR(VALUE(IFERROR(LEFT(G72,SEARCH("/",G72)-1),0)),"") -> 0 | Q72: =IFERROR(VALUE(IFERROR(LEFT(I72,SEARCH("/",I72)-1),0)),"") -> 0 | R72: =IFERROR(VALUE(IFERROR(LEFT(K72,SEARCH("/",K72)-1),0)),"") -> 0 | S72: =VALUE(IFERROR(RIGHT(G72,LEN(G72)-SEARCH("/",G72)),0)) -> 0 | T72: =VALUE(IFERROR(RIGHT(I72,LEN(I72)-SEARCH("/",I72)),0)) -> 0 | U72: =VALUE(IFERROR(RIGHT(K72,LEN(K72)-SEARCH("/",K72)),0)) -> 0
A73: =VLOOKUP(C62,INDIRECT($F$8),7+(O73-1)*4,0) -> AHT 304 | B73: =VLOOKUP(D62,INDIRECT($F$8),7+(O73-1)*4,0) -> English for Research Writing ($) | F73: =VLOOKUP(E62,INDIRECT($F$8),7+(O73-1)*4,0) -> 0 | G73: =_xlfn.TEXTJOIN("/",FALSE,VLOOKUP(B62,INDIRECT($F$8),7+(O73-1)*4),VLOOKUP(A62,INDIRECT($F$8),7+(O73-1)*4)) -> 69/100 | I73: =_xlfn.TEXTJOIN("/",FALSE,VLOOKUP(B62,INDIRECT($F$8),8+(O73-1)*4)-Z73,VLOOKUP(A62,INDIRECT($F$8),8+(O73-1)*4-Z73)) -> 38/50 | K73: =_xlfn.TEXTJOIN("/",FALSE,VLOOKUP(B62,INDIRECT($F$8),9+(O73-1)*4),VLOOKUP(A62,INDIRECT($F$8),9+(O73-1)*4)) -> 107/150 | M73: =VLOOKUP(B62,INDIRECT($F$8),10+(O73-1)*4,0) -> #N/A | N73: =INDEX($W$2:$W$12,MATCH(M73,$V$2:$V$12,0)) -> #N/A | O73: 7 | P73: =IFERROR(VALUE(IFERROR(LEFT(G73,SEARCH("/",G73)-1),0)),"") -> 69 | Q73: =IFERROR(VALUE(IFERROR(LEFT(I73,SEARCH("/",I73)-1),0)),"") -> 38 | R73: =IFERROR(VALUE(IFERROR(LEFT(K73,SEARCH("/",K73)-1),0)),"") -> 107 | S73: =VALUE(IFERROR(RIGHT(G73,LEN(G73)-SEARCH("/",G73)),0)) -> 100 | T73: =VALUE(IFERROR(RIGHT(I73,LEN(I73)-SEARCH("/",I73)),0)) -> 50 | U73: =VALUE(IFERROR(RIGHT(K73,LEN(K73)-SEARCH("/",K73)),0)) -> 150 | V73: 1 | W73: 1 | X73: 1 | Y73: 1 | Z73: 0 | AA73: 1 | AB73: 1
A74: =VLOOKUP(C62,INDIRECT($F$8),7+(O74-1)*4,0) -> BTP 301 | B74: =VLOOKUP(D62,INDIRECT($F$8),7+(O74-1)*4,0) -> Biochemistry and Bioanalytical Techniques Lab ( Lab-I) | F74: =VLOOKUP(E62,INDIRECT($F$8),7+(O74-1)*4,0) -> 1 | G74: =_xlfn.TEXTJOIN("/",FALSE,VLOOKUP(B62,INDIRECT($F$8),7+(O74-1)*4),VLOOKUP(A62,INDIRECT($F$8),7+(O74-1)*4)) -> 20/25 | I74: =_xlfn.TEXTJOIN("/",FALSE,VLOOKUP(B62,INDIRECT($F$8),8+(O74-1)*4),VLOOKUP(A62,INDIRECT($F$8),8+(O74-1)*4)) -> 21/25 | K74: =_xlfn.TEXTJOIN("/",FALSE,VLOOKUP(B62,INDIRECT($F$8),9+(O74-1)*4),VLOOKUP(A62,INDIRECT($F$8),9+(O74-1)*4)) -> 41/50 | M74: =VLOOKUP(B62,INDIRECT($F$8),10+(O74-1)*4,0) -> #N/A | N74: =INDEX($W$2:$W$12,MATCH(M74,$V$2:$V$12,0)) -> #N/A | O74: 8 | P74: =IFERROR(VALUE(IFERROR(LEFT(G74,SEARCH("/",G74)-1),0)),"") -> 20 | Q74: =IFERROR(VALUE(IFERROR(LEFT(I74,SEARCH("/",I74)-1),0)),"") -> 21 | R74: =IFERROR(VALUE(IFERROR(LEFT(K74,SEARCH("/",K74)-1),0)),"") -> 41 | S74: =VALUE(IFERROR(RIGHT(G74,LEN(G74)-SEARCH("/",G74)),0)) -> 25 | T74: =VALUE(IFERROR(RIGHT(I74,LEN(I74)-SEARCH("/",I74)),0)) -> 25 | U74: =VALUE(IFERROR(RIGHT(K74,LEN(K74)-SEARCH("/",K74)),0)) -> 50 | V74: 1 | W74: 1 | X74: 1 | Y74: 1 | Z74: 1 | AA74: 1 | AB74: 1
A75: =VLOOKUP(C62,INDIRECT($F$8),7+(O75-1)*4,0) -> BTP 302 | B75: =VLOOKUP(D62,INDIRECT($F$8),7+(O75-1)*4,0) -> Microbial Biotechnology/ Bioprocess Engg. Lab (Lab-II ) | F75: =VLOOKUP(E62,INDIRECT($F$8),7+(O75-1)*4,0) -> 1 | G75: =_xlfn.TEXTJOIN("/",FALSE,VLOOKUP(B62,INDIRECT($F$8),7+(O75-1)*4),VLOOKUP(A62,INDIRECT($F$8),7+(O75-1)*4)) -> 21/25 | I75: =_xlfn.TEXTJOIN("/",FALSE,VLOOKUP(B62,INDIRECT($F$8),8+(O75-1)*4,0),VLOOKUP(A62,INDIRECT($F$8),8+(O75-1)*4,0)) -> #N/A | K75: =_xlfn.TEXTJOIN("/",FALSE,VLOOKUP(B62,INDIRECT($F$8),9+(O75-1)*4,0),VLOOKUP(A62,INDIRECT($F$8),9+(O75-1)*4,0)) -> #N/A | M75: =VLOOKUP(B62,INDIRECT($F$8),10+(O75-1)*4,0) -> #N/A | N75: =INDEX($W$2:$W$12,MATCH(M75,$V$2:$V$12,0)) -> #N/A | O75: 9 | P75: =IFERROR(VALUE(IFERROR(LEFT(G75,SEARCH("/",G75)-1),0)),"") -> 21 | Q75: =IFERROR(VALUE(IFERROR(LEFT(I75,SEARCH("/",I75)-1),0)),"") -> 0 | R75: =IFERROR(VALUE(IFERROR(LEFT(K75,SEARCH("/",K75)-1),0)),"") -> 0 | S75: =VALUE(IFERROR(RIGHT(G75,LEN(G75)-SEARCH("/",G75)),0)) -> 25 | T75: =VALUE(IFERROR(RIGHT(I75,LEN(I75)-SEARCH("/",I75)),0)) -> 0 | U75: =VALUE(IFERROR(RIGHT(K75,LEN(K75)-SEARCH("/",K75)),0)) -> 0 | V75: 1 | W75: 1 | X75: 1 | Y75: 1 | Z75: 1 | AA75: 1 | AB75: 1
A76: =IF(ISERROR(F62),"",A58) | F76: =IF(ISERROR(F62),"",SUM(F67:F75)) | G76: =IF(ISERROR(F62),"",_xlfn.TEXTJOIN("/",TRUE,SUMIF(F67:F75,">0",P67:P75),SUMIF(F67:F75,">0",S67:S75))) | I76: =IF(ISERROR(F62),"",_xlfn.TEXTJOIN("/",TRUE,SUMIF(F67:F75,">0",Q67:Q75),SUMIF(F67:F75,">0",T67:T75))) | K76: =IF(ISERROR(F62),"",IF(ISERROR(F62),"",_xlfn.TEXTJOIN("/",TRUE,SUMIF(F67:F75,">0",R67:R75),SUMIF(F67:F75,">0",U67:U75)))) | M76: =IF(ISERROR(F62),"",SUMPRODUCT(N67:N75,F67:F75))
A77: =IF(ISERROR(F62),"",A59) | B77: =BT!AU14 -> 0 | D77: =IF(ISERROR(F62),"",D59) | E77: =BT!AV14 -> 0 | G77: =IF(ISERROR(F62),"",G59) | H77: =BT!AR14 -> 0 | I77: =IF(ISERROR(F62),"",I59) | J77: =BT!AS14 -> 0 | K77: =IF(ISERROR(F62),"",K59) | L77: =BT!AT14 -> 0 | M77: =IF(ISERROR(F62),"",M59) | N77: =BT!AW14 -> 0 | V77: 0
A80: M.M. | B80: =B62+1 -> 5 | C80: SC | D80: SN | E80: C | F80: =VLOOKUP(B80,INDIRECT($F$8),4,0) -> #N/A
A81: =IF(ISERROR(F80),"",A63) | B81: =IFERROR(VLOOKUP(B80,INDIRECT($F$8),5,0),"") | D81: =IF(ISERROR(F80),"",D63) | E81: =IFERROR(VLOOKUP(B80,INDIRECT($F$8),6,0),"") | G81: =IF(ISERROR(F80),"",G63) | I81: =IFERROR(VLOOKUP(B80,INDIRECT($F$8),2,0),"") | K81: =IF(ISERROR(F80),"",K63) | M81: =IFERROR(IF(VLOOKUP(B80,INDIRECT($F$8),3,0)=0,"",VLOOKUP(B80,INDIRECT($F$8),3,0)),"")
A83: =IF(ISERROR(F80),"",A65) | B83: =IF(ISERROR(F80),"",B65) | F83: =IF(ISERROR(F80),"",F65) | G83: =IF(ISERROR(F80),"",G65) | I83: =IF(ISERROR(F80),"",I65) | K83: =IF(ISERROR(F80),"",K65) | M83: =IF(ISERROR(F80),"",M65) | N83: =IF(ISERROR(F80),"",N65)
A85: =IF(ISERROR(F80),"",VLOOKUP(C80,INDIRECT($F$8),7+(O85-1)*4,0)) | B85: =IF(ISERROR(F80),"",VLOOKUP(D80,INDIRECT($F$8),7+(O85-1)*4,0)) | F85: =IF(ISERROR(F80),"",VLOOKUP(E80,INDIRECT($F$8),7+(O85-1)*4,0)) | G85: =IF(ISERROR(F80),"",_xlfn.TEXTJOIN("/",FALSE,VLOOKUP(B80,INDIRECT($F$8),7+(O85-1)*4),VLOOKUP(A80,INDIRECT($F$8),7+(O85-1)*4))) | I85: =IF(ISERROR(F80),"",_xlfn.TEXTJOIN("/",FALSE,VLOOKUP(B80,INDIRECT($F$8),8+(O85-1)*4,0),VLOOKUP(A80,INDIRECT($F$8),8+(O85-1)*4,0))) | K85: =IF(ISERROR(F80),"",_xlfn.TEXTJOIN("/",FALSE,VLOOKUP(B80,INDIRECT($F$8),9+(O85-1)*4),VLOOKUP(A80,INDIRECT($F$8),9+(O85-1)*4))) | M85: =IF(ISERROR(F80),"",VLOOKUP(B80,INDIRECT($F$8),10+(O85-1)*4,0)) | N85: =INDEX($W$2:$W$12,MATCH(M85,$V$2:$V$12,0)) | O85: 1 | P85: =IFERROR(VALUE(IFERROR(LEFT(G85,SEARCH("/",G85)-1),0)),"") -> 0 | Q85: =IFERROR(VALUE(IFERROR(LEFT(I85,SEARCH("/",I85)-1),0)),"") -> 0 | R85: =IFERROR(VALUE(IFERROR(LEFT(K85,SEARCH("/",K85)-1),0)),"") -> 0 | S85: =VALUE(IFERROR(RIGHT(G85,LEN(G85)-SEARCH("/",G85)),0)) -> 0 | T85: =VALUE(IFERROR(RIGHT(I85,LEN(I85)-SEARCH("/",I85)),0)) -> 0 | U85: =VALUE(IFERROR(RIGHT(K85,LEN(K85)-SEARCH("/",K85)),0)) -> 0
A86: =IF(ISERROR(F80),"",VLOOKUP(C80,INDIRECT($F$8),7+(O86-1)*4,0)) | B86: =IF(ISERROR(F80),"",VLOOKUP(D80,INDIRECT($F$8),7+(O86-1)*4,0)) | F86: =IF(ISERROR(F80),"",VLOOKUP(E80,INDIRECT($F$8),7+(O86-1)*4,0)) | G86: =IF(ISERROR(F80),"",_xlfn.TEXTJOIN("/",FALSE,VLOOKUP(B80,INDIRECT($F$8),7+(O86-1)*4),VLOOKUP(A80,INDIRECT($F$8),7+(O86-1)*4))) | I86: =IF(ISERROR(F80),"",_xlfn.TEXTJOIN("/",FALSE,VLOOKUP(B80,INDIRECT($F$8),8+(O86-1)*4),VLOOKUP(A80,INDIRECT($F$8),8+(O86-1)*4))) | K86: =IF(ISERROR(F80),"",_xlfn.TEXTJOIN("/",FALSE,VLOOKUP(B80,INDIRECT($F$8),9+(O86-1)*4),VLOOKUP(A80,INDIRECT($F$8),9+(O86-1)*4))) | M86: =IF(ISERROR(F80),"",VLOOKUP(B80,INDIRECT($F$8),10+(O86-1)*4,0)) | N86: =INDEX($W$2:$W$12,MATCH(M86,$V$2:$V$12,0)) | O86: 2 | P86: =IFERROR(VALUE(IFERROR(LEFT(G86,SEARCH("/",G86)-1),0)),"") -> 0 | Q86: =IFERROR(VALUE(IFERROR(LEFT(I86,SEARCH("/",I86)-1),0)),"") -> 0 | R86: =IFERROR(VALUE(IFERROR(LEFT(K86,SEARCH("/",K86)-1),0)),"") -> 0 | S86: =VALUE(IFERROR(RIGHT(G86,LEN(G86)-SEARCH("/",G86)),0)) -> 0 | T86: =VALUE(IFERROR(RIGHT(I86,LEN(I86)-SEARCH("/",I86)),0)) -> 0 | U86: =VALUE(IFERROR(RIGHT(K86,LEN(K86)-SEARCH("/",K86)),0)) -> 0
A87: =IF(ISERROR(F80),"",VLOOKUP(C80,INDIRECT($F$8),7+(O87-1)*4,0)) | B87: =IF(ISERROR(F80),"",VLOOKUP(D80,INDIRECT($F$8),7+(O87-1)*4,0)) | F87: =IF(ISERROR(F80),"",VLOOKUP(E80,INDIRECT($F$8),7+(O87-1)*4,0)) | G87: =IF(ISERROR(F80),"",_xlfn.TEXTJOIN("/",FALSE,VLOOKUP(B80,INDIRECT($F$8),7+(O87-1)*4),VLOOKUP(A80,INDIRECT($F$8),7+(O87-1)*4))) | I87: =IF(ISERROR(F80),"",_xlfn.TEXTJOIN("/",FALSE,VLOOKUP(B80,INDIRECT($F$8),8+(O87-1)*4),VLOOKUP(A80,INDIRECT($F$8),8+(O87-1)*4))) | K87: =IF(ISERROR(F80),"",_xlfn.TEXTJOIN("/",FALSE,VLOOKUP(B80,INDIRECT($F$8),9+(O87-1)*4),VLOOKUP(A80,INDIRECT($F$8),9+(O87-1)*4))) | M87: =IF(ISERROR(F80),"",VLOOKUP(B80,INDIRECT($F$8),10+(O87-1)*4,0)) | N87: =INDEX($W$2:$W$12,MATCH(M87,$V$2:$V$12,0)) | O87: 3 | P87: =IFERROR(VALUE(IFERROR(LEFT(G87,SEARCH("/",G87)-1),0)),"") -> 0 | Q87: =IFERROR(VALUE(IFERROR(LEFT(I87,SEARCH("/",I87)-1),0)),"") -> 0 | R87: =IFERROR(VALUE(IFERROR(LEFT(K87,SEARCH("/",K87)-1),0)),"") -> 0 | S87: =VALUE(IFERROR(RIGHT(G87,LEN(G87)-SEARCH("/",G87)),0)) -> 0 | T87: =VALUE(IFERROR(RIGHT(I87,LEN(I87)-SEARCH("/",I87)),0)) -> 0 | U87: =VALUE(IFERROR(RIGHT(K87,LEN(K87)-SEARCH("/",K87)),0)) -> 0
A88: =IF(ISERROR(F80),"",VLOOKUP(C80,INDIRECT($F$8),7+(O88-1)*4,0)) | B88: =IF(ISERROR(F80),"",VLOOKUP(D80,INDIRECT($F$8),7+(O88-1)*4,0)) | F88: =IF(ISERROR(F80),"",VLOOKUP(E80,INDIRECT($F$8),7+(O88-1)*4,0)) | G88: =IF(ISERROR(F80),"",_xlfn.TEXTJOIN("/",FALSE,VLOOKUP(B80,INDIRECT($F$8),7+(O88-1)*4),VLOOKUP(A80,INDIRECT($F$8),7+(O88-1)*4))) | I88: =IF(ISERROR(F80),"",_xlfn.TEXTJOIN("/",FALSE,VLOOKUP(B80,INDIRECT($F$8),8+(O88-1)*4),VLOOKUP(A80,INDIRECT($F$8),8+(O88-1)*4))) | K88: =IF(ISERROR(F80),"",_xlfn.TEXTJOIN("/",FALSE,VLOOKUP(B80,INDIRECT($F$8),9+(O88-1)*4),VLOOKUP(A80,INDIRECT($F$8),9+(O88-1)*4))) | M88: =IF(ISERROR(F80),"",VLOOKUP(B80,INDIRECT($F$8),10+(O88-1)*4,0)) | N88: =INDEX($W$2:$W$12,MATCH(M88,$V$2:$V$12,0)) | O88: 4 | P88: =IFERROR(VALUE(IFERROR(LEFT(G88,SEARCH("/",G88)-1),0)),"") -> 0 | Q88: =IFERROR(VALUE(IFERROR(LEFT(I88,SEARCH("/",I88)-1),0)),"") -> 0 | R88: =IFERROR(VALUE(IFERROR(LEFT(K88,SEARCH("/",K88)-1),0)),"") -> 0 | S88: =VALUE(IFERROR(RIGHT(G88,LEN(G88)-SEARCH("/",G88)),0)) -> 0 | T88: =VALUE(IFERROR(RIGHT(I88,LEN(I88)-SEARCH("/",I88)),0)) -> 0 | U88: =VALUE(IFERROR(RIGHT(K88,LEN(K88)-SEARCH("/",K88)),0)) -> 0
A89: =IF(ISERROR(F80),"",VLOOKUP(C80,INDIRECT($F$8),7+(O89-1)*4,0)) | B89: =IF(ISERROR(F80),"",VLOOKUP(D80,INDIRECT($F$8),7+(O89-1)*4,0)) | F89: =IF(ISERROR(F80),"",VLOOKUP(E80,INDIRECT($F$8),7+(O89-1)*4,0)) | G89: =IF(ISERROR(F80),"",_xlfn.TEXTJOIN("/",FALSE,VLOOKUP(B80,INDIRECT($F$8),7+(O89-1)*4),VLOOKUP(A80,INDIRECT($F$8),7+(O89-1)*4))) | I89: =IF(ISERROR(F80),"",_xlfn.TEXTJOIN("/",FALSE,VLOOKUP(B80,INDIRECT($F$8),8+(O89-1)*4),VLOOKUP(A80,INDIRECT($F$8),8+(O89-1)*4))) | K89: =IF(ISERROR(F80),"",_xlfn.TEXTJOIN("/",FALSE,VLOOKUP(B80,INDIRECT($F$8),9+(O89-1)*4),VLOOKUP(A80,INDIRECT($F$8),9+(O89-1)*4))) | M89: =IF(ISERROR(F80),"",VLOOKUP(B80,INDIRECT($F$8),10+(O89-1)*4,0)) | N89: =INDEX($W$2:$W$12,MATCH(M89,$V$2:$V$12,0)) | O89: 5 | P89: =IFERROR(VALUE(IFERROR(LEFT(G89,SEARCH("/",G89)-1),0)),"") -> 0 | Q89: =IFERROR(VALUE(IFERROR(LEFT(I89,SEARCH("/",I89)-1),0)),"") -> 0 | R89: =IFERROR(VALUE(IFERROR(LEFT(K89,SEARCH("/",K89)-1),0)),"") -> 0 | S89: =VALUE(IFERROR(RIGHT(G89,LEN(G89)-SEARCH("/",G89)),0)) -> 0 | T89: =VALUE(IFERROR(RIGHT(I89,LEN(I89)-SEARCH("/",I89)),0)) -> 0 | U89: =VALUE(IFERROR(RIGHT(K89,LEN(K89)-SEARCH("/",K89)),0)) -> 0
A90: =IF(ISERROR(F80),"",VLOOKUP(C80,INDIRECT($F$8),7+(O90-1)*4,0)) | B90: =IF(ISERROR(F80),"",VLOOKUP(D80,INDIRECT($F$8),7+(O90-1)*4,0)) | F90: =IF(ISERROR(F80),"",VLOOKUP(E80,INDIRECT($F$8),7+(O90-1)*4,0)) | G90: =IF(ISERROR(F80),"",_xlfn.TEXTJOIN("/",FALSE,VLOOKUP(B80,INDIRECT($F$8),7+(O90-1)*4),VLOOKUP(A80,INDIRECT($F$8),7+(O90-1)*4))) | I90: =IF(ISERROR(F80),"",_xlfn.TEXTJOIN("/",FALSE,VLOOKUP(B80,INDIRECT($F$8),8+(O90-1)*4),VLOOKUP(A80,INDIRECT($F$8),8+(O90-1)*4))) | K90: =IF(ISERROR(F80),"",_xlfn.TEXTJOIN("/",FALSE,VLOOKUP(B80,INDIRECT($F$8),9+(O90-1)*4),VLOOKUP(A80,INDIRECT($F$8),9+(O90-1)*4))) | M90: =IF(ISERROR(F80),"",VLOOKUP(B80,INDIRECT($F$8),10+(O90-1)*4,0)) | N90: =INDEX($W$2:$W$12,MATCH(M90,$V$2:$V$12,0)) | O90: 6 | P90: =IFERROR(VALUE(IFERROR(LEFT(G90,SEARCH("/",G90)-1),0)),"") -> 0 | Q90: =IFERROR(VALUE(IFERROR(LEFT(I90,SEARCH("/",I90)-1),0)),"") -> 0 | R90: =IFERROR(VALUE(IFERROR(LEFT(K90,SEARCH("/",K90)-1),0)),"") -> 0 | S90: =VALUE(IFERROR(RIGHT(G90,LEN(G90)-SEARCH("/",G90)),0)) -> 0 | T90: =VALUE(IFERROR(RIGHT(I90,LEN(I90)-SEARCH("/",I90)),0)) -> 0 | U90: =VALUE(IFERROR(RIGHT(K90,LEN(K90)-SEARCH("/",K90)),0)) -> 0
A91: =VLOOKUP(C80,INDIRECT($F$8),7+(O91-1)*4,0) -> AHT 304 | B91: =VLOOKUP(D80,INDIRECT($F$8),7+(O91-1)*4,0) -> English for Research Writing ($) | F91: =VLOOKUP(E80,INDIRECT($F$8),7+(O91-1)*4,0) -> 0 | G91: =_xlfn.TEXTJOIN("/",FALSE,VLOOKUP(B80,INDIRECT($F$8),7+(O91-1)*4),VLOOKUP(A80,INDIRECT($F$8),7+(O91-1)*4)) -> 69/100 | I91: =_xlfn.TEXTJOIN("/",FALSE,VLOOKUP(B80,INDIRECT($F$8),8+(O91-1)*4)-Z91,VLOOKUP(A80,INDIRECT($F$8),8+(O91-1)*4-Z91)) -> 38/50 | K91: =_xlfn.TEXTJOIN("/",FALSE,VLOOKUP(B80,INDIRECT($F$8),9+(O91-1)*4),VLOOKUP(A80,INDIRECT($F$8),9+(O91-1)*4)) -> 107/150 | M91: =VLOOKUP(B80,INDIRECT($F$8),10+(O91-1)*4,0) -> #N/A | N91: =INDEX($W$2:$W$12,MATCH(M91,$V$2:$V$12,0)) -> #N/A | O91: 7 | P91: =IFERROR(VALUE(IFERROR(LEFT(G91,SEARCH("/",G91)-1),0)),"") -> 69 | Q91: =IFERROR(VALUE(IFERROR(LEFT(I91,SEARCH("/",I91)-1),0)),"") -> 38 | R91: =IFERROR(VALUE(IFERROR(LEFT(K91,SEARCH("/",K91)-1),0)),"") -> 107 | S91: =VALUE(IFERROR(RIGHT(G91,LEN(G91)-SEARCH("/",G91)),0)) -> 100 | T91: =VALUE(IFERROR(RIGHT(I91,LEN(I91)-SEARCH("/",I91)),0)) -> 50 | U91: =VALUE(IFERROR(RIGHT(K91,LEN(K91)-SEARCH("/",K91)),0)) -> 150 | V91: 1 | W91: 1 | X91: 1 | Y91: 1 | Z91: 0 | AA91: 1 | AB91: 1
A92: =VLOOKUP(C80,INDIRECT($F$8),7+(O92-1)*4,0) -> BTP 301 | B92: =VLOOKUP(D80,INDIRECT($F$8),7+(O92-1)*4,0) -> Biochemistry and Bioanalytical Techniques Lab ( Lab-I) | F92: =VLOOKUP(E80,INDIRECT($F$8),7+(O92-1)*4,0) -> 1 | G92: =_xlfn.TEXTJOIN("/",FALSE,VLOOKUP(B80,INDIRECT($F$8),7+(O92-1)*4),VLOOKUP(A80,INDIRECT($F$8),7+(O92-1)*4)) -> 20/25 | I92: =_xlfn.TEXTJOIN("/",FALSE,VLOOKUP(B80,INDIRECT($F$8),8+(O92-1)*4),VLOOKUP(A80,INDIRECT($F$8),8+(O92-1)*4)) -> 21/25 | K92: =_xlfn.TEXTJOIN("/",FALSE,VLOOKUP(B80,INDIRECT($F$8),9+(O92-1)*4),VLOOKUP(A80,INDIRECT($F$8),9+(O92-1)*4)) -> 41/50 | M92: =VLOOKUP(B80,INDIRECT($F$8),10+(O92-1)*4,0) -> #N/A | N92: =INDEX($W$2:$W$12,MATCH(M92,$V$2:$V$12,0)) -> #N/A | O92: 8 | P92: =IFERROR(VALUE(IFERROR(LEFT(G92,SEARCH("/",G92)-1),0)),"") -> 20 | Q92: =IFERROR(VALUE(IFERROR(LEFT(I92,SEARCH("/",I92)-1),0)),"") -> 21 | R92: =IFERROR(VALUE(IFERROR(LEFT(K92,SEARCH("/",K92)-1),0)),"") -> 41 | S92: =VALUE(IFERROR(RIGHT(G92,LEN(G92)-SEARCH("/",G92)),0)) -> 25 | T92: =VALUE(IFERROR(RIGHT(I92,LEN(I92)-SEARCH("/",I92)),0)) -> 25 | U92: =VALUE(IFERROR(RIGHT(K92,LEN(K92)-SEARCH("/",K92)),0)) -> 50 | V92: 1 | W92: 1 | X92: 1 | Y92: 1 | Z92: 1 | AA92: 1 | AB92: 1
A93: =VLOOKUP(C80,INDIRECT($F$8),7+(O93-1)*4,0) -> BTP 302 | B93: =VLOOKUP(D80,INDIRECT($F$8),7+(O93-1)*4,0) -> Microbial Biotechnology/ Bioprocess Engg. Lab (Lab-II ) | F93: =VLOOKUP(E80,INDIRECT($F$8),7+(O93-1)*4,0) -> 1 | G93: =_xlfn.TEXTJOIN("/",FALSE,VLOOKUP(B80,INDIRECT($F$8),7+(O93-1)*4),VLOOKUP(A80,INDIRECT($F$8),7+(O93-1)*4)) -> 21/25 | I93: =_xlfn.TEXTJOIN("/",FALSE,VLOOKUP(B80,INDIRECT($F$8),8+(O93-1)*4,0),VLOOKUP(A80,INDIRECT($F$8),8+(O93-1)*4,0)) -> #N/A | K93: =_xlfn.TEXTJOIN("/",FALSE,VLOOKUP(B80,INDIRECT($F$8),9+(O93-1)*4,0),VLOOKUP(A80,INDIRECT($F$8),9+(O93-1)*4,0)) -> #N/A | M93: =VLOOKUP(B80,INDIRECT($F$8),10+(O93-1)*4,0) -> #N/A | N93: =INDEX($W$2:$W$12,MATCH(M93,$V$2:$V$12,0)) -> #N/A | O93: 9 | P93: =IFERROR(VALUE(IFERROR(LEFT(G93,SEARCH("/",G93)-1),0)),"") -> 21 | Q93: =IFERROR(VALUE(IFERROR(LEFT(I93,SEARCH("/",I93)-1),0)),"") -> 0 | R93: =IFERROR(VALUE(IFERROR(LEFT(K93,SEARCH("/",K93)-1),0)),"") -> 0 | S93: =VALUE(IFERROR(RIGHT(G93,LEN(G93)-SEARCH("/",G93)),0)) -> 25 | T93: =VALUE(IFERROR(RIGHT(I93,LEN(I93)-SEARCH("/",I93)),0)) -> 0 | U93: =VALUE(IFERROR(RIGHT(K93,LEN(K93)-SEARCH("/",K93)),0)) -> 0 | V93: 1 | W93: 1 | X93: 1 | Y93: 1 | Z93: 1 | AA93: 1 | AB93: 1
A94: =IF(ISERROR(F80),"",A76) | F94: =IF(ISERROR(F80),"",SUM(F85:F93)) | G94: =IF(ISERROR(F80),"",_xlfn.TEXTJOIN("/",TRUE,SUMIF(F85:F93,">0",P85:P93),SUMIF(F85:F93,">0",S85:S93))) | I94: =IF(ISERROR(F80),"",_xlfn.TEXTJOIN("/",TRUE,SUMIF(F85:F93,">0",Q85:Q93),SUMIF(F85:F93,">0",T85:T93))) | K94: =IF(ISERROR(F80),"",IF(ISERROR(F80),"",_xlfn.TEXTJOIN("/",TRUE,SUMIF(F85:F93,">0",R85:R93),SUMIF(F85:F93,">0",U85:U93)))) | M94: =IF(ISERROR(F80),"",SUMPRODUCT(N85:N93,F85:F93))
A95: =IF(ISERROR(F80),"",A77) | B95: =BT!AU15 -> 0 | D95: =IF(ISERROR(F80),"",D77) | E95: =BT!AV15 -> 0 | G95: =IF(ISERROR(F80),"",G77) | H95: =BT!AR15 -> 0 | I95: =IF(ISERROR(F80),"",I77) | J95: =BT!AS15 -> 0 | K95: =IF(ISERROR(F80),"",K77) | L95: =BT!AT15 -> 0 | M95: =IF(ISERROR(F80),"",M77) | N95: =BT!AW15 -> 0 | V95: 0
A98: M.M. | B98: =B80+1 -> 6 | C98: SC | D98: SN | E98: C | F98: =VLOOKUP(B98,INDIRECT($F$8),4,0) -> #N/A
A99: =IF(ISERROR(F98),"",A81) | B99: =IFERROR(VLOOKUP(B98,INDIRECT($F$8),5,0),"") | D99: =IF(ISERROR(F98),"",D81) | E99: =IFERROR(VLOOKUP(B98,INDIRECT($F$8),6,0),"") | G99: =IF(ISERROR(F98),"",G81) | I99: =IFERROR(VLOOKUP(B98,INDIRECT($F$8),2,0),"") | K99: =IF(ISERROR(F98),"",K81) | M99: =IFERROR(IF(VLOOKUP(B98,INDIRECT($F$8),3,0)=0,"",VLOOKUP(B98,INDIRECT($F$8),3,0)),"")
A101: =IF(ISERROR(F98),"",A83) | B101: =IF(ISERROR(F98),"",B83) | F101: =IF(ISERROR(F98),"",F83) | G101: =IF(ISERROR(F98),"",G83) | I101: =IF(ISERROR(F98),"",I83) | K101: =IF(ISERROR(F98),"",K83) | M101: =IF(ISERROR(F98),"",M83) | N101: =IF(ISERROR(F98),"",N83)
A103: =IF(ISERROR(F98),"",VLOOKUP(C98,INDIRECT($F$8),7+(O103-1)*4,0)) | B103: =IF(ISERROR(F98),"",VLOOKUP(D98,INDIRECT($F$8),7+(O103-1)*4,0)) | F103: =IF(ISERROR(F98),"",VLOOKUP(E98,INDIRECT($F$8),7+(O103-1)*4,0)) | G103: =IF(ISERROR(F98),"",_xlfn.TEXTJOIN("/",FALSE,VLOOKUP(B98,INDIRECT($F$8),7+(O103-1)*4),VLOOKUP(A98,INDIRECT($F$8),7+(O103-1)*4))) | I103: =IF(ISERROR(F98),"",_xlfn.TEXTJOIN("/",FALSE,VLOOKUP(B98,INDIRECT($F$8),8+(O103-1)*4,0),VLOOKUP(A98,INDIRECT($F$8),8+(O103-1)*4,0))) | K103: =IF(ISERROR(F98),"",_xlfn.TEXTJOIN("/",FALSE,VLOOKUP(B98,INDIRECT($F$8),9+(O103-1)*4),VLOOKUP(A98,INDIRECT($F$8),9+(O103-1)*4))) | M103: =IF(ISERROR(F98),"",VLOOKUP(B98,INDIRECT($F$8),10+(O103-1)*4,0)) | N103: =INDEX($W$2:$W$12,MATCH(M103,$V$2:$V$12,0)) | O103: 1 | P103: =IFERROR(VALUE(IFERROR(LEFT(G103,SEARCH("/",G103)-1),0)),"") -> 0 | Q103: =IFERROR(VALUE(IFERROR(LEFT(I103,SEARCH("/",I103)-1),0)),"") -> 0 | R103: =IFERROR(VALUE(IFERROR(LEFT(K103,SEARCH("/",K103)-1),0)),"") -> 0 | S103: =VALUE(IFERROR(RIGHT(G103,LEN(G103)-SEARCH("/",G103)),0)) -> 0 | T103: =VALUE(IFERROR(RIGHT(I103,LEN(I103)-SEARCH("/",I103)),0)) -> 0 | U103: =VALUE(IFERROR(RIGHT(K103,LEN(K103)-SEARCH("/",K103)),0)) -> 0
A104: =IF(ISERROR(F98),"",VLOOKUP(C98,INDIRECT($F$8),7+(O104-1)*4,0)) | B104: =IF(ISERROR(F98),"",VLOOKUP(D98,INDIRECT($F$8),7+(O104-1)*4,0)) | F104: =IF(ISERROR(F98),"",VLOOKUP(E98,INDIRECT($F$8),7+(O104-1)*4,0)) | G104: =IF(ISERROR(F98),"",_xlfn.TEXTJOIN("/",FALSE,VLOOKUP(B98,INDIRECT($F$8),7+(O104-1)*4),VLOOKUP(A98,INDIRECT($F$8),7+(O104-1)*4))) | I104: =IF(ISERROR(F98),"",_xlfn.TEXTJOIN("/",FALSE,VLOOKUP(B98,INDIRECT($F$8),8+(O104-1)*4),VLOOKUP(A98,INDIRECT($F$8),8+(O104-1)*4))) | K104: =IF(ISERROR(F98),"",_xlfn.TEXTJOIN("/",FALSE,VLOOKUP(B98,INDIRECT($F$8),9+(O104-1)*4),VLOOKUP(A98,INDIRECT($F$8),9+(O104-1)*4))) | M104: =IF(ISERROR(F98),"",VLOOKUP(B98,INDIRECT($F$8),10+(O104-1)*4,0)) | N104: =INDEX($W$2:$W$12,MATCH(M104,$V$2:$V$12,0)) | O104: 2 | P104: =IFERROR(VALUE(IFERROR(LEFT(G104,SEARCH("/",G104)-1),0)),"") -> 0 | Q104: =IFERROR(VALUE(IFERROR(LEFT(I104,SEARCH("/",I104)-1),0)),"") -> 0 | R104: =IFERROR(VALUE(IFERROR(LEFT(K104,SEARCH("/",K104)-1),0)),"") -> 0 | S104: =VALUE(IFERROR(RIGHT(G104,LEN(G104)-SEARCH("/",G104)),0)) -> 0 | T104: =VALUE(IFERROR(RIGHT(I104,LEN(I104)-SEARCH("/",I104)),0)) -> 0 | U104: =VALUE(IFERROR(RIGHT(K104,LEN(K104)-SEARCH("/",K104)),0)) -> 0
A105: =IF(ISERROR(F98),"",VLOOKUP(C98,INDIRECT($F$8),7+(O105-1)*4,0)) | B105: =IF(ISERROR(F98),"",VLOOKUP(D98,INDIRECT($F$8),7+(O105-1)*4,0)) | F105: =IF(ISERROR(F98),"",VLOOKUP(E98,INDIRECT($F$8),7+(O105-1)*4,0)) | G105: =IF(ISERROR(F98),"",_xlfn.TEXTJOIN("/",FALSE,VLOOKUP(B98,INDIRECT($F$8),7+(O105-1)*4),VLOOKUP(A98,INDIRECT($F$8),7+(O105-1)*4))) | I105: =IF(ISERROR(F98),"",_xlfn.TEXTJOIN("/",FALSE,VLOOKUP(B98,INDIRECT($F$8),8+(O105-1)*4),VLOOKUP(A98,INDIRECT($F$8),8+(O105-1)*4))) | K105: =IF(ISERROR(F98),"",_xlfn.TEXTJOIN("/",FALSE,VLOOKUP(B98,INDIRECT($F$8),9+(O105-1)*4),VLOOKUP(A98,INDIRECT($F$8),9+(O105-1)*4))) | M105: =IF(ISERROR(F98),"",VLOOKUP(B98,INDIRECT($F$8),10+(O105-1)*4,0)) | N105: =INDEX($W$2:$W$12,MATCH(M105,$V$2:$V$12,0)) | O105: 3 | P105: =IFERROR(VALUE(IFERROR(LEFT(G105,SEARCH("/",G105)-1),0)),"") -> 0 | Q105: =IFERROR(VALUE(IFERROR(LEFT(I105,SEARCH("/",I105)-1),0)),"") -> 0 | R105: =IFERROR(VALUE(IFERROR(LEFT(K105,SEARCH("/",K105)-1),0)),"") -> 0 | S105: =VALUE(IFERROR(RIGHT(G105,LEN(G105)-SEARCH("/",G105)),0)) -> 0 | T105: =VALUE(IFERROR(RIGHT(I105,LEN(I105)-SEARCH("/",I105)),0)) -> 0 | U105: =VALUE(IFERROR(RIGHT(K105,LEN(K105)-SEARCH("/",K105)),0)) -> 0
A106: =IF(ISERROR(F98),"",VLOOKUP(C98,INDIRECT($F$8),7+(O106-1)*4,0)) | B106: =IF(ISERROR(F98),"",VLOOKUP(D98,INDIRECT($F$8),7+(O106-1)*4,0)) | F106: =IF(ISERROR(F98),"",VLOOKUP(E98,INDIRECT($F$8),7+(O106-1)*4,0)) | G106: =IF(ISERROR(F98),"",_xlfn.TEXTJOIN("/",FALSE,VLOOKUP(B98,INDIRECT($F$8),7+(O106-1)*4),VLOOKUP(A98,INDIRECT($F$8),7+(O106-1)*4))) | I106: =IF(ISERROR(F98),"",_xlfn.TEXTJOIN("/",FALSE,VLOOKUP(B98,INDIRECT($F$8),8+(O106-1)*4),VLOOKUP(A98,INDIRECT($F$8),8+(O106-1)*4))) | K106: =IF(ISERROR(F98),"",_xlfn.TEXTJOIN("/",FALSE,VLOOKUP(B98,INDIRECT($F$8),9+(O106-1)*4),VLOOKUP(A98,INDIRECT($F$8),9+(O106-1)*4))) | M106: =IF(ISERROR(F98),"",VLOOKUP(B98,INDIRECT($F$8),10+(O106-1)*4,0)) | N106: =INDEX($W$2:$W$12,MATCH(M106,$V$2:$V$12,0)) | O106: 4 | P106: =IFERROR(VALUE(IFERROR(LEFT(G106,SEARCH("/",G106)-1),0)),"") -> 0 | Q106: =IFERROR(VALUE(IFERROR(LEFT(I106,SEARCH("/",I106)-1),0)),"") -> 0 | R106: =IFERROR(VALUE(IFERROR(LEFT(K106,SEARCH("/",K106)-1),0)),"") -> 0 | S106: =VALUE(IFERROR(RIGHT(G106,LEN(G106)-SEARCH("/",G106)),0)) -> 0 | T106: =VALUE(IFERROR(RIGHT(I106,LEN(I106)-SEARCH("/",I106)),0)) -> 0 | U106: =VALUE(IFERROR(RIGHT(K106,LEN(K106)-SEARCH("/",K106)),0)) -> 0
A107: =IF(ISERROR(F98),"",VLOOKUP(C98,INDIRECT($F$8),7+(O107-1)*4,0)) | B107: =IF(ISERROR(F98),"",VLOOKUP(D98,INDIRECT($F$8),7+(O107-1)*4,0)) | F107: =IF(ISERROR(F98),"",VLOOKUP(E98,INDIRECT($F$8),7+(O107-1)*4,0)) | G107: =IF(ISERROR(F98),"",_xlfn.TEXTJOIN("/",FALSE,VLOOKUP(B98,INDIRECT($F$8),7+(O107-1)*4),VLOOKUP(A98,INDIRECT($F$8),7+(O107-1)*4))) | I107: =IF(ISERROR(F98),"",_xlfn.TEXTJOIN("/",FALSE,VLOOKUP(B98,INDIRECT($F$8),8+(O107-1)*4),VLOOKUP(A98,INDIRECT($F$8),8+(O107-1)*4))) | K107: =IF(ISERROR(F98),"",_xlfn.TEXTJOIN("/",FALSE,VLOOKUP(B98,INDIRECT($F$8),9+(O107-1)*4),VLOOKUP(A98,INDIRECT($F$8),9+(O107-1)*4))) | M107: =IF(ISERROR(F98),"",VLOOKUP(B98,INDIRECT($F$8),10+(O107-1)*4,0)) | N107: =INDEX($W$2:$W$12,MATCH(M107,$V$2:$V$12,0)) | O107: 5 | P107: =IFERROR(VALUE(IFERROR(LEFT(G107,SEARCH("/",G107)-1),0)),"") -> 0 | Q107: =IFERROR(VALUE(IFERROR(LEFT(I107,SEARCH("/",I107)-1),0)),"") -> 0 | R107: =IFERROR(VALUE(IFERROR(LEFT(K107,SEARCH("/",K107)-1),0)),"") -> 0 | S107: =VALUE(IFERROR(RIGHT(G107,LEN(G107)-SEARCH("/",G107)),0)) -> 0 | T107: =VALUE(IFERROR(RIGHT(I107,LEN(I107)-SEARCH("/",I107)),0)) -> 0 | U107: =VALUE(IFERROR(RIGHT(K107,LEN(K107)-SEARCH("/",K107)),0)) -> 0
A108: =IF(ISERROR(F98),"",VLOOKUP(C98,INDIRECT($F$8),7+(O108-1)*4,0)) | B108: =IF(ISERROR(F98),"",VLOOKUP(D98,INDIRECT($F$8),7+(O108-1)*4,0)) | F108: =IF(ISERROR(F98),"",VLOOKUP(E98,INDIRECT($F$8),7+(O108-1)*4,0)) | G108: =IF(ISERROR(F98),"",_xlfn.TEXTJOIN("/",FALSE,VLOOKUP(B98,INDIRECT($F$8),7+(O108-1)*4),VLOOKUP(A98,INDIRECT($F$8),7+(O108-1)*4))) | I108: =IF(ISERROR(F98),"",_xlfn.TEXTJOIN("/",FALSE,VLOOKUP(B98,INDIRECT($F$8),8+(O108-1)*4),VLOOKUP(A98,INDIRECT($F$8),8+(O108-1)*4))) | K108: =IF(ISERROR(F98),"",_xlfn.TEXTJOIN("/",FALSE,VLOOKUP(B98,INDIRECT($F$8),9+(O108-1)*4),VLOOKUP(A98,INDIRECT($F$8),9+(O108-1)*4))) | M108: =IF(ISERROR(F98),"",VLOOKUP(B98,INDIRECT($F$8),10+(O108-1)*4,0)) | N108: =INDEX($W$2:$W$12,MATCH(M108,$V$2:$V$12,0)) | O108: 6 | P108: =IFERROR(VALUE(IFERROR(LEFT(G108,SEARCH("/",G108)-1),0)),"") -> 0 | Q108: =IFERROR(VALUE(IFERROR(LEFT(I108,SEARCH("/",I108)-1),0)),"") -> 0 | R108: =IFERROR(VALUE(IFERROR(LEFT(K108,SEARCH("/",K108)-1),0)),"") -> 0 | S108: =VALUE(IFERROR(RIGHT(G108,LEN(G108)-SEARCH("/",G108)),0)) -> 0 | T108: =VALUE(IFERROR(RIGHT(I108,LEN(I108)-SEARCH("/",I108)),0)) -> 0 | U108: =VALUE(IFERROR(RIGHT(K108,LEN(K108)-SEARCH("/",K108)),0)) -> 0
A109: =VLOOKUP(C98,INDIRECT($F$8),7+(O109-1)*4,0) -> AHT 304 | B109: =VLOOKUP(D98,INDIRECT($F$8),7+(O109-1)*4,0) -> English for Research Writing ($) | F109: =VLOOKUP(E98,INDIRECT($F$8),7+(O109-1)*4,0) -> 0 | G109: =_xlfn.TEXTJOIN("/",FALSE,VLOOKUP(B98,INDIRECT($F$8),7+(O109-1)*4),VLOOKUP(A98,INDIRECT($F$8),7+(O109-1)*4)) -> 69/100 | I109: =_xlfn.TEXTJOIN("/",FALSE,VLOOKUP(B98,INDIRECT($F$8),8+(O109-1)*4)-Z109,VLOOKUP(A98,INDIRECT($F$8),8+(O109-1)*4-Z109)) -> 38/50 | K109: =_xlfn.TEXTJOIN("/",FALSE,VLOOKUP(B98,INDIRECT($F$8),9+(O109-1)*4),VLOOKUP(A98,INDIRECT($F$8),9+(O109-1)*4)) -> 107/150 | M109: =VLOOKUP(B98,INDIRECT($F$8),10+(O109-1)*4,0) -> #N/A | N109: =INDEX($W$2:$W$12,MATCH(M109,$V$2:$V$12,0)) -> #N/A | O109: 7 | P109: =IFERROR(VALUE(IFERROR(LEFT(G109,SEARCH("/",G109)-1),0)),"") -> 69 | Q109: =IFERROR(VALUE(IFERROR(LEFT(I109,SEARCH("/",I109)-1),0)),"") -> 38 | R109: =IFERROR(VALUE(IFERROR(LEFT(K109,SEARCH("/",K109)-1),0)),"") -> 107 | S109: =VALUE(IFERROR(RIGHT(G109,LEN(G109)-SEARCH("/",G109)),0)) -> 100 | T109: =VALUE(IFERROR(RIGHT(I109,LEN(I109)-SEARCH("/",I109)),0)) -> 50 | U109: =VALUE(IFERROR(RIGHT(K109,LEN(K109)-SEARCH("/",K109)),0)) -> 150 | V109: 1 | W109: 1 | X109: 1 | Y109: 1 | Z109: 0 | AA109: 1 | AB109: 1
A110: =VLOOKUP(C98,INDIRECT($F$8),7+(O110-1)*4,0) -> BTP 301 | B110: =VLOOKUP(D98,INDIRECT($F$8),7+(O110-1)*4,0) -> Biochemistry and Bioanalytical Techniques Lab ( Lab-I) | F110: =VLOOKUP(E98,INDIRECT($F$8),7+(O110-1)*4,0) -> 1 | G110: =_xlfn.TEXTJOIN("/",FALSE,VLOOKUP(B98,INDIRECT($F$8),7+(O110-1)*4),VLOOKUP(A98,INDIRECT($F$8),7+(O110-1)*4)) -> 20/25 | I110: =_xlfn.TEXTJOIN("/",FALSE,VLOOKUP(B98,INDIRECT($F$8),8+(O110-1)*4),VLOOKUP(A98,INDIRECT($F$8),8+(O110-1)*4)) -> 21/25 | K110: =_xlfn.TEXTJOIN("/",FALSE,VLOOKUP(B98,INDIRECT($F$8),9+(O110-1)*4),VLOOKUP(A98,INDIRECT($F$8),9+(O110-1)*4)) -> 41/50 | M110: =VLOOKUP(B98,INDIRECT($F$8),10+(O110-1)*4,0) -> #N/A | N110: =INDEX($W$2:$W$12,MATCH(M110,$V$2:$V$12,0)) -> #N/A | O110: 8 | P110: =IFERROR(VALUE(IFERROR(LEFT(G110,SEARCH("/",G110)-1),0)),"") -> 20 | Q110: =IFERROR(VALUE(IFERROR(LEFT(I110,SEARCH("/",I110)-1),0)),"") -> 21 | R110: =IFERROR(VALUE(IFERROR(LEFT(K110,SEARCH("/",K110)-1),0)),"") -> 41 | S110: =VALUE(IFERROR(RIGHT(G110,LEN(G110)-SEARCH("/",G110)),0)) -> 25 | T110: =VALUE(IFERROR(RIGHT(I110,LEN(I110)-SEARCH("/",I110)),0)) -> 25 | U110: =VALUE(IFERROR(RIGHT(K110,LEN(K110)-SEARCH("/",K110)),0)) -> 50 | V110: 1 | W110: 1 | X110: 1 | Y110: 1 | Z110: 1 | AA110: 1 | AB110: 1
A111: =VLOOKUP(C98,INDIRECT($F$8),7+(O111-1)*4,0) -> BTP 302 | B111: =VLOOKUP(D98,INDIRECT($F$8),7+(O111-1)*4,0) -> Microbial Biotechnology/ Bioprocess Engg. Lab (Lab-II ) | F111: =VLOOKUP(E98,INDIRECT($F$8),7+(O111-1)*4,0) -> 1 | G111: =_xlfn.TEXTJOIN("/",FALSE,VLOOKUP(B98,INDIRECT($F$8),7+(O111-1)*4),VLOOKUP(A98,INDIRECT($F$8),7+(O111-1)*4)) -> 21/25 | I111: =_xlfn.TEXTJOIN("/",FALSE,VLOOKUP(B98,INDIRECT($F$8),8+(O111-1)*4,0),VLOOKUP(A98,INDIRECT($F$8),8+(O111-1)*4,0)) -> #N/A | K111: =_xlfn.TEXTJOIN("/",FALSE,VLOOKUP(B98,INDIRECT($F$8),9+(O111-1)*4,0),VLOOKUP(A98,INDIRECT($F$8),9+(O111-1)*4,0)) -> #N/A | M111: =VLOOKUP(B98,INDIRECT($F$8),10+(O111-1)*4,0) -> #N/A | N111: =INDEX($W$2:$W$12,MATCH(M111,$V$2:$V$12,0)) -> #N/A | O111: 9 | P111: =IFERROR(VALUE(IFERROR(LEFT(G111,SEARCH("/",G111)-1),0)),"") -> 21 | Q111: =IFERROR(VALUE(IFERROR(LEFT(I111,SEARCH("/",I111)-1),0)),"") -> 0 | R111: =IFERROR(VALUE(IFERROR(LEFT(K111,SEARCH("/",K111)-1),0)),"") -> 0 | S111: =VALUE(IFERROR(RIGHT(G111,LEN(G111)-SEARCH("/",G111)),0)) -> 25 | T111: =VALUE(IFERROR(RIGHT(I111,LEN(I111)-SEARCH("/",I111)),0)) -> 0 | U111: =VALUE(IFERROR(RIGHT(K111,LEN(K111)-SEARCH("/",K111)),0)) -> 0 | V111: 1 | W111: 1 | X111: 1 | Y111: 1 | Z111: 1 | AA111: 1 | AB111: 1
A112: =IF(ISERROR(F98),"",A94) | F112: =IF(ISERROR(F98),"",SUM(F103:F111)) | G112: =IF(ISERROR(F98),"",_xlfn.TEXTJOIN("/",TRUE,SUMIF(F103:F111,">0",P103:P111),SUMIF(F103:F111,">0",S103:S111))) | I112: =IF(ISERROR(F98),"",_xlfn.TEXTJOIN("/",TRUE,SUMIF(F103:F111,">0",Q103:Q111),SUMIF(F103:F111,">0",T103:T111))) | K112: =IF(ISERROR(F98),"",IF(ISERROR(F98),"",_xlfn.TEXTJOIN("/",TRUE,SUMIF(F103:F111,">0",R103:R111),SUMIF(F103:F111,">0",U103:U111)))) | M112: =IF(ISERROR(F98),"",SUMPRODUCT(N103:N111,F103:F111))
A113: =IF(ISERROR(F98),"",A95) | B113: =BT!AU16 -> 0 | D113: =IF(ISERROR(F98),"",D95) | E113: =BT!AV16 -> 0 | G113: =IF(ISERROR(F98),"",G95) | H113: =BT!AR16 -> 0 | I113: =IF(ISERROR(F98),"",I95) | J113: =BT!AS16 -> 0 | K113: =IF(ISERROR(F98),"",K95) | L113: =BT!AT16 -> 0 | M113: =IF(ISERROR(F98),"",M95) | N113: =BT!AW16 -> 0 | V113: 0
A116: M.M. | B116: =B98+1 -> 7 | C116: SC | D116: SN | E116: C | F116: =VLOOKUP(B116,INDIRECT($F$8),4,0) -> #N/A
A117: =IF(ISERROR(F116),"",A99) | B117: =IFERROR(VLOOKUP(B116,INDIRECT($F$8),5,0),"") | D117: =IF(ISERROR(F116),"",D99) | E117: =IFERROR(VLOOKUP(B116,INDIRECT($F$8),6,0),"") | G117: =IF(ISERROR(F116),"",G99) | I117: =IFERROR(VLOOKUP(B116,INDIRECT($F$8),2,0),"") | K117: =IF(ISERROR(F116),"",K99) | M117: =IFERROR(IF(VLOOKUP(B116,INDIRECT($F$8),3,0)=0,"",VLOOKUP(B116,INDIRECT($F$8),3,0)),"")
A119: =IF(ISERROR(F116),"",A101) | B119: =IF(ISERROR(F116),"",B101) | F119: =IF(ISERROR(F116),"",F101) | G119: =IF(ISERROR(F116),"",G101) | I119: =IF(ISERROR(F116),"",I101) | K119: =IF(ISERROR(F116),"",K101) | M119: =IF(ISERROR(F116),"",M101) | N119: =IF(ISERROR(F116),"",N101)
A121: =IF(ISERROR(F116),"",VLOOKUP(C116,INDIRECT($F$8),7+(O121-1)*4,0)) | B121: =IF(ISERROR(F116),"",VLOOKUP(D116,INDIRECT($F$8),7+(O121-1)*4,0)) | F121: =IF(ISERROR(F116),"",VLOOKUP(E116,INDIRECT($F$8),7+(O121-1)*4,0)) | G121: =IF(ISERROR(F116),"",_xlfn.TEXTJOIN("/",FALSE,VLOOKUP(B116,INDIRECT($F$8),7+(O121-1)*4),VLOOKUP(A116,INDIRECT($F$8),7+(O121-1)*4))) | I121: =IF(ISERROR(F116),"",_xlfn.TEXTJOIN("/",FALSE,VLOOKUP(B116,INDIRECT($F$8),8+(O121-1)*4,0),VLOOKUP(A116,INDIRECT($F$8),8+(O121-1)*4,0))) | K121: =IF(ISERROR(F116),"",_xlfn.TEXTJOIN("/",FALSE,VLOOKUP(B116,INDIRECT($F$8),9+(O121-1)*4),VLOOKUP(A116,INDIRECT($F$8),9+(O121-1)*4))) | M121: =IF(ISERROR(F116),"",VLOOKUP(B116,INDIRECT($F$8),10+(O121-1)*4,0)) | N121: =INDEX($W$2:$W$12,MATCH(M121,$V$2:$V$12,0)) | O121: 1 | P121: =IFERROR(VALUE(IFERROR(LEFT(G121,SEARCH("/",G121)-1),0)),"") -> 0 | Q121: =IFERROR(VALUE(IFERROR(LEFT(I121,SEARCH("/",I121)-1),0)),"") -> 0 | R121: =IFERROR(VALUE(IFERROR(LEFT(K121,SEARCH("/",K121)-1),0)),"") -> 0 | S121: =VALUE(IFERROR(RIGHT(G121,LEN(G121)-SEARCH("/",G121)),0)) -> 0 | T121: =VALUE(IFERROR(RIGHT(I121,LEN(I121)-SEARCH("/",I121)),0)) -> 0 | U121: =VALUE(IFERROR(RIGHT(K121,LEN(K121)-SEARCH("/",K121)),0)) -> 0
A122: =IF(ISERROR(F116),"",VLOOKUP(C116,INDIRECT($F$8),7+(O122-1)*4,0)) | B122: =IF(ISERROR(F116),"",VLOOKUP(D116,INDIRECT($F$8),7+(O122-1)*4,0)) | F122: =IF(ISERROR(F116),"",VLOOKUP(E116,INDIRECT($F$8),7+(O122-1)*4,0)) | G122: =IF(ISERROR(F116),"",_xlfn.TEXTJOIN("/",FALSE,VLOOKUP(B116,INDIRECT($F$8),7+(O122-1)*4),VLOOKUP(A116,INDIRECT($F$8),7+(O122-1)*4))) | I122: =IF(ISERROR(F116),"",_xlfn.TEXTJOIN("/",FALSE,VLOOKUP(B116,INDIRECT($F$8),8+(O122-1)*4),VLOOKUP(A116,INDIRECT($F$8),8+(O122-1)*4))) | K122: =IF(ISERROR(F116),"",_xlfn.TEXTJOIN("/",FALSE,VLOOKUP(B116,INDIRECT($F$8),9+(O122-1)*4),VLOOKUP(A116,INDIRECT($F$8),9+(O122-1)*4))) | M122: =IF(ISERROR(F116),"",VLOOKUP(B116,INDIRECT($F$8),10+(O122-1)*4,0)) | N122: =INDEX($W$2:$W$12,MATCH(M122,$V$2:$V$12,0)) | O122: 2 | P122: =IFERROR(VALUE(IFERROR(LEFT(G122,SEARCH("/",G122)-1),0)),"") -> 0 | Q122: =IFERROR(VALUE(IFERROR(LEFT(I122,SEARCH("/",I122)-1),0)),"") -> 0 | R122: =IFERROR(VALUE(IFERROR(LEFT(K122,SEARCH("/",K122)-1),0)),"") -> 0 | S122: =VALUE(IFERROR(RIGHT(G122,LEN(G122)-SEARCH("/",G122)),0)) -> 0 | T122: =VALUE(IFERROR(RIGHT(I122,LEN(I122)-SEARCH("/",I122)),0)) -> 0 | U122: =VALUE(IFERROR(RIGHT(K122,LEN(K122)-SEARCH("/",K122)),0)) -> 0
A123: =IF(ISERROR(F116),"",VLOOKUP(C116,INDIRECT($F$8),7+(O123-1)*4,0)) | B123: =IF(ISERROR(F116),"",VLOOKUP(D116,INDIRECT($F$8),7+(O123-1)*4,0)) | F123: =IF(ISERROR(F116),"",VLOOKUP(E116,INDIRECT($F$8),7+(O123-1)*4,0)) | G123: =IF(ISERROR(F116),"",_xlfn.TEXTJOIN("/",FALSE,VLOOKUP(B116,INDIRECT($F$8),7+(O123-1)*4),VLOOKUP(A116,INDIRECT($F$8),7+(O123-1)*4))) | I123: =IF(ISERROR(F116),"",_xlfn.TEXTJOIN("/",FALSE,VLOOKUP(B116,INDIRECT($F$8),8+(O123-1)*4),VLOOKUP(A116,INDIRECT($F$8),8+(O123-1)*4))) | K123: =IF(ISERROR(F116),"",_xlfn.TEXTJOIN("/",FALSE,VLOOKUP(B116,INDIRECT($F$8),9+(O123-1)*4),VLOOKUP(A116,INDIRECT($F$8),9+(O123-1)*4))) | M123: =IF(ISERROR(F116),"",VLOOKUP(B116,INDIRECT($F$8),10+(O123-1)*4,0)) | N123: =INDEX($W$2:$W$12,MATCH(M123,$V$2:$V$12,0)) | O123: 3 | P123: =IFERROR(VALUE(IFERROR(LEFT(G123,SEARCH("/",G123)-1),0)),"") -> 0 | Q123: =IFERROR(VALUE(IFERROR(LEFT(I123,SEARCH("/",I123)-1),0)),"") -> 0 | R123: =IFERROR(VALUE(IFERROR(LEFT(K123,SEARCH("/",K123)-1),0)),"") -> 0 | S123: =VALUE(IFERROR(RIGHT(G123,LEN(G123)-SEARCH("/",G123)),0)) -> 0 | T123: =VALUE(IFERROR(RIGHT(I123,LEN(I123)-SEARCH("/",I123)),0)) -> 0 | U123: =VALUE(IFERROR(RIGHT(K123,LEN(K123)-SEARCH("/",K123)),0)) -> 0
A124: =IF(ISERROR(F116),"",VLOOKUP(C116,INDIRECT($F$8),7+(O124-1)*4,0)) | B124: =IF(ISERROR(F116),"",VLOOKUP(D116,INDIRECT($F$8),7+(O124-1)*4,0)) | F124: =IF(ISERROR(F116),"",VLOOKUP(E116,INDIRECT($F$8),7+(O124-1)*4,0)) | G124: =IF(ISERROR(F116),"",_xlfn.TEXTJOIN("/",FALSE,VLOOKUP(B116,INDIRECT($F$8),7+(O124-1)*4),VLOOKUP(A116,INDIRECT($F$8),7+(O124-1)*4))) | I124: =IF(ISERROR(F116),"",_xlfn.TEXTJOIN("/",FALSE,VLOOKUP(B116,INDIRECT($F$8),8+(O124-1)*4),VLOOKUP(A116,INDIRECT($F$8),8+(O124-1)*4))) | K124: =IF(ISERROR(F116),"",_xlfn.TEXTJOIN("/",FALSE,VLOOKUP(B116,INDIRECT($F$8),9+(O124-1)*4),VLOOKUP(A116,INDIRECT($F$8),9+(O124-1)*4))) | M124: =IF(ISERROR(F116),"",VLOOKUP(B116,INDIRECT($F$8),10+(O124-1)*4,0)) | N124: =INDEX($W$2:$W$12,MATCH(M124,$V$2:$V$12,0)) | O124: 4 | P124: =IFERROR(VALUE(IFERROR(LEFT(G124,SEARCH("/",G124)-1),0)),"") -> 0 | Q124: =IFERROR(VALUE(IFERROR(LEFT(I124,SEARCH("/",I124)-1),0)),"") -> 0 | R124: =IFERROR(VALUE(IFERROR(LEFT(K124,SEARCH("/",K124)-1),0)),"") -> 0 | S124: =VALUE(IFERROR(RIGHT(G124,LEN(G124)-SEARCH("/",G124)),0)) -> 0 | T124: =VALUE(IFERROR(RIGHT(I124,LEN(I124)-SEARCH("/",I124)),0)) -> 0 | U124: =VALUE(IFERROR(RIGHT(K124,LEN(K124)-SEARCH("/",K124)),0)) -> 0
...

Sheet Grade Sheets BT
A1: Govind Ballabh Pant Institute of Engineering and Technology | M1: Grade | N1: Grade Point
A2: Pauri Garhwal, Uttarakhand (An Autonomous Institute of Govt. of Uttarakhand) | M2: O | N2: 10
M3: A+ | N3: 9
A4: (Affiliated to Veer Madho Singh Bhandari Uttarakhand Technical University) | M4: A | N4: 8
B5: GRADE SHEET | M5: B | N5: 7
M6: C | N6: 6
B7: =_xlfn.TEXTJOIN("",TRUE,"Master of Technology", IF($F$11="CSE_I"," (Computer Science and Engineering)",IF($F$11="PS_I"," (Power Systems)",IF($F$11="BT_I"," (Biotechnology)",IF($F$11="ECE_I"," (Electronics and Communication Engineering)",IF($F$11="GT_I"," (Geotechnology)",))))),CHAR(10),"I Semester December 2025") -> Master of Technology (Biotechnology) I Semester December 2025 | M7: P | N7: 5
M8: F | N8: 0
M9: Ab | N9: 0
M10: UFM | N10: 0
A11: M.M. | B11: 1 | C11: SC | D11: SN | E11: C | F11: BT_I | M11: Dt | N11: 0
A12: Name: | C12: =VLOOKUP(B11,INDIRECT($F$11),5,0) -> Mayank Negi | F12: University Roll No.: | I12: =VLOOKUP(B11,INDIRECT($F$11),2,0) -> 250090703001 | M12: ="" | N12: =""
A14: Father's Name: | C14: =VLOOKUP(B11,INDIRECT($F$11),6,0) -> Narendra Singh Negi | F14: University Enrollment No.: | I14: =IF(VLOOKUP(B11,INDIRECT($F$11),3,0)=0,"",VLOOKUP(B11,INDIRECT($F$11),3,0)) -> UTU/2507100053
A16: Subject Code | C16: Subject Name | H16: Credits | I16: Grade | J16: Grade Points
A19: =VLOOKUP(C11,INDIRECT($F$11),7+(K19-1)*4,0) -> BTT 301 | C19: =VLOOKUP(D11,INDIRECT($F$11),7+(K19-1)*4,0) -> Advanced Biostatistics | H19: =VLOOKUP(E11,INDIRECT($F$11),7+(K19-1)*4,0) -> 4 | I19: =VLOOKUP(B11,INDIRECT($F$11),10+(K19-1)*4,0) -> P | J19: =INDEX($N$2:$N$12,MATCH(I19,$M$2:$M$12,0)) -> 5 | K19: 1
A21: =VLOOKUP(C11,INDIRECT($F$11),7+(K21-1)*4,0) -> BTT 302 | C21: =VLOOKUP(D11,INDIRECT($F$11),7+(K21-1)*4,0) -> Applied Biochemistry | H21: =VLOOKUP(E11,INDIRECT($F$11),7+(K21-1)*4,0) -> 4 | I21: =VLOOKUP(B11,INDIRECT($F$11),10+(K21-1)*4,0) -> B | J21: =INDEX($N$2:$N$12,MATCH(I21,$M$2:$M$12,0)) -> 7 | K21: 2
A23: =VLOOKUP(C11,INDIRECT($F$11),7+(K23-1)*4,0) -> BTT 303 | C23: =VLOOKUP(D11,INDIRECT($F$11),7+(K23-1)*4,0) -> Microbial Biotechnology | H23: =VLOOKUP(E11,INDIRECT($F$11),7+(K23-1)*4,0) -> 4 | I23: =VLOOKUP(B11,INDIRECT($F$11),10+(K23-1)*4,0) -> C | J23: =INDEX($N$2:$N$12,MATCH(I23,$M$2:$M$12,0)) -> 6 | K23: 3
A25: =VLOOKUP(C11,INDIRECT($F$11),7+(K25-1)*4,0) -> BTT 306 | C25: =VLOOKUP(D11,INDIRECT($F$11),7+(K25-1)*4,0) -> Bioprocess Engineering | H25: =VLOOKUP(E11,INDIRECT($F$11),7+(K25-1)*4,0) -> 3 | I25: =VLOOKUP(B11,INDIRECT($F$11),10+(K25-1)*4,0) -> C | J25: =INDEX($N$2:$N$12,MATCH(I25,$M$2:$M$12,0)) -> 6 | K25: 4
A27: =VLOOKUP(C11,INDIRECT($F$11),7+(K27-1)*4,0) -> BTT 311 | C27: =VLOOKUP(D11,INDIRECT($F$11),7+(K27-1)*4,0) -> Herbal Biotechnology | H27: =VLOOKUP(E11,INDIRECT($F$11),7+(K27-1)*4,0) -> 3 | I27: =VLOOKUP(B11,INDIRECT($F$11),10+(K27-1)*4,0) -> B | J27: =INDEX($N$2:$N$12,MATCH(I27,$M$2:$M$12,0)) -> 7 | K27: 5
A29: =VLOOKUP(C11,INDIRECT($F$11),7+(K29-1)*4,0) -> AHT 302 | C29: =VLOOKUP(D11,INDIRECT($F$11),7+(K29-1)*4,0) -> Research Methodology and IPR | H29: =VLOOKUP(E11,INDIRECT($F$11),7+(K29-1)*4,0) -> 2 | I29: =VLOOKUP(B11,INDIRECT($F$11),10+(K29-1)*4,0) -> A+ | J29: =INDEX($N$2:$N$12,MATCH(I29,$M$2:$M$12,0)) -> 9 | K29: 6
A31: =VLOOKUP(C11,INDIRECT($F$11),7+(K31-1)*4,0) -> AHT 304 | C31: =VLOOKUP(D11,INDIRECT($F$11),7+(K31-1)*4,0) -> English for Research Writing ($) | H31: =VLOOKUP(E11,INDIRECT($F$11),7+(K31-1)*4,0) -> 0 | I31: =VLOOKUP(B11,INDIRECT($F$11),10+(K31-1)*4,0) -> B | J31: =INDEX($N$2:$N$12,MATCH(I31,$M$2:$M$12,0)) -> 7 | K31: 7
A33: =VLOOKUP(C11,INDIRECT($F$11),7+(K33-1)*4,0) -> BTP 301 | C33: =VLOOKUP(D11,INDIRECT($F$11),7+(K33-1)*4,0) -> Biochemistry and Bioanalytical Techniques Lab ( Lab-I) | H33: =VLOOKUP(E11,INDIRECT($F$11),7+(K33-1)*4,0) -> 1 | I33: =VLOOKUP(B11,INDIRECT($F$11),10+(K33-1)*4,0) -> A+ | J33: =INDEX($N$2:$N$12,MATCH(I33,$M$2:$M$12,0)) -> 9 | K33: 8
A35: =VLOOKUP(C11,INDIRECT($F$11),7+(K35-1)*4,0) -> BTP 302 | C35: =VLOOKUP(D11,INDIRECT($F$11),7+(K35-1)*4,0) -> Microbial Biotechnology/ Bioprocess Engg. Lab (Lab-II ) | H35: =VLOOKUP(E11,INDIRECT($F$11),7+(K35-1)*4,0) -> 1 | I35: =VLOOKUP(B11,INDIRECT($F$11),10+(K35-1)*4,0) -> A | J35: =INDEX($N$2:$N$12,MATCH(I35,$M$2:$M$12,0)) -> 8 | K35: 9
A37: Total Credits/ Total Grade Points | H37: =SUM(H19:H36) -> 22 | I37: - | J37: =SUMPRODUCT(J19:J36,H19:H36) -> 146
A40: Earned Credits: | C40: =Marksheets_BT!L23 -> 22 | D40: SGPA: | F40: =Marksheets_BT!H23 -> 6.6363636 | G40: CGPA: | I40: =Marksheets_BT!J23 -> 6.6363636
A42: Result: | B42: =Marksheets_BT!B23 -> PASS | D42: Remark: | F42: =Marksheets_BT!E23
A46: M.M. | B46: =B11+1 -> 2 | C46: SC | D46: SN | E46: C | F46: CSE_I
A47: Name: | C47: =VLOOKUP(B46,INDIRECT($F$11),5,0) -> Prabhav Singh | F47: University Roll No.: | I47: =VLOOKUP(B46,INDIRECT($F$11),2,0) -> 250090703002
A49: Father's Name: | C49: =VLOOKUP(B46,INDIRECT($F$11),6,0) -> Jaspal Singh | F49: University Enrollment No.: | I49: =IF(VLOOKUP(B46,INDIRECT($F$11),3,0)=0,"",VLOOKUP(B46,INDIRECT($F$11),3,0)) -> UTU/2507100025
A51: Subject Code | C51: Subject Name | H51: Credits | I51: Grade | J51: Grade Points
A54: =VLOOKUP(C46,INDIRECT($F$11),7+(K54-1)*4,0) -> BTT 301 | C54: =VLOOKUP(D46,INDIRECT($F$11),7+(K54-1)*4,0) -> Advanced Biostatistics | H54: =VLOOKUP(E46,INDIRECT($F$11),7+(K54-1)*4,0) -> 4 | I54: =VLOOKUP(B46,INDIRECT($F$11),10+(K54-1)*4,0) -> P | J54: =INDEX($N$2:$N$12,MATCH(I54,$M$2:$M$12,0)) -> 5 | K54: 1
A56: =VLOOKUP(C46,INDIRECT($F$11),7+(K56-1)*4,0) -> BTT 302 | C56: =VLOOKUP(D46,INDIRECT($F$11),7+(K56-1)*4,0) -> Applied Biochemistry | H56: =VLOOKUP(E46,INDIRECT($F$11),7+(K56-1)*4,0) -> 4 | I56: =VLOOKUP(B46,INDIRECT($F$11),10+(K56-1)*4,0) -> B | J56: =INDEX($N$2:$N$12,MATCH(I56,$M$2:$M$12,0)) -> 7 | K56: 2
A58: =VLOOKUP(C46,INDIRECT($F$11),7+(K58-1)*4,0) -> BTT 303 | C58: =VLOOKUP(D46,INDIRECT($F$11),7+(K58-1)*4,0) -> Microbial Biotechnology | H58: =VLOOKUP(E46,INDIRECT($F$11),7+(K58-1)*4,0) -> 4 | I58: =VLOOKUP(B46,INDIRECT($F$11),10+(K58-1)*4,0) -> P | J58: =INDEX($N$2:$N$12,MATCH(I58,$M$2:$M$12,0)) -> 5 | K58: 3
A60: =VLOOKUP(C46,INDIRECT($F$11),7+(K60-1)*4,0) -> BTT 306 | C60: =VLOOKUP(D46,INDIRECT($F$11),7+(K60-1)*4,0) -> Bioprocess Engineering | H60: =VLOOKUP(E46,INDIRECT($F$11),7+(K60-1)*4,0) -> 3 | I60: =VLOOKUP(B46,INDIRECT($F$11),10+(K60-1)*4,0) -> P | J60: =INDEX($N$2:$N$12,MATCH(I60,$M$2:$M$12,0)) -> 5 | K60: 4
A62: =VLOOKUP(C46,INDIRECT($F$11),7+(K62-1)*4,0) -> BTT 311 | C62: =VLOOKUP(D46,INDIRECT($F$11),7+(K62-1)*4,0) -> Herbal Biotechnology | H62: =VLOOKUP(E46,INDIRECT($F$11),7+(K62-1)*4,0) -> 3 | I62: =VLOOKUP(B46,INDIRECT($F$11),10+(K62-1)*4,0) -> B | J62: =INDEX($N$2:$N$12,MATCH(I62,$M$2:$M$12,0)) -> 7 | K62: 5
A64: =VLOOKUP(C46,INDIRECT($F$11),7+(K64-1)*4,0) -> AHT 302 | C64: =VLOOKUP(D46,INDIRECT($F$11),7+(K64-1)*4,0) -> Research Methodology and IPR | H64: =VLOOKUP(E46,INDIRECT($F$11),7+(K64-1)*4,0) -> 2 | I64: =VLOOKUP(B46,INDIRECT($F$11),10+(K64-1)*4,0) -> A | J64: =INDEX($N$2:$N$12,MATCH(I64,$M$2:$M$12,0)) -> 8 | K64: 6
A66: =VLOOKUP(C46,INDIRECT($F$11),7+(K66-1)*4,0) -> AHT 304 | C66: =VLOOKUP(D46,INDIRECT($F$11),7+(K66-1)*4,0) -> English for Research Writing ($) | H66: =VLOOKUP(E46,INDIRECT($F$11),7+(K66-1)*4,0) -> 0 | I66: =VLOOKUP(B46,INDIRECT($F$11),10+(K66-1)*4,0) -> C | J66: =INDEX($N$2:$N$12,MATCH(I66,$M$2:$M$12,0)) -> 6 | K66: 7
A68: =VLOOKUP(C46,INDIRECT($F$11),7+(K68-1)*4,0) -> BTP 301 | C68: =VLOOKUP(D46,INDIRECT($F$11),7+(K68-1)*4,0) -> Biochemistry and Bioanalytical Techniques Lab ( Lab-I) | H68: =VLOOKUP(E46,INDIRECT($F$11),7+(K68-1)*4,0) -> 1 | I68: =VLOOKUP(B46,INDIRECT($F$11),10+(K68-1)*4,0) -> A+ | J68: =INDEX($N$2:$N$12,MATCH(I68,$M$2:$M$12,0)) -> 9 | K68: 8
A70: =VLOOKUP(C46,INDIRECT($F$11),7+(K70-1)*4,0) -> BTP 302 | C70: =VLOOKUP(D46,INDIRECT($F$11),7+(K70-1)*4,0) -> Microbial Biotechnology/ Bioprocess Engg. Lab (Lab-II ) | H70: =VLOOKUP(E46,INDIRECT($F$11),7+(K70-1)*4,0) -> 1 | I70: =VLOOKUP(B46,INDIRECT($F$11),10+(K70-1)*4,0) -> B | J70: =INDEX($N$2:$N$12,MATCH(I70,$M$2:$M$12,0)) -> 7 | K70: 9
A72: Total Credits/ Total Grade Points | H72: =SUM(H54:H71) -> 22 | I72: - | J72: =SUMPRODUCT(J54:J71,H54:H71) -> 136
A75: Earned Credits: | C75: =Marksheets_BT!L41 -> 22 | D75: SGPA: | F75: =Marksheets_BT!H41 -> 6.1818182 | G75: CGPA: | I75: =Marksheets_BT!J41 -> 6.1818182
A77: Result: | B77: =Marksheets_BT!B41 -> PASS | D77: Remark: | F77: =Marksheets_BT!E41
A81: M.M. | B81: =B46+1 -> 3 | C81: SC | D81: SN | E81: C | F81: CSE_I
A82: Name: | C82: =VLOOKUP(B81,INDIRECT($F$11),5,0) -> Priyanshu Dobhal | F82: University Roll No.: | I82: =VLOOKUP(B81,INDIRECT($F$11),2,0) -> 250090703003
A84: Father's Name: | C84: =VLOOKUP(B81,INDIRECT($F$11),6,0) -> Jaiprakash Dobhal | F84: University Enrollment No.: | I84: =IF(VLOOKUP(B81,INDIRECT($F$11),3,0)=0,"",VLOOKUP(B81,INDIRECT($F$11),3,0)) -> UTU/2507100026
A86: Subject Code | C86: Subject Name | H86: Credits | I86: Grade | J86: Grade Points
A89: =VLOOKUP(C81,INDIRECT($F$11),7+(K89-1)*4,0) -> BTT 301 | C89: =VLOOKUP(D81,INDIRECT($F$11),7+(K89-1)*4,0) -> Advanced Biostatistics | H89: =VLOOKUP(E81,INDIRECT($F$11),7+(K89-1)*4,0) -> 4 | I89: =VLOOKUP(B81,INDIRECT($F$11),10+(K89-1)*4,0) -> P | J89: =INDEX($N$2:$N$12,MATCH(I89,$M$2:$M$12,0)) -> 5 | K89: 1
A91: =VLOOKUP(C81,INDIRECT($F$11),7+(K91-1)*4,0) -> BTT 302 | C91: =VLOOKUP(D81,INDIRECT($F$11),7+(K91-1)*4,0) -> Applied Biochemistry | H91: =VLOOKUP(E81,INDIRECT($F$11),7+(K91-1)*4,0) -> 4 | I91: =VLOOKUP(B81,INDIRECT($F$11),10+(K91-1)*4,0) -> B | J91: =INDEX($N$2:$N$12,MATCH(I91,$M$2:$M$12,0)) -> 7 | K91: 2
A93: =VLOOKUP(C81,INDIRECT($F$11),7+(K93-1)*4,0) -> BTT 303 | C93: =VLOOKUP(D81,INDIRECT($F$11),7+(K93-1)*4,0) -> Microbial Biotechnology | H93: =VLOOKUP(E81,INDIRECT($F$11),7+(K93-1)*4,0) -> 4 | I93: =VLOOKUP(B81,INDIRECT($F$11),10+(K93-1)*4,0) -> B | J93: =INDEX($N$2:$N$12,MATCH(I93,$M$2:$M$12,0)) -> 7 | K93: 3
A95: =VLOOKUP(C81,INDIRECT($F$11),7+(K95-1)*4,0) -> BTT 306 | C95: =VLOOKUP(D81,INDIRECT($F$11),7+(K95-1)*4,0) -> Bioprocess Engineering | H95: =VLOOKUP(E81,INDIRECT($F$11),7+(K95-1)*4,0) -> 3 | I95: =VLOOKUP(B81,INDIRECT($F$11),10+(K95-1)*4,0) -> B | J95: =INDEX($N$2:$N$12,MATCH(I95,$M$2:$M$12,0)) -> 7 | K95: 4
A97: =VLOOKUP(C81,INDIRECT($F$11),7+(K97-1)*4,0) -> BTT 311 | C97: =VLOOKUP(D81,INDIRECT($F$11),7+(K97-1)*4,0) -> Herbal Biotechnology | H97: =VLOOKUP(E81,INDIRECT($F$11),7+(K97-1)*4,0) -> 3 | I97: =VLOOKUP(B81,INDIRECT($F$11),10+(K97-1)*4,0) -> A | J97: =INDEX($N$2:$N$12,MATCH(I97,$M$2:$M$12,0)) -> 8 | K97: 5
A99: =VLOOKUP(C81,INDIRECT($F$11),7+(K99-1)*4,0) -> AHT 302 | C99: =VLOOKUP(D81,INDIRECT($F$11),7+(K99-1)*4,0) -> Research Methodology and IPR | H99: =VLOOKUP(E81,INDIRECT($F$11),7+(K99-1)*4,0) -> 2 | I99: =VLOOKUP(B81,INDIRECT($F$11),10+(K99-1)*4,0) -> O | J99: =INDEX($N$2:$N$12,MATCH(I99,$M$2:$M$12,0)) -> 10 | K99: 6
A101: =VLOOKUP(C81,INDIRECT($F$11),7+(K101-1)*4,0) -> AHT 304 | C101: =VLOOKUP(D81,INDIRECT($F$11),7+(K101-1)*4,0) -> English for Research Writing ($) | H101: =VLOOKUP(E81,INDIRECT($F$11),7+(K101-1)*4,0) -> 0 | I101: =VLOOKUP(B81,INDIRECT($F$11),10+(K101-1)*4,0) -> B | J101: =INDEX($N$2:$N$12,MATCH(I101,$M$2:$M$12,0)) -> 7 | K101: 7
A103: =VLOOKUP(C81,INDIRECT($F$11),7+(K103-1)*4,0) -> BTP 301 | C103: =VLOOKUP(D81,INDIRECT($F$11),7+(K103-1)*4,0) -> Biochemistry and Bioanalytical Techniques Lab ( Lab-I) | H103: =VLOOKUP(E81,INDIRECT($F$11),7+(K103-1)*4,0) -> 1 | I103: =VLOOKUP(B81,INDIRECT($F$11),10+(K103-1)*4,0) -> A | J103: =INDEX($N$2:$N$12,MATCH(I103,$M$2:$M$12,0)) -> 8 | K103: 8
A105: =VLOOKUP(C81,INDIRECT($F$11),7+(K105-1)*4,0) -> BTP 302 | C105: =VLOOKUP(D81,INDIRECT($F$11),7+(K105-1)*4,0) -> Microbial Biotechnology/ Bioprocess Engg. Lab (Lab-II ) | H105: =VLOOKUP(E81,INDIRECT($F$11),7+(K105-1)*4,0) -> 1 | I105: =VLOOKUP(B81,INDIRECT($F$11),10+(K105-1)*4,0) -> A | J105: =INDEX($N$2:$N$12,MATCH(I105,$M$2:$M$12,0)) -> 8 | K105: 9
A107: Total Credits/ Total Grade Points | H107: =SUM(H89:H106) -> 22 | I107: - | J107: =SUMPRODUCT(J89:J106,H89:H106) -> 157
A110: Earned Credits: | C110: =Marksheets_BT!L59 -> 22 | D110: SGPA: | F110: =Marksheets_BT!H59 -> 7.1363636 | G110: CGPA: | I110: =Marksheets_BT!J59 -> 7.1363636
A112: Result: | B112: =Marksheets_BT!B59 -> PASS | D112: Remark: | F112: =Marksheets_BT!E59
A116: M.M. | B116: =B81+1 -> 4 | C116: SC | D116: SN | E116: C | F116: CSE_I
A117: Name: | C117: =VLOOKUP(B116,INDIRECT($F$11),5,0) -> #N/A | F117: University Roll No.: | I117: =VLOOKUP(B116,INDIRECT($F$11),2,0) -> #N/A
A119: Father's Name: | C119: =VLOOKUP(B116,INDIRECT($F$11),6,0) -> #N/A | F119: University Enrollment No.: | I119: =IF(VLOOKUP(B116,INDIRECT($F$11),3,0)=0,"",VLOOKUP(B116,INDIRECT($F$11),3,0)) -> #N/A
A121: Subject Code | C121: Subject Name | H121: Credits | I121: Grade | J121: Grade Points
A124: =VLOOKUP(C116,INDIRECT($F$11),7+(K124-1)*4,0) -> BTT 301 | C124: =VLOOKUP(D116,INDIRECT($F$11),7+(K124-1)*4,0) -> Advanced Biostatistics | H124: =VLOOKUP(E116,INDIRECT($F$11),7+(K124-1)*4,0) -> 4 | I124: =VLOOKUP(B116,INDIRECT($F$11),10+(K124-1)*4,0) -> #N/A | J124: =INDEX($N$2:$N$12,MATCH(I124,$M$2:$M$12,0)) -> #N/A | K124: 1
A126: =VLOOKUP(C116,INDIRECT($F$11),7+(K126-1)*4,0) -> BTT 302 | C126: =VLOOKUP(D116,INDIRECT($F$11),7+(K126-1)*4,0) -> Applied Biochemistry | H126: =VLOOKUP(E116,INDIRECT($F$11),7+(K126-1)*4,0) -> 4 | I126: =VLOOKUP(B116,INDIRECT($F$11),10+(K126-1)*4,0) -> #N/A | J126: =INDEX($N$2:$N$12,MATCH(I126,$M$2:$M$12,0)) -> #N/A | K126: 2
A128: =VLOOKUP(C116,INDIRECT($F$11),7+(K128-1)*4,0) -> BTT 303 | C128: =VLOOKUP(D116,INDIRECT($F$11),7+(K128-1)*4,0) -> Microbial Biotechnology | H128: =VLOOKUP(E116,INDIRECT($F$11),7+(K128-1)*4,0) -> 4 | I128: =VLOOKUP(B116,INDIRECT($F$11),10+(K128-1)*4,0) -> #N/A | J128: =INDEX($N$2:$N$12,MATCH(I128,$M$2:$M$12,0)) -> #N/A | K128: 3
A130: =VLOOKUP(C116,INDIRECT($F$11),7+(K130-1)*4,0) -> BTT 306 | C130: =VLOOKUP(D116,INDIRECT($F$11),7+(K130-1)*4,0) -> Bioprocess Engineering | H130: =VLOOKUP(E116,INDIRECT($F$11),7+(K130-1)*4,0) -> 3 | I130: =VLOOKUP(B116,INDIRECT($F$11),10+(K130-1)*4,0) -> #N/A | J130: =INDEX($N$2:$N$12,MATCH(I130,$M$2:$M$12,0)) -> #N/A | K130: 4
A132: =VLOOKUP(C116,INDIRECT($F$11),7+(K132-1)*4,0) -> BTT 311 | C132: =VLOOKUP(D116,INDIRECT($F$11),7+(K132-1)*4,0) -> Herbal Biotechnology | H132: =VLOOKUP(E116,INDIRECT($F$11),7+(K132-1)*4,0) -> 3 | I132: =VLOOKUP(B116,INDIRECT($F$11),10+(K132-1)*4,0) -> #N/A | J132: =INDEX($N$2:$N$12,MATCH(I132,$M$2:$M$12,0)) -> #N/A | K132: 5
A134: =VLOOKUP(C116,INDIRECT($F$11),7+(K134-1)*4,0) -> AHT 302 | C134: =VLOOKUP(D116,INDIRECT($F$11),7+(K134-1)*4,0) -> Research Methodology and IPR | H134: =VLOOKUP(E116,INDIRECT($F$11),7+(K134-1)*4,0) -> 2 | I134: =VLOOKUP(B116,INDIRECT($F$11),10+(K134-1)*4,0) -> #N/A | J134: =INDEX($N$2:$N$12,MATCH(I134,$M$2:$M$12,0)) -> #N/A | K134: 6
A136: =VLOOKUP(C116,INDIRECT($F$11),7+(K136-1)*4,0) -> AHT 304 | C136: =VLOOKUP(D116,INDIRECT($F$11),7+(K136-1)*4,0) -> English for Research Writing ($) | H136: =VLOOKUP(E116,INDIRECT($F$11),7+(K136-1)*4,0) -> 0 | I136: =VLOOKUP(B116,INDIRECT($F$11),10+(K136-1)*4,0) -> #N/A | J136: =INDEX($N$2:$N$12,MATCH(I136,$M$2:$M$12,0)) -> #N/A | K136: 7
A138: =VLOOKUP(C116,INDIRECT($F$11),7+(K138-1)*4,0) -> BTP 301 | C138: =VLOOKUP(D116,INDIRECT($F$11),7+(K138-1)*4,0) -> Biochemistry and Bioanalytical Techniques Lab ( Lab-I) | H138: =VLOOKUP(E116,INDIRECT($F$11),7+(K138-1)*4,0) -> 1 | I138: =VLOOKUP(B116,INDIRECT($F$11),10+(K138-1)*4,0) -> #N/A | J138: =INDEX($N$2:$N$12,MATCH(I138,$M$2:$M$12,0)) -> #N/A | K138: 8
A140: =VLOOKUP(C116,INDIRECT($F$11),7+(K140-1)*4,0) -> BTP 302 | C140: =VLOOKUP(D116,INDIRECT($F$11),7+(K140-1)*4,0) -> Microbial Biotechnology/ Bioprocess Engg. Lab (Lab-II ) | H140: =VLOOKUP(E116,INDIRECT($F$11),7+(K140-1)*4,0) -> 1 | I140: =VLOOKUP(B116,INDIRECT($F$11),10+(K140-1)*4,0) -> #N/A | J140: =INDEX($N$2:$N$12,MATCH(I140,$M$2:$M$12,0)) -> #N/A | K140: 9
A142: Total Credits/ Total Grade Points | H142: =SUM(H124:H141) -> 22 | I142: - | J142: =SUMPRODUCT(J124:J141,H124:H141) -> #N/A
A145: Earned Credits: | C145: =Marksheets_BT!L77 -> 0 | D145: SGPA: | F145: =Marksheets_BT!H77 -> 0 | G145: CGPA: | I145: =Marksheets_BT!J77 -> 0
A147: Result: | B147: =Marksheets_BT!B77 -> 0 | D147: Remark: | F147: =Marksheets_BT!E77 -> 0
A151: M.M. | B151: =B116+1 -> 5 | C151: SC | D151: SN | E151: C | F151: CSE_I
A152: Name: | C152: =VLOOKUP(B151,INDIRECT($F$11),5,0) -> #N/A | F152: University Roll No.: | I152: =VLOOKUP(B151,INDIRECT($F$11),2,0) -> #N/A
A154: Father's Name: | C154: =VLOOKUP(B151,INDIRECT($F$11),6,0) -> #N/A | F154: University Enrollment No.: | I154: =IF(VLOOKUP(B151,INDIRECT($F$11),3,0)=0,"",VLOOKUP(B151,INDIRECT($F$11),3,0)) -> #N/A
A156: Subject Code | C156: Subject Name | H156: Credits | I156: Grade | J156: Grade Points
A159: =VLOOKUP(C151,INDIRECT($F$11),7+(K159-1)*4,0) -> BTT 301 | C159: =VLOOKUP(D151,INDIRECT($F$11),7+(K159-1)*4,0) -> Advanced Biostatistics | H159: =VLOOKUP(E151,INDIRECT($F$11),7+(K159-1)*4,0) -> 4 | I159: =VLOOKUP(B151,INDIRECT($F$11),10+(K159-1)*4,0) -> #N/A | J159: =INDEX($N$2:$N$12,MATCH(I159,$M$2:$M$12,0)) -> #N/A | K159: 1
A161: =VLOOKUP(C151,INDIRECT($F$11),7+(K161-1)*4,0) -> BTT 302 | C161: =VLOOKUP(D151,INDIRECT($F$11),7+(K161-1)*4,0) -> Applied Biochemistry | H161: =VLOOKUP(E151,INDIRECT($F$11),7+(K161-1)*4,0) -> 4 | I161: =VLOOKUP(B151,INDIRECT($F$11),10+(K161-1)*4,0) -> #N/A | J161: =INDEX($N$2:$N$12,MATCH(I161,$M$2:$M$12,0)) -> #N/A | K161: 2
A163: =VLOOKUP(C151,INDIRECT($F$11),7+(K163-1)*4,0) -> BTT 303 | C163: =VLOOKUP(D151,INDIRECT($F$11),7+(K163-1)*4,0) -> Microbial Biotechnology | H163: =VLOOKUP(E151,INDIRECT($F$11),7+(K163-1)*4,0) -> 4 | I163: =VLOOKUP(B151,INDIRECT($F$11),10+(K163-1)*4,0) -> #N/A | J163: =INDEX($N$2:$N$12,MATCH(I163,$M$2:$M$12,0)) -> #N/A | K163: 3
A165: =VLOOKUP(C151,INDIRECT($F$11),7+(K165-1)*4,0) -> BTT 306 | C165: =VLOOKUP(D151,INDIRECT($F$11),7+(K165-1)*4,0) -> Bioprocess Engineering | H165: =VLOOKUP(E151,INDIRECT($F$11),7+(K165-1)*4,0) -> 3 | I165: =VLOOKUP(B151,INDIRECT($F$11),10+(K165-1)*4,0) -> #N/A | J165: =INDEX($N$2:$N$12,MATCH(I165,$M$2:$M$12,0)) -> #N/A | K165: 4
A167: =VLOOKUP(C151,INDIRECT($F$11),7+(K167-1)*4,0) -> BTT 311 | C167: =VLOOKUP(D151,INDIRECT($F$11),7+(K167-1)*4,0) -> Herbal Biotechnology | H167: =VLOOKUP(E151,INDIRECT($F$11),7+(K167-1)*4,0) -> 3 | I167: =VLOOKUP(B151,INDIRECT($F$11),10+(K167-1)*4,0) -> #N/A | J167: =INDEX($N$2:$N$12,MATCH(I167,$M$2:$M$12,0)) -> #N/A | K167: 5
A169: =VLOOKUP(C151,INDIRECT($F$11),7+(K169-1)*4,0) -> AHT 302 | C169: =VLOOKUP(D151,INDIRECT($F$11),7+(K169-1)*4,0) -> Research Methodology and IPR | H169: =VLOOKUP(E151,INDIRECT($F$11),7+(K169-1)*4,0) -> 2 | I169: =VLOOKUP(B151,INDIRECT($F$11),10+(K169-1)*4,0) -> #N/A | J169: =INDEX($N$2:$N$12,MATCH(I169,$M$2:$M$12,0)) -> #N/A | K169: 6
A171: =VLOOKUP(C151,INDIRECT($F$11),7+(K171-1)*4,0) -> AHT 304 | C171: =VLOOKUP(D151,INDIRECT($F$11),7+(K171-1)*4,0) -> English for Research Writing ($) | H171: =VLOOKUP(E151,INDIRECT($F$11),7+(K171-1)*4,0) -> 0 | I171: =VLOOKUP(B151,INDIRECT($F$11),10+(K171-1)*4,0) -> #N/A | J171: =INDEX($N$2:$N$12,MATCH(I171,$M$2:$M$12,0)) -> #N/A | K171: 7
A173: =VLOOKUP(C151,INDIRECT($F$11),7+(K173-1)*4,0) -> BTP 301 | C173: =VLOOKUP(D151,INDIRECT($F$11),7+(K173-1)*4,0) -> Biochemistry and Bioanalytical Techniques Lab ( Lab-I) | H173: =VLOOKUP(E151,INDIRECT($F$11),7+(K173-1)*4,0) -> 1 | I173: =VLOOKUP(B151,INDIRECT($F$11),10+(K173-1)*4,0) -> #N/A | J173: =INDEX($N$2:$N$12,MATCH(I173,$M$2:$M$12,0)) -> #N/A | K173: 8
A175: =VLOOKUP(C151,INDIRECT($F$11),7+(K175-1)*4,0) -> BTP 302 | C175: =VLOOKUP(D151,INDIRECT($F$11),7+(K175-1)*4,0) -> Microbial Biotechnology/ Bioprocess Engg. Lab (Lab-II ) | H175: =VLOOKUP(E151,INDIRECT($F$11),7+(K175-1)*4,0) -> 1 | I175: =VLOOKUP(B151,INDIRECT($F$11),10+(K175-1)*4,0) -> #N/A | J175: =INDEX($N$2:$N$12,MATCH(I175,$M$2:$M$12,0)) -> #N/A | K175: 9
A177: Total Credits/ Total Grade Points | H177: =SUM(H159:H176) -> 22 | I177: - | J177: =SUMPRODUCT(J159:J176,H159:H176) -> #N/A
A180: Earned Credits: | C180: =Marksheets_BT!L95 -> 0 | D180: SGPA: | F180: =Marksheets_BT!H95 -> 0 | G180: CGPA: | I180: =Marksheets_BT!J95 -> 0
A182: Result: | B182: =Marksheets_BT!B95 -> 0 | D182: Remark: | F182: =Marksheets_BT!E95 -> 0
A186: M.M. | B186: =B151+1 -> 6 | C186: SC | D186: SN | E186: C | F186: CSE_I
A187: Name: | C187: =VLOOKUP(B186,INDIRECT($F$11),5,0) -> #N/A | F187: University Roll No.: | I187: =VLOOKUP(B186,INDIRECT($F$11),2,0) -> #N/A
A189: Father's Name: | C189: =VLOOKUP(B186,INDIRECT($F$11),6,0) -> #N/A | F189: University Enrollment No.: | I189: =IF(VLOOKUP(B186,INDIRECT($F$11),3,0)=0,"",VLOOKUP(B186,INDIRECT($F$11),3,0)) -> #N/A
A191: Subject Code | C191: Subject Name | H191: Credits | I191: Grade | J191: Grade Points
A194: =VLOOKUP(C186,INDIRECT($F$11),7+(K194-1)*4,0) -> BTT 301 | C194: =VLOOKUP(D186,INDIRECT($F$11),7+(K194-1)*4,0) -> Advanced Biostatistics | H194: =VLOOKUP(E186,INDIRECT($F$11),7+(K194-1)*4,0) -> 4 | I194: =VLOOKUP(B186,INDIRECT($F$11),10+(K194-1)*4,0) -> #N/A | J194: =INDEX($N$2:$N$12,MATCH(I194,$M$2:$M$12,0)) -> #N/A | K194: 1
A196: =VLOOKUP(C186,INDIRECT($F$11),7+(K196-1)*4,0) -> BTT 302 | C196: =VLOOKUP(D186,INDIRECT($F$11),7+(K196-1)*4,0) -> Applied Biochemistry | H196: =VLOOKUP(E186,INDIRECT($F$11),7+(K196-1)*4,0) -> 4 | I196: =VLOOKUP(B186,INDIRECT($F$11),10+(K196-1)*4,0) -> #N/A | J196: =INDEX($N$2:$N$12,MATCH(I196,$M$2:$M$12,0)) -> #N/A | K196: 2
A198: =VLOOKUP(C186,INDIRECT($F$11),7+(K198-1)*4,0) -> BTT 303 | C198: =VLOOKUP(D186,INDIRECT($F$11),7+(K198-1)*4,0) -> Microbial Biotechnology | H198: =VLOOKUP(E186,INDIRECT($F$11),7+(K198-1)*4,0) -> 4 | I198: =VLOOKUP(B186,INDIRECT($F$11),10+(K198-1)*4,0) -> #N/A | J198: =INDEX($N$2:$N$12,MATCH(I198,$M$2:$M$12,0)) -> #N/A | K198: 3
A200: =VLOOKUP(C186,INDIRECT($F$11),7+(K200-1)*4,0) -> BTT 306 | C200: =VLOOKUP(D186,INDIRECT($F$11),7+(K200-1)*4,0) -> Bioprocess Engineering | H200: =VLOOKUP(E186,INDIRECT($F$11),7+(K200-1)*4,0) -> 3 | I200: =VLOOKUP(B186,INDIRECT($F$11),10+(K200-1)*4,0) -> #N/A | J200: =INDEX($N$2:$N$12,MATCH(I200,$M$2:$M$12,0)) -> #N/A | K200: 4
A202: =VLOOKUP(C186,INDIRECT($F$11),7+(K202-1)*4,0) -> BTT 311 | C202: =VLOOKUP(D186,INDIRECT($F$11),7+(K202-1)*4,0) -> Herbal Biotechnology | H202: =VLOOKUP(E186,INDIRECT($F$11),7+(K202-1)*4,0) -> 3 | I202: =VLOOKUP(B186,INDIRECT($F$11),10+(K202-1)*4,0) -> #N/A | J202: =INDEX($N$2:$N$12,MATCH(I202,$M$2:$M$12,0)) -> #N/A | K202: 5
A204: =VLOOKUP(C186,INDIRECT($F$11),7+(K204-1)*4,0) -> AHT 302 | C204: =VLOOKUP(D186,INDIRECT($F$11),7+(K204-1)*4,0) -> Research Methodology and IPR | H204: =VLOOKUP(E186,INDIRECT($F$11),7+(K204-1)*4,0) -> 2 | I204: =VLOOKUP(B186,INDIRECT($F$11),10+(K204-1)*4,0) -> #N/A | J204: =INDEX($N$2:$N$12,MATCH(I204,$M$2:$M$12,0)) -> #N/A | K204: 6
...

Sheet Marksheets_All
A1: Govind Ballabh Pant Institute of Engineering and Technology | V1: Grade | W1: Grade Point
A2: Pauri Garhwal, Uttarakhand (An Autonomous Institute of Govt. of Uttarakhand) | V2: O | W2: 10
V3: A+ | W3: 9
A4: (Affiliated to Veer Madho Singh Bhandari Uttarakhand Technical University) | V4: A | W4: 8
A5: =_xlfn.TEXTJOIN("",TRUE,"Tabulation Chart for Master of Technology", IF($F$8="CSE_I"," (Computer Science and Engineering)",IF($F$8="PS_I"," (Power Systems)",IF($F$8="BT_I"," (Biotechnology)",IF($F$8="PE_I"," (Production Engineering)",IF($F$8="GT_I"," (Geotechnology)",))))),CHAR(10),"I Semester December 2025") -> Tabulation Chart for Master of Technology (Geotechnology) I Semester December 2025 | V5: B | W5: 7
V6: C | W6: 6
V7: P | W7: 5
A8: M.M. | B8: 1 | C8: SC | D8: SN | E8: C | F8: gt_I | V8: F | W8: 0
A9: Name: | B9: =VLOOKUP(B8,INDIRECT($F$8),5,0) -> Jatin Dhapola | D9: Father's Name: | E9: =VLOOKUP(B8,INDIRECT($F$8),6,0) -> Vijay Kumar Dhapola | G9: University Roll No: | I9: =VLOOKUP(B8,INDIRECT($F$8),2,0) -> 250090725001 | K9: University Enrol. No: | M9: =IF(VLOOKUP(B8,INDIRECT($F$8),3,0)=0,"",VLOOKUP(B8,INDIRECT($F$8),3,0)) -> PUTU/2507100063 | V9: Ab | W9: 0
V10: UFM | W10: 0
A11: Subject Code | B11: Subject Name | F11: Credits | G11: External Marks | I11: Sessional Marks | K11: Total Marks | M11: Grade | N11: Grade Points | V11: Dt | W11: 0
V12: ="" | W12: =""
A13: =VLOOKUP(C8,INDIRECT($F$8),7+(O13-1)*4,0) -> AHT 301 | B13: =VLOOKUP(D8,INDIRECT($F$8),7+(O13-1)*4,0) -> Advanced Mathematics | F13: =VLOOKUP(E8,INDIRECT($F$8),7+(O13-1)*4,0) -> 4 | G13: =_xlfn.TEXTJOIN("/",FALSE,VLOOKUP(B8,INDIRECT($F$8),7+(O13-1)*4),VLOOKUP(A8,INDIRECT($F$8),7+(O13-1)*4)) -> 60/100 | I13: =_xlfn.TEXTJOIN("/",FALSE,VLOOKUP(B8,INDIRECT($F$8),8+(O13-1)*4,0),VLOOKUP(A8,INDIRECT($F$8),8+(O13-1)*4,0)) -> 44/50 | K13: =_xlfn.TEXTJOIN("/",FALSE,VLOOKUP(B8,INDIRECT($F$8),9+(O13-1)*4),VLOOKUP(A8,INDIRECT($F$8),9+(O13-1)*4)) -> 104/150 | M13: =VLOOKUP(B8,INDIRECT($F$8),10+(O13-1)*4,0) -> C | N13: =INDEX($W$2:$W$12,MATCH(M13,$V$2:$V$12,0)) -> 6 | O13: 1 | P13: =IFERROR(VALUE(IFERROR(LEFT(G13,SEARCH("/",G13)-1),0)),"") -> 60 | Q13: =IFERROR(VALUE(IFERROR(LEFT(I13,SEARCH("/",I13)-1),0)),"") -> 44 | R13: =IFERROR(VALUE(IFERROR(LEFT(K13,SEARCH("/",K13)-1),0)),"") -> 104 | S13: =VALUE(IFERROR(RIGHT(G13,LEN(G13)-SEARCH("/",G13)),0)) -> 100 | T13: =VALUE(IFERROR(RIGHT(I13,LEN(I13)-SEARCH("/",I13)),0)) -> 50 | U13: =VALUE(IFERROR(RIGHT(K13,LEN(K13)-SEARCH("/",K13)),0)) -> 150
A14: =VLOOKUP(C8,INDIRECT($F$8),7+(O14-1)*4,0) -> CET 601 | B14: =VLOOKUP(D8,INDIRECT($F$8),7+(O14-1)*4,0) -> Advanced Soil Mechanics | F14: =VLOOKUP(E8,INDIRECT($F$8),7+(O14-1)*4,0) -> 4 | G14: =_xlfn.TEXTJOIN("/",FALSE,VLOOKUP(B8,INDIRECT($F$8),7+(O14-1)*4),VLOOKUP(A8,INDIRECT($F$8),7+(O14-1)*4)) -> 72/100 | I14: =_xlfn.TEXTJOIN("/",FALSE,VLOOKUP(B8,INDIRECT($F$8),8+(O14-1)*4),VLOOKUP(A8,INDIRECT($F$8),8+(O14-1)*4)) -> 42/50 | K14: =_xlfn.TEXTJOIN("/",FALSE,VLOOKUP(B8,INDIRECT($F$8),9+(O14-1)*4),VLOOKUP(A8,INDIRECT($F$8),9+(O14-1)*4)) -> 114/150 | M14: =VLOOKUP(B8,INDIRECT($F$8),10+(O14-1)*4,0) -> B | N14: =INDEX($W$2:$W$12,MATCH(M14,$V$2:$V$12,0)) -> 7 | O14: 2 | P14: =IFERROR(VALUE(IFERROR(LEFT(G14,SEARCH("/",G14)-1),0)),"") -> 72 | Q14: =IFERROR(VALUE(IFERROR(LEFT(I14,SEARCH("/",I14)-1),0)),"") -> 42 | R14: =IFERROR(VALUE(IFERROR(LEFT(K14,SEARCH("/",K14)-1),0)),"") -> 114 | S14: =VALUE(IFERROR(RIGHT(G14,LEN(G14)-SEARCH("/",G14)),0)) -> 100 | T14: =VALUE(IFERROR(RIGHT(I14,LEN(I14)-SEARCH("/",I14)),0)) -> 50 | U14: =VALUE(IFERROR(RIGHT(K14,LEN(K14)-SEARCH("/",K14)),0)) -> 150
A15: =VLOOKUP(C8,INDIRECT($F$8),7+(O15-1)*4,0) -> CET 602 | B15: =VLOOKUP(D8,INDIRECT($F$8),7+(O15-1)*4,0) -> Soil Dynamics | F15: =VLOOKUP(E8,INDIRECT($F$8),7+(O15-1)*4,0) -> 4 | G15: =_xlfn.TEXTJOIN("/",FALSE,VLOOKUP(B8,INDIRECT($F$8),7+(O15-1)*4),VLOOKUP(A8,INDIRECT($F$8),7+(O15-1)*4)) -> 65/100 | I15: =_xlfn.TEXTJOIN("/",FALSE,VLOOKUP(B8,INDIRECT($F$8),8+(O15-1)*4),VLOOKUP(A8,INDIRECT($F$8),8+(O15-1)*4)) -> 40/50 | K15: =_xlfn.TEXTJOIN("/",FALSE,VLOOKUP(B8,INDIRECT($F$8),9+(O15-1)*4),VLOOKUP(A8,INDIRECT($F$8),9+(O15-1)*4)) -> 105/150 | M15: =VLOOKUP(B8,INDIRECT($F$8),10+(O15-1)*4,0) -> B | N15: =INDEX($W$2:$W$12,MATCH(M15,$V$2:$V$12,0)) -> 7 | O15: 3 | P15: =IFERROR(VALUE(IFERROR(LEFT(G15,SEARCH("/",G15)-1),0)),"") -> 65 | Q15: =IFERROR(VALUE(IFERROR(LEFT(I15,SEARCH("/",I15)-1),0)),"") -> 40 | R15: =IFERROR(VALUE(IFERROR(LEFT(K15,SEARCH("/",K15)-1),0)),"") -> 105 | S15: =VALUE(IFERROR(RIGHT(G15,LEN(G15)-SEARCH("/",G15)),0)) -> 100 | T15: =VALUE(IFERROR(RIGHT(I15,LEN(I15)-SEARCH("/",I15)),0)) -> 50 | U15: =VALUE(IFERROR(RIGHT(K15,LEN(K15)-SEARCH("/",K15)),0)) -> 150
A16: =VLOOKUP(C8,INDIRECT($F$8),7+(O16-1)*4,0) -> CET 604 | B16: =VLOOKUP(D8,INDIRECT($F$8),7+(O16-1)*4,0) -> Pavement Analysis and Design | F16: =VLOOKUP(E8,INDIRECT($F$8),7+(O16-1)*4,0) -> 3 | G16: =_xlfn.TEXTJOIN("/",FALSE,VLOOKUP(B8,INDIRECT($F$8),7+(O16-1)*4),VLOOKUP(A8,INDIRECT($F$8),7+(O16-1)*4)) -> 77/100 | I16: =_xlfn.TEXTJOIN("/",FALSE,VLOOKUP(B8,INDIRECT($F$8),8+(O16-1)*4),VLOOKUP(A8,INDIRECT($F$8),8+(O16-1)*4)) -> 47/50 | K16: =_xlfn.TEXTJOIN("/",FALSE,VLOOKUP(B8,INDIRECT($F$8),9+(O16-1)*4),VLOOKUP(A8,INDIRECT($F$8),9+(O16-1)*4)) -> 124/150 | M16: =VLOOKUP(B8,INDIRECT($F$8),10+(O16-1)*4,0) -> A | N16: =INDEX($W$2:$W$12,MATCH(M16,$V$2:$V$12,0)) -> 8 | O16: 4 | P16: =IFERROR(VALUE(IFERROR(LEFT(G16,SEARCH("/",G16)-1),0)),"") -> 77 | Q16: =IFERROR(VALUE(IFERROR(LEFT(I16,SEARCH("/",I16)-1),0)),"") -> 47 | R16: =IFERROR(VALUE(IFERROR(LEFT(K16,SEARCH("/",K16)-1),0)),"") -> 124 | S16: =VALUE(IFERROR(RIGHT(G16,LEN(G16)-SEARCH("/",G16)),0)) -> 100 | T16: =VALUE(IFERROR(RIGHT(I16,LEN(I16)-SEARCH("/",I16)),0)) -> 50 | U16: =VALUE(IFERROR(RIGHT(K16,LEN(K16)-SEARCH("/",K16)),0)) -> 150
A17: =VLOOKUP(C8,INDIRECT($F$8),7+(O17-1)*4,0) -> CET 607 | B17: =VLOOKUP(D8,INDIRECT($F$8),7+(O17-1)*4,0) -> Soil Structure Interaction | F17: =VLOOKUP(E8,INDIRECT($F$8),7+(O17-1)*4,0) -> 3 | G17: =_xlfn.TEXTJOIN("/",FALSE,VLOOKUP(B8,INDIRECT($F$8),7+(O17-1)*4),VLOOKUP(A8,INDIRECT($F$8),7+(O17-1)*4)) -> 84/100 | I17: =_xlfn.TEXTJOIN("/",FALSE,VLOOKUP(B8,INDIRECT($F$8),8+(O17-1)*4),VLOOKUP(A8,INDIRECT($F$8),8+(O17-1)*4)) -> 43/50 | K17: =_xlfn.TEXTJOIN("/",FALSE,VLOOKUP(B8,INDIRECT($F$8),9+(O17-1)*4),VLOOKUP(A8,INDIRECT($F$8),9+(O17-1)*4)) -> 127/150 | M17: =VLOOKUP(B8,INDIRECT($F$8),10+(O17-1)*4,0) -> A | N17: =INDEX($W$2:$W$12,MATCH(M17,$V$2:$V$12,0)) -> 8 | O17: 5 | P17: =IFERROR(VALUE(IFERROR(LEFT(G17,SEARCH("/",G17)-1),0)),"") -> 84 | Q17: =IFERROR(VALUE(IFERROR(LEFT(I17,SEARCH("/",I17)-1),0)),"") -> 43 | R17: =IFERROR(VALUE(IFERROR(LEFT(K17,SEARCH("/",K17)-1),0)),"") -> 127 | S17: =VALUE(IFERROR(RIGHT(G17,LEN(G17)-SEARCH("/",G17)),0)) -> 100 | T17: =VALUE(IFERROR(RIGHT(I17,LEN(I17)-SEARCH("/",I17)),0)) -> 50 | U17: =VALUE(IFERROR(RIGHT(K17,LEN(K17)-SEARCH("/",K17)),0)) -> 150
A18: =VLOOKUP(C8,INDIRECT($F$8),7+(O18-1)*4,0) -> AHT 302 | B18: =VLOOKUP(D8,INDIRECT($F$8),7+(O18-1)*4,0) -> Research Methodology and IPR | F18: =VLOOKUP(E8,INDIRECT($F$8),7+(O18-1)*4,0) -> 2 | G18: =_xlfn.TEXTJOIN("/",FALSE,VLOOKUP(B8,INDIRECT($F$8),7+(O18-1)*4),VLOOKUP(A8,INDIRECT($F$8),7+(O18-1)*4)) -> 44/50 | I18: =_xlfn.TEXTJOIN("/",FALSE,VLOOKUP(B8,INDIRECT($F$8),8+(O18-1)*4),VLOOKUP(A8,INDIRECT($F$8),8+(O18-1)*4)) -> 48/50 | K18: =_xlfn.TEXTJOIN("/",FALSE,VLOOKUP(B8,INDIRECT($F$8),9+(O18-1)*4),VLOOKUP(A8,INDIRECT($F$8),9+(O18-1)*4)) -> 92/100 | M18: =VLOOKUP(B8,INDIRECT($F$8),10+(O18-1)*4,0) -> O | N18: =INDEX($W$2:$W$12,MATCH(M18,$V$2:$V$12,0)) -> 10 | O18: 6 | P18: =IFERROR(VALUE(IFERROR(LEFT(G18,SEARCH("/",G18)-1),0)),"") -> 44 | Q18: =IFERROR(VALUE(IFERROR(LEFT(I18,SEARCH("/",I18)-1),0)),"") -> 48 | R18: =IFERROR(VALUE(IFERROR(LEFT(K18,SEARCH("/",K18)-1),0)),"") -> 92 | S18: =VALUE(IFERROR(RIGHT(G18,LEN(G18)-SEARCH("/",G18)),0)) -> 50 | T18: =VALUE(IFERROR(RIGHT(I18,LEN(I18)-SEARCH("/",I18)),0)) -> 50 | U18: =VALUE(IFERROR(RIGHT(K18,LEN(K18)-SEARCH("/",K18)),0)) -> 100
A19: =VLOOKUP(C8,INDIRECT($F$8),7+(O19-1)*4,0) -> AHT 303 | B19: =VLOOKUP(D8,INDIRECT($F$8),7+(O19-1)*4,0) -> Technical Writing and Presentation Skill ($) | F19: =VLOOKUP(E8,INDIRECT($F$8),7+(O19-1)*4,0) -> 0 | G19: - | I19: =_xlfn.TEXTJOIN("/",FALSE,VLOOKUP(B8,INDIRECT($F$8),8+(O19-1)*4)-Z19,VLOOKUP(A8,INDIRECT($F$8),8+(O19-1)*4-Z19)) -> 37/50 | K19: =_xlfn.TEXTJOIN("/",FALSE,VLOOKUP(B8,INDIRECT($F$8),9+(O19-1)*4-AA19),VLOOKUP(A8,INDIRECT($F$8),9+(O19-1)*4-AA19)) -> 37/50 | M19: =VLOOKUP(B8,INDIRECT($F$8),10+(O19-1)*4-AB19,0) -> B | N19: =INDEX($W$2:$W$12,MATCH(M19,$V$2:$V$12,0)) -> 7 | O19: 7 | P19: =IFERROR(VALUE(IFERROR(LEFT(G19,SEARCH("/",G19)-1),0)),"") -> 0 | Q19: =IFERROR(VALUE(IFERROR(LEFT(I19,SEARCH("/",I19)-1),0)),"") -> 37 | R19: =IFERROR(VALUE(IFERROR(LEFT(K19,SEARCH("/",K19)-1),0)),"") -> 37 | S19: =VALUE(IFERROR(RIGHT(G19,LEN(G19)-SEARCH("/",G19)),0)) -> 0 | T19: =VALUE(IFERROR(RIGHT(I19,LEN(I19)-SEARCH("/",I19)),0)) -> 50 | U19: =VALUE(IFERROR(RIGHT(K19,LEN(K19)-SEARCH("/",K19)),0)) -> 50 | V19: 1 | W19: 1 | X19: 1 | Y19: 1 | Z19: 0 | AA19: 1 | AB19: 1
A20: =VLOOKUP(C8,INDIRECT($F$8),7+(O20-1)*4-V20,0) -> CEP 601 | B20: =VLOOKUP(D8,INDIRECT($F$8),7+(O20-1)*4-W20,0) -> Advanced Soil Mechanics Lab | F20: =VLOOKUP(E8,INDIRECT($F$8),7+(O20-1)*4-X20,0) -> 1 | G20: =_xlfn.TEXTJOIN("/",FALSE,VLOOKUP(B8,INDIRECT($F$8),7+(O20-1)*4-Y20),VLOOKUP(A8,INDIRECT($F$8),7+(O20-1)*4-Y20)) -> 22/25 | I20: =_xlfn.TEXTJOIN("/",FALSE,VLOOKUP(B8,INDIRECT($F$8),8+(O20-1)*4-Z20),VLOOKUP(A8,INDIRECT($F$8),8+(O20-1)*4-Z20)) -> 23/25 | K20: =_xlfn.TEXTJOIN("/",FALSE,VLOOKUP(B8,INDIRECT($F$8),9+(O20-1)*4-AA20),VLOOKUP(A8,INDIRECT($F$8),9+(O20-1)*4-AA20)) -> 45/50 | M20: =VLOOKUP(B8,INDIRECT($F$8),10+(O20-1)*4-AB20,0) -> O | N20: =INDEX($W$2:$W$12,MATCH(M20,$V$2:$V$12,0)) -> 10 | O20: 8 | P20: =IFERROR(VALUE(IFERROR(LEFT(G20,SEARCH("/",G20)-1),0)),"") -> 22 | Q20: =IFERROR(VALUE(IFERROR(LEFT(I20,SEARCH("/",I20)-1),0)),"") -> 23 | R20: =IFERROR(VALUE(IFERROR(LEFT(K20,SEARCH("/",K20)-1),0)),"") -> 45 | S20: =VALUE(IFERROR(RIGHT(G20,LEN(G20)-SEARCH("/",G20)),0)) -> 25 | T20: =VALUE(IFERROR(RIGHT(I20,LEN(I20)-SEARCH("/",I20)),0)) -> 25 | U20: =VALUE(IFERROR(RIGHT(K20,LEN(K20)-SEARCH("/",K20)),0)) -> 50 | V20: 1 | W20: 1 | X20: 1 | Y20: 1 | Z20: 1 | AA20: 1 | AB20: 1
A21: =VLOOKUP(C8,INDIRECT($F$8),7+(O21-1)*4-V21,0) -> CEP 602 | B21: =VLOOKUP(D8,INDIRECT($F$8),7+(O21-1)*4-W21,0) -> Soil Dynamics Lab | F21: =VLOOKUP(E8,INDIRECT($F$8),7+(O21-1)*4-X21,0) -> 1 | G21: =_xlfn.TEXTJOIN("/",FALSE,VLOOKUP(B8,INDIRECT($F$8),7+(O21-1)*4-Y21,0),VLOOKUP(A8,INDIRECT($F$8),7+(O21-1)*4-Y21,0)) -> 24/25 | I21: =_xlfn.TEXTJOIN("/",FALSE,VLOOKUP(B8,INDIRECT($F$8),8+(O21-1)*4-Z21,0),VLOOKUP(A8,INDIRECT($F$8),8+(O21-1)*4-Z21,0)) -> 24/25 | K21: =_xlfn.TEXTJOIN("/",FALSE,VLOOKUP(B8,INDIRECT($F$8),9+(O21-1)*4-AA21,0),VLOOKUP(A8,INDIRECT($F$8),9+(O21-1)*4-AA21,0)) -> 48/50 | M21: =VLOOKUP(B8,INDIRECT($F$8),10+(O21-1)*4-AB21,0) -> O | N21: =INDEX($W$2:$W$12,MATCH(M21,$V$2:$V$12,0)) -> 10 | O21: 9 | P21: =IFERROR(VALUE(IFERROR(LEFT(G21,SEARCH("/",G21)-1),0)),"") -> 24 | Q21: =IFERROR(VALUE(IFERROR(LEFT(I21,SEARCH("/",I21)-1),0)),"") -> 24 | R21: =IFERROR(VALUE(IFERROR(LEFT(K21,SEARCH("/",K21)-1),0)),"") -> 48 | S21: =VALUE(IFERROR(RIGHT(G21,LEN(G21)-SEARCH("/",G21)),0)) -> 25 | T21: =VALUE(IFERROR(RIGHT(I21,LEN(I21)-SEARCH("/",I21)),0)) -> 25 | U21: =VALUE(IFERROR(RIGHT(K21,LEN(K21)-SEARCH("/",K21)),0)) -> 50 | V21: 1 | W21: 1 | X21: 1 | Y21: 1 | Z21: 1 | AA21: 1 | AB21: 1
