Workbook
Name I: SEM_I!$A$1:$AY$45
Name II: SEM_II!$A$1:$AM$45
Name III: SEM_III!$A$1:$AM$44
Name IV: SEM_IV!$A$1:$AM$44
Name V: #REF!

Sheet SEM_I
A1: SC | B1: Roll No. | C1: Enroll No. | D1: Student's Name | E1: Father's Name | F1: CAT 004 | I1: CAT 005 | L1: CAT 006 | O1: CAT 007 | R1: AHT 303 | U1: CAT 008 | X1: CAT 001 | AA1: CAT 002 | AD1: CAT 003 | AG1: CAP 001 | AJ1: CAP 002 | AM1: CAP 003 | AP1: AHP 303 | AV1: TGP | AW1: EC | AX1: Grace | AY1: CGPA
A2: SN | F2: Discrete Structure | I2: Database Management System | L2: Operating System | O2: Computer Organization | R2: Technical Communication Skills | U2: Python Programming ($) | X2: Introduction of Information Technology ($) | AA2: Programming Fundamentals with "C" ($) | AD2: Fundamental of Web Technology ($) | AG2: Database Management System Lab | AJ2: Operating System Lab | AM2: Computer Organization Lab | AP2: Technical Communication Skills
A3: C | F3: 4 | I3: 4 | L3: 4 | O3: 4 | R3: 4 | U3: 0 | X3: 0 | AA3: 0 | AD3: 0 | AG3: 1 | AJ3: 1 | AM3: 1 | AP3: 1 | AW3: =SUM(F3:AU3) -> 24
F4: Th. Ex. | G4: Ses. | H4: Total | I4: Th. Ex. | J4: Ses. | K4: Total | L4: Th. Ex. | M4: Ses. | N4: Total | O4: Th. Ex. | P4: Ses. | Q4: Total | R4: Th. Ex. | S4: Ses. | T4: Total | U4: Th. Ex. | V4: Ses. | W4: Total | X4: Pr. Ex. | Y4: Ses. | Z4: Total | AA4: Pr. Ex. | AB4: Ses. | AC4: Total | AD4: Pr. Ex. | AE4: Ses. | AF4: Total | AG4: Pr. Ex. | AH4: Ses. | AI4: Total | AJ4: Pr. Ex. | AK4: Ses. | AL4: Total | AM4: Pr. Ex. | AN4: Ses. | AO4: Total | AP4: Pr. Ex. | AQ4: Ses. | AR4: Total
A5: MM | F5: 100 | G5: 50 | H5: 150 | I5: 100 | J5: 50 | K5: 150 | L5: 100 | M5: 50 | N5: 150 | O5: 100 | P5: 50 | Q5: 150 | R5: 100 | S5: 50 | T5: 150 | U5: 30 | V5: 20 | W5: 50 | X5: 30 | Y5: 20 | Z5: 50 | AA5: 30 | AB5: 20 | AC5: 50 | AD5: 30 | AE5: 20 | AF5: 50 | AG5: 30 | AH5: 20 | AI5: 50 | AJ5: 30 | AK5: 20 | AL5: 50 | AM5: 30 | AN5: 20 | AO5: 50 | AP5: 30 | AQ5: 20 | AR5: 50
A6: 1 | B6: 250090600001 | C6: UTU/2506100119 | D6: ABHISHEK RAWAT | E6: RAMESH RAWAT | F6: 67 | G6: 42 | H6: =SUM(F6:G6) -> 109 | I6: 54 | J6: 40 | K6: =SUM(I6:J6) -> 94 | L6: 60 | M6: 42 | N6: =SUM(L6:M6) -> 102 | O6: 37 | P6: 40 | Q6: =SUM(O6:P6) -> 77 | R6: 67 | S6: 35 | T6: =SUM(R6:S6) -> 102 | U6: 16 | V6: 16 | W6: =SUM(U6:V6) -> 32 | X6: 27 | Y6: 19 | Z6: =SUM(X6:Y6) -> 46 | AA6: 24 | AB6: 18 | AC6: =SUM(AA6:AB6) -> 42 | AD6: 24 | AE6: 19 | AF6: =SUM(AD6:AE6) -> 43 | AG6: 26 | AH6: 16 | AI6: =SUM(AG6:AH6) -> 42 | AJ6: 26 | AK6: 17 | AL6: =SUM(AJ6:AK6) -> 43 | AM6: 25 | AN6: 19 | AO6: =SUM(AM6:AN6) -> 44 | AP6: 22 | AQ6: 16 | AR6: =SUM(AP6:AQ6) -> 38 | AV6: =INDIRECT(_xlfn.TEXTJOIN("",TRUE,"TC_",BC6,"!",ADDRESS(4+A6*(BD6+9),13))) -> 168.5 | AW6: =INDIRECT(_xlfn.TEXTJOIN("",TRUE,"TC_",BC6,"!",ADDRESS(5+A6*(BD6+9),12))) -> 24 | AX6: =IF(INDIRECT(_xlfn.TEXTJOIN("",TRUE,"TC_",BC6,"!",ADDRESS(4+A6*(BD6+9),23))),SUM(INDIRECT(_xlfn.TEXTJOIN("",TRUE,"TC_",BC6,"!",ADDRESS(4+A6*(BD6+9)-BD6,23),":",ADDRESS(3+A6*(BD6+9),23)))),0) -> 0 | AY6: =AV6/$AW$3 -> 7.0208333 | BC6: I | BD6: 14
A7: 2 | B7: 250090600002 | C7: UTU/2506100159 | D7: ABHISHEK SINGH NAYAL | E7: RAVENDRA SINGH NAYAL | F7: 61 | G7: 35 | H7: =SUM(F7:G7) -> 96 | I7: 46 | J7: 34 | K7: =SUM(I7:J7) -> 80 | L7: 56 | M7: 46 | N7: =SUM(L7:M7) -> 102 | O7: 51 | P7: 41 | Q7: =SUM(O7:P7) -> 92 | R7: 70 | S7: 37 | T7: =SUM(R7:S7) -> 107 | U7: 14 | V7: 12 | W7: =SUM(U7:V7) -> 26 | X7: NA | Y7: NA | Z7: NA | AA7: NA | AB7: NA | AC7: NA | AD7: NA | AE7: NA | AF7: NA | AG7: 24 | AH7: 14 | AI7: =SUM(AG7:AH7) -> 38 | AJ7: 27 | AK7: 18 | AL7: =SUM(AJ7:AK7) -> 45 | AM7: 27 | AN7: 18 | AO7: =SUM(AM7:AN7) -> 45 | AP7: 23 | AQ7: 17 | AR7: =SUM(AP7:AQ7) -> 40 | AV7: =INDIRECT(_xlfn.TEXTJOIN("",TRUE,"TC_",BC7,"!",ADDRESS(4+A7*(BD7+9),13))) -> 167.5 | AW7: =INDIRECT(_xlfn.TEXTJOIN("",TRUE,"TC_",BC7,"!",ADDRESS(5+A7*(BD7+9),12))) -> 24 | AX7: =IF(INDIRECT(_xlfn.TEXTJOIN("",TRUE,"TC_",BC7,"!",ADDRESS(4+A7*(BD7+9),23))),SUM(INDIRECT(_xlfn.TEXTJOIN("",TRUE,"TC_",BC7,"!",ADDRESS(4+A7*(BD7+9)-BD7,23),":",ADDRESS(3+A7*(BD7+9),23)))),0) -> 0 | AY7: =AV7/$AW$3 -> 6.9791667 | BC7: =BC6 -> I | BD7: =BD6 -> 14
A8: 3 | B8: 250090600003 | C8: UTU/2506100120 | D8: ASHOK CHANDRA UPRETI | E8: LALITA PRASAD UPRETI | F8: 69 | G8: 46 | H8: =SUM(F8:G8) -> 115 | I8: 85 | J8: 45 | K8: =SUM(I8:J8) -> 130 | L8: 88 | M8: 50 | N8: =SUM(L8:M8) -> 138 | O8: 81 | P8: 48 | Q8: =SUM(O8:P8) -> 129 | R8: 90 | S8: 48 | T8: =SUM(R8:S8) -> 138 | U8: 18 | V8: 13 | W8: =SUM(U8:V8) -> 31 | X8: 28 | Y8: 18 | Z8: =SUM(X8:Y8) -> 46 | AA8: 21 | AB8: 18 | AC8: =SUM(AA8:AB8) -> 39 | AD8: 22 | AE8: 19 | AF8: =SUM(AD8:AE8) -> 41 | AG8: 28 | AH8: 18 | AI8: =SUM(AG8:AH8) -> 46 | AJ8: 30 | AK8: 20 | AL8: =SUM(AJ8:AK8) -> 50 | AM8: 27 | AN8: 20 | AO8: =SUM(AM8:AN8) -> 47 | AP8: 30 | AQ8: 16 | AR8: =SUM(AP8:AQ8) -> 46 | AV8: =INDIRECT(_xlfn.TEXTJOIN("",TRUE,"TC_",BC8,"!",ADDRESS(4+A8*(BD8+9),13))) -> 218.5 | AW8: =INDIRECT(_xlfn.TEXTJOIN("",TRUE,"TC_",BC8,"!",ADDRESS(5+A8*(BD8+9),12))) -> 24 | AX8: =IF(INDIRECT(_xlfn.TEXTJOIN("",TRUE,"TC_",BC8,"!",ADDRESS(4+A8*(BD8+9),23))),SUM(INDIRECT(_xlfn.TEXTJOIN("",TRUE,"TC_",BC8,"!",ADDRESS(4+A8*(BD8+9)-BD8,23),":",ADDRESS(3+A8*(BD8+9),23)))),0) -> 0 | AY8: =AV8/$AW$3 -> 9.1041667 | BC8: =BC7 -> I | BD8: =BD7 -> 14
A9: 4 | B9: 250090600004 | C9: UTU/2506100116 | D9: AYUSH SINGH RAWAT | E9: RAJENDRA SINGH RAWAT | F9: 48 | G9: 42 | H9: =SUM(F9:G9) -> 90 | I9: 47 | J9: 31 | K9: =SUM(I9:J9) -> 78 | L9: 66 | M9: 36 | N9: =SUM(L9:M9) -> 102 | O9: 43 | P9: 33 | Q9: =SUM(O9:P9) -> 76 | R9: A | S9: 33 | T9: =SUM(R9:S9) -> 33 | U9: 13 | V9: 12 | W9: =SUM(U9:V9) -> 25 | X9: NA | Y9: NA | Z9: NA | AA9: NA | AB9: NA | AC9: NA | AD9: NA | AE9: NA | AF9: NA | AG9: 23 | AH9: 13 | AI9: =SUM(AG9:AH9) -> 36 | AJ9: 24 | AK9: 16 | AL9: =SUM(AJ9:AK9) -> 40 | AM9: 25 | AN9: 18 | AO9: =SUM(AM9:AN9) -> 43 | AP9: 25 | AQ9: 17 | AR9: =SUM(AP9:AQ9) -> 42 | AV9: =INDIRECT(_xlfn.TEXTJOIN("",TRUE,"TC_",BC9,"!",ADDRESS(4+A9*(BD9+9),13))) -> 131.5 | AW9: =INDIRECT(_xlfn.TEXTJOIN("",TRUE,"TC_",BC9,"!",ADDRESS(5+A9*(BD9+9),12))) -> 20 | AX9: =IF(INDIRECT(_xlfn.TEXTJOIN("",TRUE,"TC_",BC9,"!",ADDRESS(4+A9*(BD9+9),23))),SUM(INDIRECT(_xlfn.TEXTJOIN("",TRUE,"TC_",BC9,"!",ADDRESS(4+A9*(BD9+9)-BD9,23),":",ADDRESS(3+A9*(BD9+9),23)))),0) -> 0 | AY9: =AV9/$AW$3 -> 5.4791667 | BC9: =BC8 -> I | BD9: =BD8 -> 14
A10: 5 | B10: 250090600005 | C10: UTU/2506100147 | D10: DEEPAK BISHT | E10: DIWAN SINGH BISHT | F10: 58 | G10: 38 | H10: =SUM(F10:G10) -> 96 | I10: 49 | J10: 37 | K10: =SUM(I10:J10) -> 86 | L10: 77 | M10: 44 | N10: =SUM(L10:M10) -> 121 | O10: 40 | P10: 34 | Q10: =SUM(O10:P10) -> 74 | R10: 63 | S10: 32 | T10: =SUM(R10:S10) -> 95 | U10: 19 | V10: 15 | W10: =SUM(U10:V10) -> 34 | X10: NA | Y10: NA | Z10: NA | AA10: NA | AB10: NA | AC10: NA | AD10: NA | AE10: NA | AF10: NA | AG10: 25 | AH10: 15 | AI10: =SUM(AG10:AH10) -> 40 | AJ10: 27 | AK10: 18 | AL10: =SUM(AJ10:AK10) -> 45 | AM10: 23 | AN10: 17 | AO10: =SUM(AM10:AN10) -> 40 | AP10: 24 | AQ10: 16 | AR10: =SUM(AP10:AQ10) -> 40 | AV10: =INDIRECT(_xlfn.TEXTJOIN("",TRUE,"TC_",BC10,"!",ADDRESS(4+A10*(BD10+9),13))) -> 165 | AW10: =INDIRECT(_xlfn.TEXTJOIN("",TRUE,"TC_",BC10,"!",ADDRESS(5+A10*(BD10+9),12))) -> 24 | AX10: =IF(INDIRECT(_xlfn.TEXTJOIN("",TRUE,"TC_",BC10,"!",ADDRESS(4+A10*(BD10+9),23))),SUM(INDIRECT(_xlfn.TEXTJOIN("",TRUE,"TC_",BC10,"!",ADDRESS(4+A10*(BD10+9)-BD10,23),":",ADDRESS(3+A10*(BD10+9),23)))),0) -> 0 | AY10: =AV10/$AW$3 -> 6.875 | BC10: =BC9 -> I | BD10: =BD9 -> 14
A11: 6 | B11: 250090600006 | C11: UTU/2506100117 | D11: DEVASHISH TIWARI | E11: MAHESHWAR PRASAD TIWARI | F11: 47 | G11: 35 | H11: =SUM(F11:G11) -> 82 | I11: 64 | J11: 42 | K11: =SUM(I11:J11) -> 106 | L11: 69 | M11: 43 | N11: =SUM(L11:M11) -> 112 | O11: 46 | P11: 39 | Q11: =SUM(O11:P11) -> 85 | R11: 85 | S11: 35 | T11: =SUM(R11:S11) -> 120 | U11: 23 | V11: 11 | W11: =SUM(U11:V11) -> 34 | X11: NA | Y11: NA | Z11: NA | AA11: NA | AB11: NA | AC11: NA | AD11: NA | AE11: NA | AF11: NA | AG11: 27 | AH11: 17 | AI11: =SUM(AG11:AH11) -> 44 | AJ11: 27 | AK11: 18 | AL11: =SUM(AJ11:AK11) -> 45 | AM11: 25 | AN11: 18 | AO11: =SUM(AM11:AN11) -> 43 | AP11: 26 | AQ11: 18 | AR11: =SUM(AP11:AQ11) -> 44 | AV11: =INDIRECT(_xlfn.TEXTJOIN("",TRUE,"TC_",BC11,"!",ADDRESS(4+A11*(BD11+9),13))) -> 176.5 | AW11: =INDIRECT(_xlfn.TEXTJOIN("",TRUE,"TC_",BC11,"!",ADDRESS(5+A11*(BD11+9),12))) -> 24 | AX11: =IF(INDIRECT(_xlfn.TEXTJOIN("",TRUE,"TC_",BC11,"!",ADDRESS(4+A11*(BD11+9),23))),SUM(INDIRECT(_xlfn.TEXTJOIN("",TRUE,"TC_",BC11,"!",ADDRESS(4+A11*(BD11+9)-BD11,23),":",ADDRESS(3+A11*(BD11+9),23)))),0) -> 0 | AY11: =AV11/$AW$3 -> 7.3541667 | BC11: =BC10 -> I | BD11: =BD10 -> 14
A12: 7 | B12: 250090600007 | C12: UTU/2506100121 | D12: DIVESH PANT | E12: DINESH CHANDRA PANT | F12: 40 | G12: 44 | H12: =SUM(F12:G12) -> 84 | I12: 37 | J12: 37 | K12: =SUM(I12:J12) -> 74 | L12: 52 | M12: 36 | N12: =SUM(L12:M12) -> 88 | O12: 42 | P12: 43 | Q12: =SUM(O12:P12) -> 85 | R12: 62 | S12: 36 | T12: =SUM(R12:S12) -> 98 | U12: 14 | V12: 12 | W12: =SUM(U12:V12) -> 26 | X12: NA | Y12: NA | Z12: NA | AA12: NA | AB12: NA | AC12: NA | AD12: NA | AE12: NA | AF12: NA | AG12: 25 | AH12: 15 | AI12: =SUM(AG12:AH12) -> 40 | AJ12: 24 | AK12: 16 | AL12: =SUM(AJ12:AK12) -> 40 | AM12: 27 | AN12: 18 | AO12: =SUM(AM12:AN12) -> 45 | AP12: 25 | AQ12: 16 | AR12: =SUM(AP12:AQ12) -> 41 | AV12: =INDIRECT(_xlfn.TEXTJOIN("",TRUE,"TC_",BC12,"!",ADDRESS(4+A12*(BD12+9),13))) -> 155 | AW12: =INDIRECT(_xlfn.TEXTJOIN("",TRUE,"TC_",BC12,"!",ADDRESS(5+A12*(BD12+9),12))) -> 24 | AX12: =IF(INDIRECT(_xlfn.TEXTJOIN("",TRUE,"TC_",BC12,"!",ADDRESS(4+A12*(BD12+9),23))),SUM(INDIRECT(_xlfn.TEXTJOIN("",TRUE,"TC_",BC12,"!",ADDRESS(4+A12*(BD12+9)-BD12,23),":",ADDRESS(3+A12*(BD12+9),23)))),0) -> 0 | AY12: =AV12/$AW$3 -> 6.4583333 | BC12: =BC11 -> I | BD12: =BD11 -> 14
A13: 8 | B13: 250090600008 | C13: PUTU/2506100145 | D13: KHUSHI DWIVEDI | E13: CHANDI PRASAD DWIVEDI | F13: 81 | G13: 49 | H13: =SUM(F13:G13) -> 130 | I13: 88 | J13: 48 | K13: =SUM(I13:J13) -> 136 | L13: 98 | M13: 50 | N13: =SUM(L13:M13) -> 148 | O13: 89 | P13: 50 | Q13: =SUM(O13:P13) -> 139 | R13: 95 | S13: 35 | T13: =SUM(R13:S13) -> 130 | U13: 24 | V13: 19 | W13: =SUM(U13:V13) -> 43 | X13: NA | Y13: NA | Z13: NA | AA13: NA | AB13: NA | AC13: NA | AD13: NA | AE13: NA | AF13: NA | AG13: 29 | AH13: 19 | AI13: =SUM(AG13:AH13) -> 48 | AJ13: 30 | AK13: 20 | AL13: =SUM(AJ13:AK13) -> 50 | AM13: 30 | AN13: 20 | AO13: =SUM(AM13:AN13) -> 50 | AP13: 23 | AQ13: 17 | AR13: =SUM(AP13:AQ13) -> 40 | AV13: =INDIRECT(_xlfn.TEXTJOIN("",TRUE,"TC_",BC13,"!",ADDRESS(4+A13*(BD13+9),13))) -> 226.5 | AW13: =INDIRECT(_xlfn.TEXTJOIN("",TRUE,"TC_",BC13,"!",ADDRESS(5+A13*(BD13+9),12))) -> 24 | AX13: =IF(INDIRECT(_xlfn.TEXTJOIN("",TRUE,"TC_",BC13,"!",ADDRESS(4+A13*(BD13+9),23))),SUM(INDIRECT(_xlfn.TEXTJOIN("",TRUE,"TC_",BC13,"!",ADDRESS(4+A13*(BD13+9)-BD13,23),":",ADDRESS(3+A13*(BD13+9),23)))),0) -> 0 | AY13: =AV13/$AW$3 -> 9.4375 | BC13: =BC12 -> I | BD13: =BD12 -> 14
A14: 9 | B14: 250090600009 | C14: UTU/2506100160 | D14: KIRAN SAHANI | E14: VINOD SAHANI | F14: 65 | G14: 43 | H14: =SUM(F14:G14) -> 108 | I14: 59 | J14: 36 | K14: =SUM(I14:J14) -> 95 | L14: 71 | M14: 40 | N14: =SUM(L14:M14) -> 111 | O14: 46 | P14: 46 | Q14: =SUM(O14:P14) -> 92 | R14: 63 | S14: 33 | T14: =SUM(R14:S14) -> 96 | U14: 15 | V14: 12 | W14: =SUM(U14:V14) -> 27 | X14: 23 | Y14: 15 | Z14: =SUM(X14:Y14) -> 38 | AA14: 18 | AB14: 17 | AC14: =SUM(AA14:AB14) -> 35 | AD14: 24 | AE14: 16 | AF14: =SUM(AD14:AE14) -> 40 | AG14: 25 | AH14: 15 | AI14: =SUM(AG14:AH14) -> 40 | AJ14: 24 | AK14: 16 | AL14: =SUM(AJ14:AK14) -> 40 | AM14: 27 | AN14: 19 | AO14: =SUM(AM14:AN14) -> 46 | AP14: 22 | AQ14: 16 | AR14: =SUM(AP14:AQ14) -> 38 | AV14: =INDIRECT(_xlfn.TEXTJOIN("",TRUE,"TC_",BC14,"!",ADDRESS(4+A14*(BD14+9),13))) -> 172.5 | AW14: =INDIRECT(_xlfn.TEXTJOIN("",TRUE,"TC_",BC14,"!",ADDRESS(5+A14*(BD14+9),12))) -> 24 | AX14: =IF(INDIRECT(_xlfn.TEXTJOIN("",TRUE,"TC_",BC14,"!",ADDRESS(4+A14*(BD14+9),23))),SUM(INDIRECT(_xlfn.TEXTJOIN("",TRUE,"TC_",BC14,"!",ADDRESS(4+A14*(BD14+9)-BD14,23),":",ADDRESS(3+A14*(BD14+9),23)))),0) -> 0 | AY14: =AV14/$AW$3 -> 7.1875 | BC14: =BC13 -> I | BD14: =BD13 -> 14
A15: 10 | B15: 250090600010 | C15: UTU/2506100154 | D15: NIKITA BALODHI | E15: MR DHANJAY PRASAD BALODHI | F15: 53 | G15: 37 | H15: =SUM(F15:G15) -> 90 | I15: 64 | J15: 38 | K15: =SUM(I15:J15) -> 102 | L15: 76 | M15: 42 | N15: =SUM(L15:M15) -> 118 | O15: 52 | P15: 44 | Q15: =SUM(O15:P15) -> 96 | R15: 84 | S15: 37 | T15: =SUM(R15:S15) -> 121 | U15: 13 | V15: 14 | W15: =SUM(U15:V15) -> 27 | X15: NA | Y15: NA | Z15: NA | AA15: NA | AB15: NA | AC15: NA | AD15: NA | AE15: NA | AF15: NA | AG15: 24 | AH15: 15 | AI15: =SUM(AG15:AH15) -> 39 | AJ15: 26 | AK15: 17 | AL15: =SUM(AJ15:AK15) -> 43 | AM15: 25 | AN15: 19 | AO15: =SUM(AM15:AN15) -> 44 | AP15: 24 | AQ15: 18 | AR15: =SUM(AP15:AQ15) -> 42 | AV15: =INDIRECT(_xlfn.TEXTJOIN("",TRUE,"TC_",BC15,"!",ADDRESS(4+A15*(BD15+9),13))) -> 180.5 | AW15: =INDIRECT(_xlfn.TEXTJOIN("",TRUE,"TC_",BC15,"!",ADDRESS(5+A15*(BD15+9),12))) -> 24 | AX15: =IF(INDIRECT(_xlfn.TEXTJOIN("",TRUE,"TC_",BC15,"!",ADDRESS(4+A15*(BD15+9),23))),SUM(INDIRECT(_xlfn.TEXTJOIN("",TRUE,"TC_",BC15,"!",ADDRESS(4+A15*(BD15+9)-BD15,23),":",ADDRESS(3+A15*(BD15+9),23)))),0) -> 0 | AY15: =AV15/$AW$3 -> 7.5208333 | BC15: =BC14 -> I | BD15: =BD14 -> 14
A16: 11 | B16: 250090600011 | C16: UTU/2506100161 | D16: NISHTHA ARORA | E16: SUNIL ARORA | F16: 53 | G16: 38 | H16: =SUM(F16:G16) -> 91 | I16: 66 | J16: 38 | K16: =SUM(I16:J16) -> 104 | L16: 67 | M16: 50 | N16: =SUM(L16:M16) -> 117 | O16: 55 | P16: 41 | Q16: =SUM(O16:P16) -> 96 | R16: 85 | S16: 34 | T16: =SUM(R16:S16) -> 119 | U16: 16 | V16: 14 | W16: =SUM(U16:V16) -> 30 | X16: NA | Y16: NA | Z16: NA | AA16: NA | AB16: NA | AC16: NA | AD16: NA | AE16: NA | AF16: NA | AG16: 25 | AH16: 15 | AI16: =SUM(AG16:AH16) -> 40 | AJ16: 30 | AK16: 20 | AL16: =SUM(AJ16:AK16) -> 50 | AM16: 25 | AN16: 19 | AO16: =SUM(AM16:AN16) -> 44 | AP16: 25 | AQ16: 17 | AR16: =SUM(AP16:AQ16) -> 42 | AV16: =INDIRECT(_xlfn.TEXTJOIN("",TRUE,"TC_",BC16,"!",ADDRESS(4+A16*(BD16+9),13))) -> 180 | AW16: =INDIRECT(_xlfn.TEXTJOIN("",TRUE,"TC_",BC16,"!",ADDRESS(5+A16*(BD16+9),12))) -> 24 | AX16: =IF(INDIRECT(_xlfn.TEXTJOIN("",TRUE,"TC_",BC16,"!",ADDRESS(4+A16*(BD16+9),23))),SUM(INDIRECT(_xlfn.TEXTJOIN("",TRUE,"TC_",BC16,"!",ADDRESS(4+A16*(BD16+9)-BD16,23),":",ADDRESS(3+A16*(BD16+9),23)))),0) -> 0 | AY16: =AV16/$AW$3 -> 7.5 | BC16: =BC15 -> I | BD16: =BD15 -> 14
A17: 12 | B17: 250090600012 | C17: UTU/2506100155 | D17: OJASWEE BISHT | E17: PRAMOD BISHT | F17: 65 | G17: 46 | H17: =SUM(F17:G17) -> 111 | I17: 59 | J17: 44 | K17: =SUM(I17:J17) -> 103 | L17: 79 | M17: 46 | N17: =SUM(L17:M17) -> 125 | O17: 60 | P17: 41 | Q17: =SUM(O17:P17) -> 101 | R17: 83 | S17: 36 | T17: =SUM(R17:S17) -> 119 | U17: 22 | V17: 15 | W17: =SUM(U17:V17) -> 37 | X17: NA | Y17: NA | Z17: NA | AA17: NA | AB17: NA | AC17: NA | AD17: NA | AE17: NA | AF17: NA | AG17: 28 | AH17: 18 | AI17: =SUM(AG17:AH17) -> 46 | AJ17: 27 | AK17: 18 | AL17: =SUM(AJ17:AK17) -> 45 | AM17: 25 | AN17: 19 | AO17: =SUM(AM17:AN17) -> 44 | AP17: 26 | AQ17: 17 | AR17: =SUM(AP17:AQ17) -> 43 | AV17: =INDIRECT(_xlfn.TEXTJOIN("",TRUE,"TC_",BC17,"!",ADDRESS(4+A17*(BD17+9),13))) -> 189 | AW17: =INDIRECT(_xlfn.TEXTJOIN("",TRUE,"TC_",BC17,"!",ADDRESS(5+A17*(BD17+9),12))) -> 24 | AX17: =IF(INDIRECT(_xlfn.TEXTJOIN("",TRUE,"TC_",BC17,"!",ADDRESS(4+A17*(BD17+9),23))),SUM(INDIRECT(_xlfn.TEXTJOIN("",TRUE,"TC_",BC17,"!",ADDRESS(4+A17*(BD17+9)-BD17,23),":",ADDRESS(3+A17*(BD17+9),23)))),0) -> 0 | AY17: =AV17/$AW$3 -> 7.875 | BC17: =BC16 -> I | BD17: =BD16 -> 14
A18: 13 | B18: 250090600013 | C18: UTU/2506100158 | D18: RATNESH JUYAL | E18: BHAGWAT PRASAD JUYAL | F18: 41 | G18: 36 | H18: =SUM(F18:G18) -> 77 | I18: 41 | J18: 28 | K18: =SUM(I18:J18) -> 69 | L18: 57 | M18: 35 | N18: =SUM(L18:M18) -> 92 | O18: 26 | P18: 31 | Q18: =SUM(O18:P18) -> 57 | R18: 51 | S18: 34 | T18: =SUM(R18:S18) -> 85 | U18: 17 | V18: 12 | W18: =SUM(U18:V18) -> 29 | X18: NA | Y18: NA | Z18: NA | AA18: NA | AB18: NA | AC18: NA | AD18: NA | AE18: NA | AF18: NA | AG18: 23 | AH18: 13 | AI18: =SUM(AG18:AH18) -> 36 | AJ18: 24 | AK18: 16 | AL18: =SUM(AJ18:AK18) -> 40 | AM18: 27 | AN18: 18 | AO18: =SUM(AM18:AN18) -> 45 | AP18: 25 | AQ18: 16 | AR18: =SUM(AP18:AQ18) -> 41 | AV18: =INDIRECT(_xlfn.TEXTJOIN("",TRUE,"TC_",BC18,"!",ADDRESS(4+A18*(BD18+9),13))) -> 144 | AW18: =INDIRECT(_xlfn.TEXTJOIN("",TRUE,"TC_",BC18,"!",ADDRESS(5+A18*(BD18+9),12))) -> 24 | AX18: =IF(INDIRECT(_xlfn.TEXTJOIN("",TRUE,"TC_",BC18,"!",ADDRESS(4+A18*(BD18+9),23))),SUM(INDIRECT(_xlfn.TEXTJOIN("",TRUE,"TC_",BC18,"!",ADDRESS(4+A18*(BD18+9)-BD18,23),":",ADDRESS(3+A18*(BD18+9),23)))),0) -> 4 | AY18: =AV18/$AW$3 -> 6 | BC18: =BC17 -> I | BD18: =BD17 -> 14
A19: 14 | B19: 250090600014 | C19: UTU/2506100138 | D19: REETU SAINI | E19: ARJUN SINGH SAINI | F19: 35 | G19: 33 | H19: =SUM(F19:G19) -> 68 | I19: 58 | J19: 35 | K19: =SUM(I19:J19) -> 93 | L19: 74 | M19: 39 | N19: =SUM(L19:M19) -> 113 | O19: 35 | P19: 47 | Q19: =SUM(O19:P19) -> 82 | R19: 61 | S19: 32 | T19: =SUM(R19:S19) -> 93 | U19: 14 | V19: 12 | W19: =SUM(U19:V19) -> 26 | X19: NA | Y19: NA | Z19: NA | AA19: NA | AB19: NA | AC19: NA | AD19: NA | AE19: NA | AF19: NA | AG19: 24 | AH19: 14 | AI19: =SUM(AG19:AH19) -> 38 | AJ19: 24 | AK19: 16 | AL19: =SUM(AJ19:AK19) -> 40 | AM19: 23 | AN19: 19 | AO19: =SUM(AM19:AN19) -> 42 | AP19: 23 | AQ19: 17 | AR19: =SUM(AP19:AQ19) -> 40 | AV19: =INDIRECT(_xlfn.TEXTJOIN("",TRUE,"TC_",BC19,"!",ADDRESS(4+A19*(BD19+9),13))) -> 159.5 | AW19: =INDIRECT(_xlfn.TEXTJOIN("",TRUE,"TC_",BC19,"!",ADDRESS(5+A19*(BD19+9),12))) -> 24 | AX19: =IF(INDIRECT(_xlfn.TEXTJOIN("",TRUE,"TC_",BC19,"!",ADDRESS(4+A19*(BD19+9),23))),SUM(INDIRECT(_xlfn.TEXTJOIN("",TRUE,"TC_",BC19,"!",ADDRESS(4+A19*(BD19+9)-BD19,23),":",ADDRESS(3+A19*(BD19+9),23)))),0) -> 0 | AY19: =AV19/$AW$3 -> 6.6458333 | BC19: =BC18 -> I | BD19: =BD18 -> 14
A20: 15 | B20: 250090600015 | C20: PUTU/2506100115 | D20: RISHABH KAINTURA | E20: SURENDER KAINTURA | F20: 36 | G20: 32 | H20: =SUM(F20:G20) -> 68 | I20: 35 | J20: 33 | K20: =SUM(I20:J20) -> 68 | L20: 50 | M20: 36 | N20: =SUM(L20:M20) -> 86 | O20: 27 | P20: 30 | Q20: =SUM(O20:P20) -> 57 | R20: 55 | S20: 31 | T20: =SUM(R20:S20) -> 86 | U20: 14 | V20: 13 | W20: =SUM(U20:V20) -> 27 | X20: NA | Y20: NA | Z20: NA | AA20: NA | AB20: NA | AC20: NA | AD20: NA | AE20: NA | AF20: NA | AG20: 23 | AH20: 13 | AI20: =SUM(AG20:AH20) -> 36 | AJ20: 24 | AK20: 16 | AL20: =SUM(AJ20:AK20) -> 40 | AM20: 23 | AN20: 16 | AO20: =SUM(AM20:AN20) -> 39 | AP20: 25 | AQ20: 17 | AR20: =SUM(AP20:AQ20) -> 42 | AV20: =INDIRECT(_xlfn.TEXTJOIN("",TRUE,"TC_",BC20,"!",ADDRESS(4+A20*(BD20+9),13))) -> 138.5 | AW20: =INDIRECT(_xlfn.TEXTJOIN("",TRUE,"TC_",BC20,"!",ADDRESS(5+A20*(BD20+9),12))) -> 24 | AX20: =IF(INDIRECT(_xlfn.TEXTJOIN("",TRUE,"TC_",BC20,"!",ADDRESS(4+A20*(BD20+9),23))),SUM(INDIRECT(_xlfn.TEXTJOIN("",TRUE,"TC_",BC20,"!",ADDRESS(4+A20*(BD20+9)-BD20,23),":",ADDRESS(3+A20*(BD20+9),23)))),0) -> 3 | AY20: =AV20/$AW$3 -> 5.7708333 | BC20: =BC19 -> I | BD20: =BD19 -> 14
A21: 16 | B21: 250090600016 | C21: PUTU/2506100124 | D21: ROHIT SINGH | E21: MAHESH CHANDRA SINGH | F21: 80 | G21: 42 | H21: =SUM(F21:G21) -> 122 | I21: 57 | J21: 39 | K21: =SUM(I21:J21) -> 96 | L21: 79 | M21: 45 | N21: =SUM(L21:M21) -> 124 | O21: 75 | P21: 49 | Q21: =SUM(O21:P21) -> 124 | R21: 83 | S21: 49 | T21: =SUM(R21:S21) -> 132 | U21: 17 | V21: 15 | W21: =SUM(U21:V21) -> 32 | X21: NA | Y21: NA | Z21: NA | AA21: NA | AB21: NA | AC21: NA | AD21: NA | AE21: NA | AF21: NA | AG21: 26 | AH21: 16 | AI21: =SUM(AG21:AH21) -> 42 | AJ21: 27 | AK21: 18 | AL21: =SUM(AJ21:AK21) -> 45 | AM21: 28 | AN21: 19 | AO21: =SUM(AM21:AN21) -> 47 | AP21: 30 | AQ21: 18 | AR21: =SUM(AP21:AQ21) -> 48 | AV21: =INDIRECT(_xlfn.TEXTJOIN("",TRUE,"TC_",BC21,"!",ADDRESS(4+A21*(BD21+9),13))) -> 201.5 | AW21: =INDIRECT(_xlfn.TEXTJOIN("",TRUE,"TC_",BC21,"!",ADDRESS(5+A21*(BD21+9),12))) -> 24 | AX21: =IF(INDIRECT(_xlfn.TEXTJOIN("",TRUE,"TC_",BC21,"!",ADDRESS(4+A21*(BD21+9),23))),SUM(INDIRECT(_xlfn.TEXTJOIN("",TRUE,"TC_",BC21,"!",ADDRESS(4+A21*(BD21+9)-BD21,23),":",ADDRESS(3+A21*(BD21+9),23)))),0) -> 0 | AY21: =AV21/$AW$3 -> 8.3958333 | BC21: =BC20 -> I | BD21: =BD20 -> 14
A22: 17 | B22: 250090600017 | C22: UTU/2506100148 | D22: SAURAV DHAPOLA | E22: NARENDRA SINGH | F22: 58 | G22: 34 | H22: =SUM(F22:G22) -> 92 | I22: 47 | J22: 39 | K22: =SUM(I22:J22) -> 86 | L22: 75 | M22: 46 | N22: =SUM(L22:M22) -> 121 | O22: 38 | P22: 31 | Q22: =SUM(O22:P22) -> 69 | R22: 73 | S22: 34 | T22: =SUM(R22:S22) -> 107 | U22: 16 | V22: 13 | W22: =SUM(U22:V22) -> 29 | X22: NA | Y22: NA | Z22: NA | AA22: NA | AB22: NA | AC22: NA | AD22: NA | AE22: NA | AF22: NA | AG22: 27 | AH22: 17 | AI22: =SUM(AG22:AH22) -> 44 | AJ22: 27 | AK22: 18 | AL22: =SUM(AJ22:AK22) -> 45 | AM22: 27 | AN22: 17 | AO22: =SUM(AM22:AN22) -> 44 | AP22: 26 | AQ22: 16 | AR22: =SUM(AP22:AQ22) -> 42 | AV22: =INDIRECT(_xlfn.TEXTJOIN("",TRUE,"TC_",BC22,"!",ADDRESS(4+A22*(BD22+9),13))) -> 170 | AW22: =INDIRECT(_xlfn.TEXTJOIN("",TRUE,"TC_",BC22,"!",ADDRESS(5+A22*(BD22+9),12))) -> 24 | AX22: =IF(INDIRECT(_xlfn.TEXTJOIN("",TRUE,"TC_",BC22,"!",ADDRESS(4+A22*(BD22+9),23))),SUM(INDIRECT(_xlfn.TEXTJOIN("",TRUE,"TC_",BC22,"!",ADDRESS(4+A22*(BD22+9)-BD22,23),":",ADDRESS(3+A22*(BD22+9),23)))),0) -> 0 | AY22: =AV22/$AW$3 -> 7.0833333 | BC22: =BC21 -> I | BD22: =BD21 -> 14
A23: 18 | B23: 250090600018 | C23: UTU/2506100123 | D23: SHIVANK RAWAT | E23: DEVENDRA SINGH RAWAT | F23: 68 | G23: 43 | H23: =SUM(F23:G23) -> 111 | I23: 57 | J23: 39 | K23: =SUM(I23:J23) -> 96 | L23: 66 | M23: 44 | N23: =SUM(L23:M23) -> 110 | O23: 60 | P23: 42 | Q23: =SUM(O23:P23) -> 102 | R23: 56 | S23: 35 | T23: =SUM(R23:S23) -> 91 | U23: 17 | V23: 16 | W23: =SUM(U23:V23) -> 33 | X23: NA | Y23: NA | Z23: NA | AA23: NA | AB23: NA | AC23: NA | AD23: NA | AE23: NA | AF23: NA | AG23: 25 | AH23: 17 | AI23: =SUM(AG23:AH23) -> 42 | AJ23: 27 | AK23: 18 | AL23: =SUM(AJ23:AK23) -> 45 | AM23: 27 | AN23: 19 | AO23: =SUM(AM23:AN23) -> 46 | AP23: 25 | AQ23: 17 | AR23: =SUM(AP23:AQ23) -> 42 | AV23: =INDIRECT(_xlfn.TEXTJOIN("",TRUE,"TC_",BC23,"!",ADDRESS(4+A23*(BD23+9),13))) -> 176 | AW23: =INDIRECT(_xlfn.TEXTJOIN("",TRUE,"TC_",BC23,"!",ADDRESS(5+A23*(BD23+9),12))) -> 24 | AX23: =IF(INDIRECT(_xlfn.TEXTJOIN("",TRUE,"TC_",BC23,"!",ADDRESS(4+A23*(BD23+9),23))),SUM(INDIRECT(_xlfn.TEXTJOIN("",TRUE,"TC_",BC23,"!",ADDRESS(4+A23*(BD23+9)-BD23,23),":",ADDRESS(3+A23*(BD23+9),23)))),0) -> 0 | AY23: =AV23/$AW$3 -> 7.3333333 | BC23: =BC22 -> I | BD23: =BD22 -> 14
A24: 19 | B24: 250090600019 | C24: UTU/2506100146 | D24: SIMRAN KANDARI | E24: MANMOHAN SINGH | F24: 70 | G24: 40 | H24: =SUM(F24:G24) -> 110 | I24: 71 | J24: 39 | K24: =SUM(I24:J24) -> 110 | L24: 72 | M24: 39 | N24: =SUM(L24:M24) -> 111 | O24: 36 | P24: 44 | Q24: =SUM(O24:P24) -> 80 | R24: 92 | S24: 36 | T24: =SUM(R24:S24) -> 128 | U24: 18 | V24: 16 | W24: =SUM(U24:V24) -> 34 | X24: NA | Y24: NA | Z24: NA | AA24: NA | AB24: NA | AC24: NA | AD24: NA | AE24: NA | AF24: NA | AG24: 26 | AH24: 17 | AI24: =SUM(AG24:AH24) -> 43 | AJ24: 24 | AK24: 16 | AL24: =SUM(AJ24:AK24) -> 40 | AM24: 28 | AN24: 19 | AO24: =SUM(AM24:AN24) -> 47 | AP24: 26 | AQ24: 18 | AR24: =SUM(AP24:AQ24) -> 44 | AV24: =INDIRECT(_xlfn.TEXTJOIN("",TRUE,"TC_",BC24,"!",ADDRESS(4+A24*(BD24+9),13))) -> 184 | AW24: =INDIRECT(_xlfn.TEXTJOIN("",TRUE,"TC_",BC24,"!",ADDRESS(5+A24*(BD24+9),12))) -> 24 | AX24: =IF(INDIRECT(_xlfn.TEXTJOIN("",TRUE,"TC_",BC24,"!",ADDRESS(4+A24*(BD24+9),23))),SUM(INDIRECT(_xlfn.TEXTJOIN("",TRUE,"TC_",BC24,"!",ADDRESS(4+A24*(BD24+9)-BD24,23),":",ADDRESS(3+A24*(BD24+9),23)))),0) -> 0 | AY24: =AV24/$AW$3 -> 7.6666667 | BC24: =BC23 -> I | BD24: =BD23 -> 14
A25: 20 | B25: 250090600020 | C25: UTU/2506100157 | D25: VIVEK | E25: SATYAPAL | F25: 41 | G25: 32 | H25: =SUM(F25:G25) -> 73 | I25: 37 | J25: 30 | K25: =SUM(I25:J25) -> 67 | L25: 51 | M25: 35 | N25: =SUM(L25:M25) -> 86 | O25: 34 | P25: 33 | Q25: =SUM(O25:P25) -> 67 | R25: 68 | S25: 34 | T25: =SUM(R25:S25) -> 102 | U25: 18 | V25: 15 | W25: =SUM(U25:V25) -> 33 | X25: NA | Y25: NA | Z25: NA | AA25: NA | AB25: NA | AC25: NA | AD25: NA | AE25: NA | AF25: NA | AG25: 23 | AH25: 13 | AI25: =SUM(AG25:AH25) -> 36 | AJ25: 24 | AK25: 16 | AL25: =SUM(AJ25:AK25) -> 40 | AM25: 27 | AN25: 18 | AO25: =SUM(AM25:AN25) -> 45 | AP25: 25 | AQ25: 16 | AR25: =SUM(AP25:AQ25) -> 41 | AV25: =INDIRECT(_xlfn.TEXTJOIN("",TRUE,"TC_",BC25,"!",ADDRESS(4+A25*(BD25+9),13))) -> 142 | AW25: =INDIRECT(_xlfn.TEXTJOIN("",TRUE,"TC_",BC25,"!",ADDRESS(5+A25*(BD25+9),12))) -> 24 | AX25: =IF(INDIRECT(_xlfn.TEXTJOIN("",TRUE,"TC_",BC25,"!",ADDRESS(4+A25*(BD25+9),23))),SUM(INDIRECT(_xlfn.TEXTJOIN("",TRUE,"TC_",BC25,"!",ADDRESS(4+A25*(BD25+9)-BD25,23),":",ADDRESS(3+A25*(BD25+9),23)))),0) -> 0 | AY25: =AV25/$AW$3 -> 5.9166667 | BC25: =BC24 -> I | BD25: =BD24 -> 14

Sheet SEM_II
A1: SC | B1: Roll No. | C1: Enroll No. | D1: Student's Name | E1: Father's Name | F1: CAT 009 | I1: CAT 010 | L1: CAT 011 | O1: CAT 012 | R1: CAT 013 | U1: AHT 304 | X1: CAP 004 | AA1: CAP 005 | AD1: CAP 006 | AG1: CAP 007 | AJ1: TGP | AK1: EC | AL1: Grace | AM1: CGPA
A2: SN | F2: Computer Based Numerical and Statistical Techniques | I2: Data Structures and Analysis of Algorithms | L2: Object Oriented Programming with JAVA | O2: Computer Networks | R2: Artificial Intelligence | U2: Accounting and Financial Management ($) | X2: Data Structures and Analysis of Algorithms Lab | AA2: Object Oriented Programming with JAVA Lab | AD2: Computer Networks Lab | AG2: Artificial Intelligence Lab
A3: C | F3: 4 | I3: 4 | L3: 4 | O3: 4 | R3: 4 | U3: 0 | X3: 1 | AA3: 1 | AD3: 1 | AG3: 1 | AK3: =INDIRECT(_xlfn.TEXTJOIN("",TRUE,"SEM_",AN6,"!",ADDRESS(3,5+AP6*3+2)))+SUM(F3:AI3) -> 48
F4: Th. Ex. | G4: Ses. | H4: Total | I4: Th. Ex. | J4: Ses. | K4: Total | L4: Th. Ex. | M4: Ses. | N4: Total | O4: Th. Ex. | P4: Ses. | Q4: Total | R4: Th. Ex. | S4: Ses. | T4: Total | U4: Pr. Ex. | V4: Ses. | W4: Total | X4: Pr. Ex. | Y4: Ses. | Z4: Total | AA4: Pr. Ex. | AB4: Ses. | AC4: Total | AD4: Pr. Ex. | AE4: Ses. | AF4: Total | AG4: Pr. Ex. | AH4: Ses. | AI4: Total
A5: MM | F5: 100 | G5: 50 | H5: 150 | I5: 100 | J5: 50 | K5: 150 | L5: 100 | M5: 50 | N5: 150 | O5: 100 | P5: 50 | Q5: 150 | R5: 100 | S5: 50 | T5: 150 | U5: 0 | V5: 50 | W5: 50 | X5: 30 | Y5: 20 | Z5: 50 | AA5: 30 | AB5: 20 | AC5: 50 | AD5: 30 | AE5: 20 | AF5: 50 | AG5: 30 | AH5: 20 | AI5: 50
A6: 1 | B6: 240090600001 | C6: UTU/2406100187 | D6: ALOK NEGI | E6: PRATAP SINGH NEGI | F6: 58 | G6: 46 | H6: =SUM(F6:G6) -> 104 | I6: 75 | J6: 43 | K6: =SUM(I6:J6) -> 118 | L6: 66 | M6: 44 | N6: =SUM(L6:M6) -> 110 | O6: 54 | P6: 42 | Q6: =SUM(O6:P6) -> 96 | R6: 77 | S6: 46 | T6: =SUM(R6:S6) -> 123 | V6: 27 | W6: =SUM(V6) -> 27 | X6: 24 | Y6: 18 | Z6: =SUM(X6:Y6) -> 42 | AA6: 20 | AB6: 17 | AC6: =SUM(AA6:AB6) -> 37 | AD6: 24 | AE6: 18 | AF6: =SUM(AD6:AE6) -> 42 | AG6: 27 | AH6: 19 | AI6: =SUM(AG6:AH6) -> 46 | AJ6: =IF(LEFT(B6,1)="7",0,INDEX(INDIRECT(_xlfn.TEXTJOIN("",TRUE,"SEM_",AN6,"!",ADDRESS(6,5+AP6*3+1),":",ADDRESS(5+AO6,5+AP6*3+1))),MATCH(B6,INDIRECT(_xlfn.TEXTJOIN("",TRUE,"SEM_",AN6,"!",ADDRESS(6,2),":",ADDRESS(5+AO6,2))),0)))+INDIRECT(_xlfn.TEXTJOIN("",TRUE,"TC_",AQ6,"!",ADDRESS(4+A6*(AR6+9),13))) -> #N/A | AK6: =IF(LEFT(B6,1)="7",0,INDEX(INDIRECT(_xlfn.TEXTJOIN("",TRUE,"SEM_",AN6,"!",ADDRESS(6,5+AP6*3+2),":",ADDRESS(5+AO6,5+AP6*3+2))),MATCH(B6,INDIRECT(_xlfn.TEXTJOIN("",TRUE,"SEM_",AN6,"!",ADDRESS(6,2),":",ADDRESS(5+AO6,2))),0)))+INDIRECT(_xlfn.TEXTJOIN("",TRUE,"TC_",AQ6,"!",ADDRESS(5+A6*(AR6+9),12))) -> #N/A | AL6: =IF(INDIRECT(_xlfn.TEXTJOIN("",TRUE,"TC_",AQ6,"!",ADDRESS(4+A6*(AR6+9),23))),SUM(INDIRECT(_xlfn.TEXTJOIN("",TRUE,"TC_",AQ6,"!",ADDRESS(4+A6*(AR6+9)-AR6,23),":",ADDRESS(3+A6*(AR6+9),23)))),0) -> #N/A | AM6: =IF(LEFT(B6,1)="7",AJ6/$AK$4,AJ6/$AK$3) -> #N/A | AN6: I | AO6: 25 | AP6: 14 | AQ6: II | AR6: 10
A7: 2 | B7: 240090600002 | C7: UTU/2406100171 | D7: AMAN POKHRIYAL | E7: VINOD PRASSAD POKHRIYAL | F7: 40 | G7: 42 | H7: =SUM(F7:G7) -> 82 | I7: 57 | J7: 40 | K7: =SUM(I7:J7) -> 97 | L7: 45 | M7: 36 | N7: =SUM(L7:M7) -> 81 | O7: 32 | P7: 38 | Q7: =SUM(O7:P7) -> 70 | R7: 53 | S7: 48 | T7: =SUM(R7:S7) -> 101 | V7: 35 | W7: =SUM(V7) -> 35 | X7: 23 | Y7: 16 | Z7: =SUM(X7:Y7) -> 39 | AA7: 23 | AB7: 14 | AC7: =SUM(AA7:AB7) -> 37 | AD7: 23 | AE7: 17 | AF7: =SUM(AD7:AE7) -> 40 | AG7: 26 | AH7: 19 | AI7: =SUM(AG7:AH7) -> 45 | AJ7: =IF(LEFT(B7,1)="7",0,INDEX(INDIRECT(_xlfn.TEXTJOIN("",TRUE,"SEM_",AN7,"!",ADDRESS(6,5+AP7*3+1),":",ADDRESS(5+AO7,5+AP7*3+1))),MATCH(B7,INDIRECT(_xlfn.TEXTJOIN("",TRUE,"SEM_",AN7,"!",ADDRESS(6,2),":",ADDRESS(5+AO7,2))),0)))+INDIRECT(_xlfn.TEXTJOIN("",TRUE,"TC_",AQ7,"!",ADDRESS(4+A7*(AR7+9),13))) -> #N/A | AK7: =IF(LEFT(B7,1)="7",0,INDEX(INDIRECT(_xlfn.TEXTJOIN("",TRUE,"SEM_",AN7,"!",ADDRESS(6,5+AP7*3+2),":",ADDRESS(5+AO7,5+AP7*3+2))),MATCH(B7,INDIRECT(_xlfn.TEXTJOIN("",TRUE,"SEM_",AN7,"!",ADDRESS(6,2),":",ADDRESS(5+AO7,2))),0)))+INDIRECT(_xlfn.TEXTJOIN("",TRUE,"TC_",AQ7,"!",ADDRESS(5+A7*(AR7+9),12))) -> #N/A | AL7: =IF(INDIRECT(_xlfn.TEXTJOIN("",TRUE,"TC_",AQ7,"!",ADDRESS(4+A7*(AR7+9),23))),SUM(INDIRECT(_xlfn.TEXTJOIN("",TRUE,"TC_",AQ7,"!",ADDRESS(4+A7*(AR7+9)-AR7,23),":",ADDRESS(3+A7*(AR7+9),23)))),0) -> #N/A | AM7: =IF(LEFT(B7,1)="7",AJ7/$AK$4,AJ7/$AK$3) -> #N/A | AN7: =AN6 -> I | AO7: =AO6 -> 25 | AP7: =AP6 -> 14 | AQ7: =AQ6 -> II | AR7: =AR6 -> 10
A8: 3 | B8: 240090600003 | C8: UTU/2406100173 | D8: ANAS SAIFI | E8: SALMUDDIN SAIFI | F8: 50 | G8: 37 | H8: =SUM(F8:G8) -> 87 | I8: 50 | J8: 37 | K8: =SUM(I8:J8) -> 87 | L8: 41 | M8: 40 | N8: =SUM(L8:M8) -> 81 | O8: 43 | P8: 40 | Q8: =SUM(O8:P8) -> 83 | R8: 61 | S8: 45 | T8: =SUM(R8:S8) -> 106 | V8: 28 | W8: =SUM(V8) -> 28 | X8: 22 | Y8: 15 | Z8: =SUM(X8:Y8) -> 37 | AA8: 20 | AB8: 16 | AC8: =SUM(AA8:AB8) -> 36 | AD8: 22 | AE8: 16 | AF8: =SUM(AD8:AE8) -> 38 | AG8: 24 | AH8: 17 | AI8: =SUM(AG8:AH8) -> 41 | AJ8: =IF(LEFT(B8,1)="7",0,INDEX(INDIRECT(_xlfn.TEXTJOIN("",TRUE,"SEM_",AN8,"!",ADDRESS(6,5+AP8*3+1),":",ADDRESS(5+AO8,5+AP8*3+1))),MATCH(B8,INDIRECT(_xlfn.TEXTJOIN("",TRUE,"SEM_",AN8,"!",ADDRESS(6,2),":",ADDRESS(5+AO8,2))),0)))+INDIRECT(_xlfn.TEXTJOIN("",TRUE,"TC_",AQ8,"!",ADDRESS(4+A8*(AR8+9),13))) -> #N/A | AK8: =IF(LEFT(B8,1)="7",0,INDEX(INDIRECT(_xlfn.TEXTJOIN("",TRUE,"SEM_",AN8,"!",ADDRESS(6,5+AP8*3+2),":",ADDRESS(5+AO8,5+AP8*3+2))),MATCH(B8,INDIRECT(_xlfn.TEXTJOIN("",TRUE,"SEM_",AN8,"!",ADDRESS(6,2),":",ADDRESS(5+AO8,2))),0)))+INDIRECT(_xlfn.TEXTJOIN("",TRUE,"TC_",AQ8,"!",ADDRESS(5+A8*(AR8+9),12))) -> #N/A | AL8: =IF(INDIRECT(_xlfn.TEXTJOIN("",TRUE,"TC_",AQ8,"!",ADDRESS(4+A8*(AR8+9),23))),SUM(INDIRECT(_xlfn.TEXTJOIN("",TRUE,"TC_",AQ8,"!",ADDRESS(4+A8*(AR8+9)-AR8,23),":",ADDRESS(3+A8*(AR8+9),23)))),0) -> #N/A | AM8: =IF(LEFT(B8,1)="7",AJ8/$AK$4,AJ8/$AK$3) -> #N/A | AN8: =AN7 -> I | AO8: =AO7 -> 25 | AP8: =AP7 -> 14 | AQ8: =AQ7 -> II | AR8: =AR7 -> 10
A9: 4 | B9: 240090600004 | C9: UTU/2406100161 | D9: ANJALI GUSAIN | E9: JAIBEER SINGH GUSAIN | F9: 62 | G9: 43 | H9: =SUM(F9:G9) -> 105 | I9: 66 | J9: 37 | K9: =SUM(I9:J9) -> 103 | L9: 40 | M9: 34 | N9: =SUM(L9:M9) -> 74 | O9: 30 | P9: 32 | Q9: =SUM(O9:P9) -> 62 | R9: 42 | S9: 34 | T9: =SUM(R9:S9) -> 76 | V9: 32 | W9: =SUM(V9) -> 32 | X9: 22 | Y9: 15 | Z9: =SUM(X9:Y9) -> 37 | AA9: 21 | AB9: 14 | AC9: =SUM(AA9:AB9) -> 35 | AD9: 25 | AE9: 16 | AF9: =SUM(AD9:AE9) -> 41 | AG9: 24 | AH9: 17 | AI9: =SUM(AG9:AH9) -> 41 | AJ9: =IF(LEFT(B9,1)="7",0,INDEX(INDIRECT(_xlfn.TEXTJOIN("",TRUE,"SEM_",AN9,"!",ADDRESS(6,5+AP9*3+1),":",ADDRESS(5+AO9,5+AP9*3+1))),MATCH(B9,INDIRECT(_xlfn.TEXTJOIN("",TRUE,"SEM_",AN9,"!",ADDRESS(6,2),":",ADDRESS(5+AO9,2))),0)))+INDIRECT(_xlfn.TEXTJOIN("",TRUE,"TC_",AQ9,"!",ADDRESS(4+A9*(AR9+9),13))) -> #N/A | AK9: =IF(LEFT(B9,1)="7",0,INDEX(INDIRECT(_xlfn.TEXTJOIN("",TRUE,"SEM_",AN9,"!",ADDRESS(6,5+AP9*3+2),":",ADDRESS(5+AO9,5+AP9*3+2))),MATCH(B9,INDIRECT(_xlfn.TEXTJOIN("",TRUE,"SEM_",AN9,"!",ADDRESS(6,2),":",ADDRESS(5+AO9,2))),0)))+INDIRECT(_xlfn.TEXTJOIN("",TRUE,"TC_",AQ9,"!",ADDRESS(5+A9*(AR9+9),12))) -> #N/A | AL9: =IF(INDIRECT(_xlfn.TEXTJOIN("",TRUE,"TC_",AQ9,"!",ADDRESS(4+A9*(AR9+9),23))),SUM(INDIRECT(_xlfn.TEXTJOIN("",TRUE,"TC_",AQ9,"!",ADDRESS(4+A9*(AR9+9)-AR9,23),":",ADDRESS(3+A9*(AR9+9),23)))),0) -> #N/A | AM9: =IF(LEFT(B9,1)="7",AJ9/$AK$4,AJ9/$AK$3) -> #N/A | AN9: =AN8 -> I | AO9: =AO8 -> 25 | AP9: =AP8 -> 14 | AQ9: =AQ8 -> II | AR9: =AR8 -> 10
A10: 5 | B10: 240090600005 | C10: UTU/2406100178 | D10: ANJALI PATWAL | E10: SANJAY SINGH PATWAL | F10: 75 | G10: 48 | H10: =SUM(F10:G10) -> 123 | I10: 84 | J10: 45 | K10: =SUM(I10:J10) -> 129 | L10: 49 | M10: 43 | N10: =SUM(L10:M10) -> 92 | O10: 70 | P10: 42 | Q10: =SUM(O10:P10) -> 112 | R10: 90 | S10: 47 | T10: =SUM(R10:S10) -> 137 | V10: 41 | W10: =SUM(V10) -> 41 | X10: 25 | Y10: 18 | Z10: =SUM(X10:Y10) -> 43 | AA10: 24 | AB10: 17 | AC10: =SUM(AA10:AB10) -> 41 | AD10: 21 | AE10: 17 | AF10: =SUM(AD10:AE10) -> 38 | AG10: 27 | AH10: 19 | AI10: =SUM(AG10:AH10) -> 46 | AJ10: =IF(LEFT(B10,1)="7",0,INDEX(INDIRECT(_xlfn.TEXTJOIN("",TRUE,"SEM_",AN10,"!",ADDRESS(6,5+AP10*3+1),":",ADDRESS(5+AO10,5+AP10*3+1))),MATCH(B10,INDIRECT(_xlfn.TEXTJOIN("",TRUE,"SEM_",AN10,"!",ADDRESS(6,2),":",ADDRESS(5+AO10,2))),0)))+INDIRECT(_xlfn.TEXTJOIN("",TRUE,"TC_",AQ10,"!",ADDRESS(4+A10*(AR10+9),13))) -> #N/A | AK10: =IF(LEFT(B10,1)="7",0,INDEX(INDIRECT(_xlfn.TEXTJOIN("",TRUE,"SEM_",AN10,"!",ADDRESS(6,5+AP10*3+2),":",ADDRESS(5+AO10,5+AP10*3+2))),MATCH(B10,INDIRECT(_xlfn.TEXTJOIN("",TRUE,"SEM_",AN10,"!",ADDRESS(6,2),":",ADDRESS(5+AO10,2))),0)))+INDIRECT(_xlfn.TEXTJOIN("",TRUE,"TC_",AQ10,"!",ADDRESS(5+A10*(AR10+9),12))) -> #N/A | AL10: =IF(INDIRECT(_xlfn.TEXTJOIN("",TRUE,"TC_",AQ10,"!",ADDRESS(4+A10*(AR10+9),23))),SUM(INDIRECT(_xlfn.TEXTJOIN("",TRUE,"TC_",AQ10,"!",ADDRESS(4+A10*(AR10+9)-AR10,23),":",ADDRESS(3+A10*(AR10+9),23)))),0) -> #N/A | AM10: =IF(LEFT(B10,1)="7",AJ10/$AK$4,AJ10/$AK$3) -> #N/A | AN10: =AN9 -> I | AO10: =AO9 -> 25 | AP10: =AP9 -> 14 | AQ10: =AQ9 -> II | AR10: =AR9 -> 10
A11: 6 | B11: 240090600006 | C11: UTU/2406100179 | D11: ASMIT BHATT | E11: JANARDHAN BHATT | F11: 57 | G11: 45 | H11: =SUM(F11:G11) -> 102 | I11: 68 | J11: 43 | K11: =SUM(I11:J11) -> 111 | L11: 64 | M11: 41 | N11: =SUM(L11:M11) -> 105 | O11: 55 | P11: 37 | Q11: =SUM(O11:P11) -> 92 | R11: 70 | S11: 47 | T11: =SUM(R11:S11) -> 117 | V11: 32 | W11: =SUM(V11) -> 32 | X11: 25 | Y11: 18 | Z11: =SUM(X11:Y11) -> 43 | AA11: 19 | AB11: 16 | AC11: =SUM(AA11:AB11) -> 35 | AD11: 19 | AE11: 16 | AF11: =SUM(AD11:AE11) -> 35 | AG11: 26 | AH11: 18 | AI11: =SUM(AG11:AH11) -> 44 | AJ11: =IF(LEFT(B11,1)="7",0,INDEX(INDIRECT(_xlfn.TEXTJOIN("",TRUE,"SEM_",AN11,"!",ADDRESS(6,5+AP11*3+1),":",ADDRESS(5+AO11,5+AP11*3+1))),MATCH(B11,INDIRECT(_xlfn.TEXTJOIN("",TRUE,"SEM_",AN11,"!",ADDRESS(6,2),":",ADDRESS(5+AO11,2))),0)))+INDIRECT(_xlfn.TEXTJOIN("",TRUE,"TC_",AQ11,"!",ADDRESS(4+A11*(AR11+9),13))) -> #N/A | AK11: =IF(LEFT(B11,1)="7",0,INDEX(INDIRECT(_xlfn.TEXTJOIN("",TRUE,"SEM_",AN11,"!",ADDRESS(6,5+AP11*3+2),":",ADDRESS(5+AO11,5+AP11*3+2))),MATCH(B11,INDIRECT(_xlfn.TEXTJOIN("",TRUE,"SEM_",AN11,"!",ADDRESS(6,2),":",ADDRESS(5+AO11,2))),0)))+INDIRECT(_xlfn.TEXTJOIN("",TRUE,"TC_",AQ11,"!",ADDRESS(5+A11*(AR11+9),12))) -> #N/A | AL11: =IF(INDIRECT(_xlfn.TEXTJOIN("",TRUE,"TC_",AQ11,"!",ADDRESS(4+A11*(AR11+9),23))),SUM(INDIRECT(_xlfn.TEXTJOIN("",TRUE,"TC_",AQ11,"!",ADDRESS(4+A11*(AR11+9)-AR11,23),":",ADDRESS(3+A11*(AR11+9),23)))),0) -> #N/A | AM11: =IF(LEFT(B11,1)="7",AJ11/$AK$4,AJ11/$AK$3) -> #N/A | AN11: =AN10 -> I | AO11: =AO10 -> 25 | AP11: =AP10 -> 14 | AQ11: =AQ10 -> II | AR11: =AR10 -> 10
A12: 7 | B12: 240090600007 | C12: UTU/2406100174 | D12: AYUSH MAURYA | E12: BABU RAM | F12: 70 | G12: 46 | H12: =SUM(F12:G12) -> 116 | I12: 74 | J12: 47 | K12: =SUM(I12:J12) -> 121 | L12: 49 | M12: 44 | N12: =SUM(L12:M12) -> 93 | O12: 45 | P12: 43 | Q12: =SUM(O12:P12) -> 88 | R12: 94 | S12: 49 | T12: =SUM(R12:S12) -> 143 | V12: 33 | W12: =SUM(V12) -> 33 | X12: 26 | Y12: 19 | Z12: =SUM(X12:Y12) -> 45 | AA12: 22 | AB12: 18 | AC12: =SUM(AA12:AB12) -> 40 | AD12: 25 | AE12: 17 | AF12: =SUM(AD12:AE12) -> 42 | AG12: 28 | AH12: 19 | AI12: =SUM(AG12:AH12) -> 47 | AJ12: =IF(LEFT(B12,1)="7",0,INDEX(INDIRECT(_xlfn.TEXTJOIN("",TRUE,"SEM_",AN12,"!",ADDRESS(6,5+AP12*3+1),":",ADDRESS(5+AO12,5+AP12*3+1))),MATCH(B12,INDIRECT(_xlfn.TEXTJOIN("",TRUE,"SEM_",AN12,"!",ADDRESS(6,2),":",ADDRESS(5+AO12,2))),0)))+INDIRECT(_xlfn.TEXTJOIN("",TRUE,"TC_",AQ12,"!",ADDRESS(4+A12*(AR12+9),13))) -> #N/A | AK12: =IF(LEFT(B12,1)="7",0,INDEX(INDIRECT(_xlfn.TEXTJOIN("",TRUE,"SEM_",AN12,"!",ADDRESS(6,5+AP12*3+2),":",ADDRESS(5+AO12,5+AP12*3+2))),MATCH(B12,INDIRECT(_xlfn.TEXTJOIN("",TRUE,"SEM_",AN12,"!",ADDRESS(6,2),":",ADDRESS(5+AO12,2))),0)))+INDIRECT(_xlfn.TEXTJOIN("",TRUE,"TC_",AQ12,"!",ADDRESS(5+A12*(AR12+9),12))) -> #N/A | AL12: =IF(INDIRECT(_xlfn.TEXTJOIN("",TRUE,"TC_",AQ12,"!",ADDRESS(4+A12*(AR12+9),23))),SUM(INDIRECT(_xlfn.TEXTJOIN("",TRUE,"TC_",AQ12,"!",ADDRESS(4+A12*(AR12+9)-AR12,23),":",ADDRESS(3+A12*(AR12+9),23)))),0) -> #N/A | AM12: =IF(LEFT(B12,1)="7",AJ12/$AK$4,AJ12/$AK$3) -> #N/A | AN12: =AN11 -> I | AO12: =AO11 -> 25 | AP12: =AP11 -> 14 | AQ12: =AQ11 -> II | AR12: =AR11 -> 10
A13: 8 | B13: 240090600008 | C13: UTU/2406100183 | D13: AYUSH RAWAT | E13: MUKESH RAWAT | F13: 69 | G13: 45 | H13: =SUM(F13:G13) -> 114 | I13: 79 | J13: 47 | K13: =SUM(I13:J13) -> 126 | L13: 82 | M13: 43 | N13: =SUM(L13:M13) -> 125 | O13: 38 | P13: 40 | Q13: =SUM(O13:P13) -> 78 | R13: 87 | S13: 48 | T13: =SUM(R13:S13) -> 135 | V13: 29 | W13: =SUM(V13) -> 29 | X13: 27 | Y13: 19 | Z13: =SUM(X13:Y13) -> 46 | AA13: 24 | AB13: 17 | AC13: =SUM(AA13:AB13) -> 41 | AD13: 23 | AE13: 16 | AF13: =SUM(AD13:AE13) -> 39 | AG13: 28 | AH13: 19 | AI13: =SUM(AG13:AH13) -> 47 | AJ13: =IF(LEFT(B13,1)="7",0,INDEX(INDIRECT(_xlfn.TEXTJOIN("",TRUE,"SEM_",AN13,"!",ADDRESS(6,5+AP13*3+1),":",ADDRESS(5+AO13,5+AP13*3+1))),MATCH(B13,INDIRECT(_xlfn.TEXTJOIN("",TRUE,"SEM_",AN13,"!",ADDRESS(6,2),":",ADDRESS(5+AO13,2))),0)))+INDIRECT(_xlfn.TEXTJOIN("",TRUE,"TC_",AQ13,"!",ADDRESS(4+A13*(AR13+9),13))) -> #N/A | AK13: =IF(LEFT(B13,1)="7",0,INDEX(INDIRECT(_xlfn.TEXTJOIN("",TRUE,"SEM_",AN13,"!",ADDRESS(6,5+AP13*3+2),":",ADDRESS(5+AO13,5+AP13*3+2))),MATCH(B13,INDIRECT(_xlfn.TEXTJOIN("",TRUE,"SEM_",AN13,"!",ADDRESS(6,2),":",ADDRESS(5+AO13,2))),0)))+INDIRECT(_xlfn.TEXTJOIN("",TRUE,"TC_",AQ13,"!",ADDRESS(5+A13*(AR13+9),12))) -> #N/A | AL13: =IF(INDIRECT(_xlfn.TEXTJOIN("",TRUE,"TC_",AQ13,"!",ADDRESS(4+A13*(AR13+9),23))),SUM(INDIRECT(_xlfn.TEXTJOIN("",TRUE,"TC_",AQ13,"!",ADDRESS(4+A13*(AR13+9)-AR13,23),":",ADDRESS(3+A13*(AR13+9),23)))),0) -> #N/A | AM13: =IF(LEFT(B13,1)="7",AJ13/$AK$4,AJ13/$AK$3) -> #N/A | AN13: =AN12 -> I | AO13: =AO12 -> 25 | AP13: =AP12 -> 14 | AQ13: =AQ12 -> II | AR13: =AR12 -> 10
A14: 9 | B14: 240090600009 | C14: UTU/2406100172 | D14: CHIRAG KASHYAP | E14: NARENDRA SINGH | F14: 81 | G14: 47 | H14: =SUM(F14:G14) -> 128 | I14: 79 | J14: 44 | K14: =SUM(I14:J14) -> 123 | L14: 73 | M14: 50 | N14: =SUM(L14:M14) -> 123 | O14: 58 | P14: 42 | Q14: =SUM(O14:P14) -> 100 | R14: 77 | S14: 45 | T14: =SUM(R14:S14) -> 122 | V14: 34 | W14: =SUM(V14) -> 34 | X14: 27 | Y14: 18 | Z14: =SUM(X14:Y14) -> 45 | AA14: 24 | AB14: 20 | AC14: =SUM(AA14:AB14) -> 44 | AD14: 23 | AE14: 18 | AF14: =SUM(AD14:AE14) -> 41 | AG14: 28 | AH14: 18 | AI14: =SUM(AG14:AH14) -> 46 | AJ14: =IF(LEFT(B14,1)="7",0,INDEX(INDIRECT(_xlfn.TEXTJOIN("",TRUE,"SEM_",AN14,"!",ADDRESS(6,5+AP14*3+1),":",ADDRESS(5+AO14,5+AP14*3+1))),MATCH(B14,INDIRECT(_xlfn.TEXTJOIN("",TRUE,"SEM_",AN14,"!",ADDRESS(6,2),":",ADDRESS(5+AO14,2))),0)))+INDIRECT(_xlfn.TEXTJOIN("",TRUE,"TC_",AQ14,"!",ADDRESS(4+A14*(AR14+9),13))) -> #N/A | AK14: =IF(LEFT(B14,1)="7",0,INDEX(INDIRECT(_xlfn.TEXTJOIN("",TRUE,"SEM_",AN14,"!",ADDRESS(6,5+AP14*3+2),":",ADDRESS(5+AO14,5+AP14*3+2))),MATCH(B14,INDIRECT(_xlfn.TEXTJOIN("",TRUE,"SEM_",AN14,"!",ADDRESS(6,2),":",ADDRESS(5+AO14,2))),0)))+INDIRECT(_xlfn.TEXTJOIN("",TRUE,"TC_",AQ14,"!",ADDRESS(5+A14*(AR14+9),12))) -> #N/A | AL14: =IF(INDIRECT(_xlfn.TEXTJOIN("",TRUE,"TC_",AQ14,"!",ADDRESS(4+A14*(AR14+9),23))),SUM(INDIRECT(_xlfn.TEXTJOIN("",TRUE,"TC_",AQ14,"!",ADDRESS(4+A14*(AR14+9)-AR14,23),":",ADDRESS(3+A14*(AR14+9),23)))),0) -> #N/A | AM14: =IF(LEFT(B14,1)="7",AJ14/$AK$4,AJ14/$AK$3) -> #N/A | AN14: =AN13 -> I | AO14: =AO13 -> 25 | AP14: =AP13 -> 14 | AQ14: =AQ13 -> II | AR14: =AR13 -> 10
A15: 10 | B15: 240090600010 | C15: UTU/2406100181 | D15: DEVENDRA SINGH RANA | E15: DHYAN SINGH RANA | F15: 36 | G15: 40 | H15: =SUM(F15:G15) -> 76 | I15: 50 | J15: 43 | K15: =SUM(I15:J15) -> 93 | L15: 60 | M15: 35 | N15: =SUM(L15:M15) -> 95 | O15: 32 | P15: 34 | Q15: =SUM(O15:P15) -> 66 | R15: 55 | S15: 41 | T15: =SUM(R15:S15) -> 96 | V15: 24 | W15: =SUM(V15) -> 24 | X15: 25 | Y15: 18 | Z15: =SUM(X15:Y15) -> 43 | AA15: 21 | AB15: 14 | AC15: =SUM(AA15:AB15) -> 35 | AD15: 21 | AE15: 17 | AF15: =SUM(AD15:AE15) -> 38 | AG15: 25 | AH15: 17 | AI15: =SUM(AG15:AH15) -> 42 | AJ15: =IF(LEFT(B15,1)="7",0,INDEX(INDIRECT(_xlfn.TEXTJOIN("",TRUE,"SEM_",AN15,"!",ADDRESS(6,5+AP15*3+1),":",ADDRESS(5+AO15,5+AP15*3+1))),MATCH(B15,INDIRECT(_xlfn.TEXTJOIN("",TRUE,"SEM_",AN15,"!",ADDRESS(6,2),":",ADDRESS(5+AO15,2))),0)))+INDIRECT(_xlfn.TEXTJOIN("",TRUE,"TC_",AQ15,"!",ADDRESS(4+A15*(AR15+9),13))) -> #N/A | AK15: =IF(LEFT(B15,1)="7",0,INDEX(INDIRECT(_xlfn.TEXTJOIN("",TRUE,"SEM_",AN15,"!",ADDRESS(6,5+AP15*3+2),":",ADDRESS(5+AO15,5+AP15*3+2))),MATCH(B15,INDIRECT(_xlfn.TEXTJOIN("",TRUE,"SEM_",AN15,"!",ADDRESS(6,2),":",ADDRESS(5+AO15,2))),0)))+INDIRECT(_xlfn.TEXTJOIN("",TRUE,"TC_",AQ15,"!",ADDRESS(5+A15*(AR15+9),12))) -> #N/A | AL15: =IF(INDIRECT(_xlfn.TEXTJOIN("",TRUE,"TC_",AQ15,"!",ADDRESS(4+A15*(AR15+9),23))),SUM(INDIRECT(_xlfn.TEXTJOIN("",TRUE,"TC_",AQ15,"!",ADDRESS(4+A15*(AR15+9)-AR15,23),":",ADDRESS(3+A15*(AR15+9),23)))),0) -> #N/A | AM15: =IF(LEFT(B15,1)="7",AJ15/$AK$4,AJ15/$AK$3) -> #N/A | AN15: =AN14 -> I | AO15: =AO14 -> 25 | AP15: =AP14 -> 14 | AQ15: =AQ14 -> II | AR15: =AR14 -> 10
A16: 11 | B16: 240090600011 | C16: UTU/2406100185 | D16: DIKSHA PHARTYAL | E16: UPENDRA SINGH PHARTYAL | F16: 76 | G16: 47 | H16: =SUM(F16:G16) -> 123 | I16: 85 | J16: 47 | K16: =SUM(I16:J16) -> 132 | L16: 54 | M16: 46 | N16: =SUM(L16:M16) -> 100 | O16: 49 | P16: 41 | Q16: =SUM(O16:P16) -> 90 | R16: 73 | S16: 46 | T16: =SUM(R16:S16) -> 119 | V16: 35 | W16: =SUM(V16) -> 35 | X16: 27 | Y16: 19 | Z16: =SUM(X16:Y16) -> 46 | AA16: 21 | AB16: 18 | AC16: =SUM(AA16:AB16) -> 39 | AD16: 25 | AE16: 16 | AF16: =SUM(AD16:AE16) -> 41 | AG16: 28 | AH16: 19 | AI16: =SUM(AG16:AH16) -> 47 | AJ16: =IF(LEFT(B16,1)="7",0,INDEX(INDIRECT(_xlfn.TEXTJOIN("",TRUE,"SEM_",AN16,"!",ADDRESS(6,5+AP16*3+1),":",ADDRESS(5+AO16,5+AP16*3+1))),MATCH(B16,INDIRECT(_xlfn.TEXTJOIN("",TRUE,"SEM_",AN16,"!",ADDRESS(6,2),":",ADDRESS(5+AO16,2))),0)))+INDIRECT(_xlfn.TEXTJOIN("",TRUE,"TC_",AQ16,"!",ADDRESS(4+A16*(AR16+9),13))) -> #N/A | AK16: =IF(LEFT(B16,1)="7",0,INDEX(INDIRECT(_xlfn.TEXTJOIN("",TRUE,"SEM_",AN16,"!",ADDRESS(6,5+AP16*3+2),":",ADDRESS(5+AO16,5+AP16*3+2))),MATCH(B16,INDIRECT(_xlfn.TEXTJOIN("",TRUE,"SEM_",AN16,"!",ADDRESS(6,2),":",ADDRESS(5+AO16,2))),0)))+INDIRECT(_xlfn.TEXTJOIN("",TRUE,"TC_",AQ16,"!",ADDRESS(5+A16*(AR16+9),12))) -> #N/A | AL16: =IF(INDIRECT(_xlfn.TEXTJOIN("",TRUE,"TC_",AQ16,"!",ADDRESS(4+A16*(AR16+9),23))),SUM(INDIRECT(_xlfn.TEXTJOIN("",TRUE,"TC_",AQ16,"!",ADDRESS(4+A16*(AR16+9)-AR16,23),":",ADDRESS(3+A16*(AR16+9),23)))),0) -> #N/A | AM16: =IF(LEFT(B16,1)="7",AJ16/$AK$4,AJ16/$AK$3) -> #N/A | AN16: =AN15 -> I | AO16: =AO15 -> 25 | AP16: =AP15 -> 14 | AQ16: =AQ15 -> II | AR16: =AR15 -> 10
A17: 12 | B17: 240090600012 | C17: UTU/2406100182 | D17: KAMAL SINGH BISHT | E17: SHIV SINGH BISHT | F17: 46 | G17: 44 | H17: =SUM(F17:G17) -> 90 | I17: 51 | J17: 35 | K17: =SUM(I17:J17) -> 86 | L17: 32 | M17: 34 | N17: =SUM(L17:M17) -> 66 | O17: 15 | P17: 38 | Q17: =SUM(O17:P17) -> 53 | R17: 26 | S17: 41 | T17: =SUM(R17:S17) -> 67 | V17: 25 | W17: =SUM(V17) -> 25 | X17: 25 | Y17: 18 | Z17: =SUM(X17:Y17) -> 43 | AA17: 19 | AB17: 13 | AC17: =SUM(AA17:AB17) -> 32 | AD17: 20 | AE17: 16 | AF17: =SUM(AD17:AE17) -> 36 | AG17: 27 | AH17: 18 | AI17: =SUM(AG17:AH17) -> 45 | AJ17: =IF(LEFT(B17,1)="7",0,INDEX(INDIRECT(_xlfn.TEXTJOIN("",TRUE,"SEM_",AN17,"!",ADDRESS(6,5+AP17*3+1),":",ADDRESS(5+AO17,5+AP17*3+1))),MATCH(B17,INDIRECT(_xlfn.TEXTJOIN("",TRUE,"SEM_",AN17,"!",ADDRESS(6,2),":",ADDRESS(5+AO17,2))),0)))+INDIRECT(_xlfn.TEXTJOIN("",TRUE,"TC_",AQ17,"!",ADDRESS(4+A17*(AR17+9),13))) -> #N/A | AK17: =IF(LEFT(B17,1)="7",0,INDEX(INDIRECT(_xlfn.TEXTJOIN("",TRUE,"SEM_",AN17,"!",ADDRESS(6,5+AP17*3+2),":",ADDRESS(5+AO17,5+AP17*3+2))),MATCH(B17,INDIRECT(_xlfn.TEXTJOIN("",TRUE,"SEM_",AN17,"!",ADDRESS(6,2),":",ADDRESS(5+AO17,2))),0)))+INDIRECT(_xlfn.TEXTJOIN("",TRUE,"TC_",AQ17,"!",ADDRESS(5+A17*(AR17+9),12))) -> #N/A | AL17: =IF(INDIRECT(_xlfn.TEXTJOIN("",TRUE,"TC_",AQ17,"!",ADDRESS(4+A17*(AR17+9),23))),SUM(INDIRECT(_xlfn.TEXTJOIN("",TRUE,"TC_",AQ17,"!",ADDRESS(4+A17*(AR17+9)-AR17,23),":",ADDRESS(3+A17*(AR17+9),23)))),0) -> #N/A | AM17: =IF(LEFT(B17,1)="7",AJ17/$AK$4,AJ17/$AK$3) -> #N/A | AN17: =AN16 -> I | AO17: =AO16 -> 25 | AP17: =AP16 -> 14 | AQ17: =AQ16 -> II | AR17: =AR16 -> 10
A18: 13 | B18: 240090600013 | C18: UTU/2406100175 | D18: KRISHNA BHATT | E18: HARENDRA PRASAD BHATT | F18: 42 | G18: 46 | H18: =SUM(F18:G18) -> 88 | I18: 63 | J18: 39 | K18: =SUM(I18:J18) -> 102 | L18: 47 | M18: 39 | N18: =SUM(L18:M18) -> 86 | O18: 45 | P18: 40 | Q18: =SUM(O18:P18) -> 85 | R18: 41 | S18: 44 | T18: =SUM(R18:S18) -> 85 | V18: 28 | W18: =SUM(V18) -> 28 | X18: 26 | Y18: 19 | Z18: =SUM(X18:Y18) -> 45 | AA18: 22 | AB18: 15 | AC18: =SUM(AA18:AB18) -> 37 | AD18: 25 | AE18: 16 | AF18: =SUM(AD18:AE18) -> 41 | AG18: 27 | AH18: 18 | AI18: =SUM(AG18:AH18) -> 45 | AJ18: =IF(LEFT(B18,1)="7",0,INDEX(INDIRECT(_xlfn.TEXTJOIN("",TRUE,"SEM_",AN18,"!",ADDRESS(6,5+AP18*3+1),":",ADDRESS(5+AO18,5+AP18*3+1))),MATCH(B18,INDIRECT(_xlfn.TEXTJOIN("",TRUE,"SEM_",AN18,"!",ADDRESS(6,2),":",ADDRESS(5+AO18,2))),0)))+INDIRECT(_xlfn.TEXTJOIN("",TRUE,"TC_",AQ18,"!",ADDRESS(4+A18*(AR18+9),13))) -> #N/A | AK18: =IF(LEFT(B18,1)="7",0,INDEX(INDIRECT(_xlfn.TEXTJOIN("",TRUE,"SEM_",AN18,"!",ADDRESS(6,5+AP18*3+2),":",ADDRESS(5+AO18,5+AP18*3+2))),MATCH(B18,INDIRECT(_xlfn.TEXTJOIN("",TRUE,"SEM_",AN18,"!",ADDRESS(6,2),":",ADDRESS(5+AO18,2))),0)))+INDIRECT(_xlfn.TEXTJOIN("",TRUE,"TC_",AQ18,"!",ADDRESS(5+A18*(AR18+9),12))) -> #N/A | AL18: =IF(INDIRECT(_xlfn.TEXTJOIN("",TRUE,"TC_",AQ18,"!",ADDRESS(4+A18*(AR18+9),23))),SUM(INDIRECT(_xlfn.TEXTJOIN("",TRUE,"TC_",AQ18,"!",ADDRESS(4+A18*(AR18+9)-AR18,23),":",ADDRESS(3+A18*(AR18+9),23)))),0) -> #N/A | AM18: =IF(LEFT(B18,1)="7",AJ18/$AK$4,AJ18/$AK$3) -> #N/A | AN18: =AN17 -> I | AO18: =AO17 -> 25 | AP18: =AP17 -> 14 | AQ18: =AQ17 -> II | AR18: =AR17 -> 10
... A30: 25 | B30: 240090600025 | C30: UTU/2406100189 | D30: SURAJ SINGH BISHT | E30: KHUSHAL SINGH | F30: 47 | G30: 41 | H30: =SUM(F30:G30) -> 88 | I30: 45 | J30: 38 | K30: =SUM(I30:J30) -> 83 | L30: 49 | M30: 36 | N30: =SUM(L30:M30) -> 85 | O30: 22 | P30: 31 | Q30: =SUM(O30:P30) -> 53 | R30: 51 | S30: 33 | T30: =SUM(R30:S30) -> 84 | V30: 25 | W30: =SUM(V30) -> 25 | X30: 23 | Y30: 17 | Z30: =SUM(X30:Y30) -> 40 | AA30: 23 | AB30: 14 | AC30: =SUM(AA30:AB30) -> 37 | AD30: 21 | AE30: 16 | AF30: =SUM(AD30:AE30) -> 37 | AG30: 24 | AH30: 16 | AI30: =SUM(AG30:AH30) -> 40 | AJ30: =IF(LEFT(B30,1)="7",0,INDEX(INDIRECT(_xlfn.TEXTJOIN("",TRUE,"SEM_",AN30,"!",ADDRESS(6,5+AP30*3+1),":",ADDRESS(5+AO30,5+AP30*3+1))),MATCH(B30,INDIRECT(_xlfn.TEXTJOIN("",TRUE,"SEM_",AN30,"!",ADDRESS(6,2),":",ADDRESS(5+AO30,2))),0)))+INDIRECT(_xlfn.TEXTJOIN("",TRUE,"TC_",AQ30,"!",ADDRESS(4+A30*(AR30+9),13))) -> #N/A | AK30: =IF(LEFT(B30,1)="7",0,INDEX(INDIRECT(_xlfn.TEXTJOIN("",TRUE,"SEM_",AN30,"!",ADDRESS(6,5+AP30*3+2),":",ADDRESS(5+AO30,5+AP30*3+2))),MATCH(B30,INDIRECT(_xlfn.TEXTJOIN("",TRUE,"SEM_",AN30,"!",ADDRESS(6,2),":",ADDRESS(5+AO30,2))),0)))+INDIRECT(_xlfn.TEXTJOIN("",TRUE,"TC_",AQ30,"!",ADDRESS(5+A30*(AR30+9),12))) -> #N/A | AL30: =IF(INDIRECT(_xlfn.TEXTJOIN("",TRUE,"TC_",AQ30,"!",ADDRESS(4+A30*(AR30+9),23))),SUM(INDIRECT(_xlfn.TEXTJOIN("",TRUE,"TC_",AQ30,"!",ADDRESS(4+A30*(AR30+9)-AR30,23),":",ADDRESS(3+A30*(AR30+9),23)))),0) -> #N/A | AM30: =IF(LEFT(B30,1)="7",AJ30/$AK$4,AJ30/$AK$3) -> #N/A | AN30: =AN29 -> I | AO30: =AO29 -> 25 | AP30: =AP29 -> 14 | AQ30: =AQ29 -> II | AR30: =AR29 -> 10

Sheet SEM_III
A1: SC | B1: Roll No. | C1: Enroll No. | D1: Student's Name | E1: Father's Name | F1: CAT 014 | I1: CAT 015 | L1: CAT 016 | O1: CAT 020 | R1: AHT 313 | U1: TOE 83 | X1: AHT 310 | AA1: CAP 008 | AD1: CAP 009 | AG1: CAP 010 | AJ1: TGP | AK1: EC | AL1: Grace | AM1: CGPA
A2: SN | F2: Graph Theory | I2: Software Engineering | L2: Big Data Analytics | O2: Cloud Computing | R2: Principal of Management | U2: Project Management | X2: Universal Human Value | AA2: Software Engineering Lab | AD2: Seminar | AG2: Minor Project
A3: C | F3: 4 | I3: 4 | L3: 4 | O3: 4 | R3: 4 | U3: 4 | X3: 3 | AA3: 1 | AD3: 2 | AG3: 2 | AK3: =INDIRECT(_xlfn.TEXTJOIN("",TRUE,"SEM_",AN6,"!",ADDRESS(3,5+AP6*3+2)))+SUM(F3:AI3)-4-4 -> 72
F4: Th. Ex. | G4: Ses. | H4: Total | I4: Th. Ex. | J4: Ses. | K4: Total | L4: Th. Ex. | M4: Ses. | N4: Total | O4: Th. Ex. | P4: Ses. | Q4: Total | R4: Th. Ex. | S4: Ses. | T4: Total | U4: Pr. Ex. | V4: Ses. | W4: Total | X4: Pr. Ex. | Y4: Ses. | Z4: Total | AA4: Pr. Ex. | AB4: Ses. | AC4: Total | AD4: Pr. Ex. | AE4: Ses. | AF4: Total | AG4: Pr. Ex. | AH4: Ses. | AI4: Total | AK4: =SUM(F3:AI3)-4-4 -> 24
A5: MM | F5: 100 | G5: 50 | H5: 150 | I5: 100 | J5: 50 | K5: 150 | L5: 100 | M5: 50 | N5: 150 | O5: 100 | P5: 50 | Q5: 150 | R5: 100 | S5: 50 | T5: 150 | U5: 100 | V5: 50 | W5: 150 | X5: 100 | Y5: 50 | Z5: 150 | AA5: 30 | AB5: 20 | AC5: 50 | AD5: 0 | AE5: 100 | AF5: 100 | AG5: 50 | AH5: 50 | AI5: 100
A6: 1 | B6: 240090600001 | C6: UTU/2406100187 | D6: ALOK NEGI | E6: PRATAP SINGH NEGI | AJ6: =IF(LEFT(B6,1)="7",0,INDEX(INDIRECT(_xlfn.TEXTJOIN("",TRUE,"SEM_",AN6,"!",ADDRESS(6,5+AP6*3+1),":",ADDRESS(5+AO6,5+AP6*3+1))),MATCH(B6,INDIRECT(_xlfn.TEXTJOIN("",TRUE,"SEM_",AN6,"!",ADDRESS(6,2),":",ADDRESS(5+AO6,2))),0)))+INDIRECT(_xlfn.TEXTJOIN("",TRUE,"TC_",AQ6,"!",ADDRESS(4+A6*(AR6+9),13))) -> #N/A | AK6: =IF(LEFT(B6,1)="7",0,INDEX(INDIRECT(_xlfn.TEXTJOIN("",TRUE,"SEM_",AN6,"!",ADDRESS(6,5+AP6*3+2),":",ADDRESS(5+AO6,5+AP6*3+2))),MATCH(B6,INDIRECT(_xlfn.TEXTJOIN("",TRUE,"SEM_",AN6,"!",ADDRESS(6,2),":",ADDRESS(5+AO6,2))),0)))+INDIRECT(_xlfn.TEXTJOIN("",TRUE,"TC_",AQ6,"!",ADDRESS(5+A6*(AR6+9),12))) -> #N/A | AL6: =IF(INDIRECT(_xlfn.TEXTJOIN("",TRUE,"TC_",AQ6,"!",ADDRESS(4+A6*(AR6+9),23))),SUM(INDIRECT(_xlfn.TEXTJOIN("",TRUE,"TC_",AQ6,"!",ADDRESS(4+A6*(AR6+9)-AR6,23),":",ADDRESS(3+A6*(AR6+9),23)))),0) -> 0 | AM6: =IF(LEFT(B6,1)="7",AJ6/$AK$4,AJ6/$AK$3) -> #N/A | AN6: II | AO6: 25 | AP6: 10 | AQ6: III | AR6: 8
A7: 2 | B7: 240090600002 | C7: UTU/2406100171 | D7: AMAN POKHRIYAL | E7: VINOD PRASSAD POKHRIYAL | AJ7: =IF(LEFT(B7,1)="7",0,INDEX(INDIRECT(_xlfn.TEXTJOIN("",TRUE,"SEM_",AN7,"!",ADDRESS(6,5+AP7*3+1),":",ADDRESS(5+AO7,5+AP7*3+1))),MATCH(B7,INDIRECT(_xlfn.TEXTJOIN("",TRUE,"SEM_",AN7,"!",ADDRESS(6,2),":",ADDRESS(5+AO7,2))),0)))+INDIRECT(_xlfn.TEXTJOIN("",TRUE,"TC_",AQ7,"!",ADDRESS(4+A7*(AR7+9),13))) -> #N/A | AK7: =IF(LEFT(B7,1)="7",0,INDEX(INDIRECT(_xlfn.TEXTJOIN("",TRUE,"SEM_",AN7,"!",ADDRESS(6,5+AP7*3+2),":",ADDRESS(5+AO7,5+AP7*3+2))),MATCH(B7,INDIRECT(_xlfn.TEXTJOIN("",TRUE,"SEM_",AN7,"!",ADDRESS(6,2),":",ADDRESS(5+AO7,2))),0)))+INDIRECT(_xlfn.TEXTJOIN("",TRUE,"TC_",AQ7,"!",ADDRESS(5+A7*(AR7+9),12))) -> #N/A | AL7: =IF(INDIRECT(_xlfn.TEXTJOIN("",TRUE,"TC_",AQ7,"!",ADDRESS(4+A7*(AR7+9),23))),SUM(INDIRECT(_xlfn.TEXTJOIN("",TRUE,"TC_",AQ7,"!",ADDRESS(4+A7*(AR7+9)-AR7,23),":",ADDRESS(3+A7*(AR7+9),23)))),0) -> 0 | AM7: =IF(LEFT(B7,1)="7",AJ7/$AK$4,AJ7/$AK$3) -> #N/A | AN7: =AN6 -> II | AO7: =AO6 -> 25 | AP7: =AP6 -> 10 | AQ7: =AQ6 -> III | AR7: =AR6 -> 8
A8: 3 | B8: 240090600003 | C8: UTU/2406100173 | D8: ANAS SAIFI | E8: SALMUDDIN SAIFI | AJ8: =IF(LEFT(B8,1)="7",0,INDEX(INDIRECT(_xlfn.TEXTJOIN("",TRUE,"SEM_",AN8,"!",ADDRESS(6,5+AP8*3+1),":",ADDRESS(5+AO8,5+AP8*3+1))),MATCH(B8,INDIRECT(_xlfn.TEXTJOIN("",TRUE,"SEM_",AN8,"!",ADDRESS(6,2),":",ADDRESS(5+AO8,2))),0)))+INDIRECT(_xlfn.TEXTJOIN("",TRUE,"TC_",AQ8,"!",ADDRESS(4+A8*(AR8+9),13))) -> #N/A | AK8: =IF(LEFT(B8,1)="7",0,INDEX(INDIRECT(_xlfn.TEXTJOIN("",TRUE,"SEM_",AN8,"!",ADDRESS(6,5+AP8*3+2),":",ADDRESS(5+AO8,5+AP8*3+2))),MATCH(B8,INDIRECT(_xlfn.TEXTJOIN("",TRUE,"SEM_",AN8,"!",ADDRESS(6,2),":",ADDRESS(5+AO8,2))),0)))+INDIRECT(_xlfn.TEXTJOIN("",TRUE,"TC_",AQ8,"!",ADDRESS(5+A8*(AR8+9),12))) -> #N/A | AL8: =IF(INDIRECT(_xlfn.TEXTJOIN("",TRUE,"TC_",AQ8,"!",ADDRESS(4+A8*(AR8+9),23))),SUM(INDIRECT(_xlfn.TEXTJOIN("",TRUE,"TC_",AQ8,"!",ADDRESS(4+A8*(AR8+9)-AR8,23),":",ADDRESS(3+A8*(AR8+9),23)))),0) -> 0 | AM8: =IF(LEFT(B8,1)="7",AJ8/$AK$4,AJ8/$AK$3) -> #N/A | AN8: =AN7 -> II | AO8: =AO7 -> 25 | AP8: =AP7 -> 10 | AQ8: =AQ7 -> III | AR8: =AR7 -> 8
A9: 4 | B9: 240090600004 | C9: UTU/2406100161 | D9: ANJALI GUSAIN | E9: JAIBEER SINGH GUSAIN | AJ9: =IF(LEFT(B9,1)="7",0,INDEX(INDIRECT(_xlfn.TEXTJOIN("",TRUE,"SEM_",AN9,"!",ADDRESS(6,5+AP9*3+1),":",ADDRESS(5+AO9,5+AP9*3+1))),MATCH(B9,INDIRECT(_xlfn.TEXTJOIN("",TRUE,"SEM_",AN9,"!",ADDRESS(6,2),":",ADDRESS(5+AO9,2))),0)))+INDIRECT(_xlfn.TEXTJOIN("",TRUE,"TC_",AQ9,"!",ADDRESS(4+A9*(AR9+9),13))) -> #N/A | AK9: =IF(LEFT(B9,1)="7",0,INDEX(INDIRECT(_xlfn.TEXTJOIN("",TRUE,"SEM_",AN9,"!",ADDRESS(6,5+AP9*3+2),":",ADDRESS(5+AO9,5+AP9*3+2))),MATCH(B9,INDIRECT(_xlfn.TEXTJOIN("",TRUE,"SEM_",AN9,"!",ADDRESS(6,2),":",ADDRESS(5+AO9,2))),0)))+INDIRECT(_xlfn.TEXTJOIN("",TRUE,"TC_",AQ9,"!",ADDRESS(5+A9*(AR9+9),12))) -> #N/A | AL9: =IF(INDIRECT(_xlfn.TEXTJOIN("",TRUE,"TC_",AQ9,"!",ADDRESS(4+A9*(AR9+9),23))),SUM(INDIRECT(_xlfn.TEXTJOIN("",TRUE,"TC_",AQ9,"!",ADDRESS(4+A9*(AR9+9)-AR9,23),":",ADDRESS(3+A9*(AR9+9),23)))),0) -> 0 | AM9: =IF(LEFT(B9,1)="7",AJ9/$AK$4,AJ9/$AK$3) -> #N/A | AN9: =AN8 -> II | AO9: =AO8 -> 25 | AP9: =AP8 -> 10 | AQ9: =AQ8 -> III | AR9: =AR8 -> 8
A10: 5 | B10: 240090600005 | C10: UTU/2406100178 | D10: ANJALI PATWAL | E10: SANJAY SINGH PATWAL | AJ10: =IF(LEFT(B10,1)="7",0,INDEX(INDIRECT(_xlfn.TEXTJOIN("",TRUE,"SEM_",AN10,"!",ADDRESS(6,5+AP10*3+1),":",ADDRESS(5+AO10,5+AP10*3+1))),MATCH(B10,INDIRECT(_xlfn.TEXTJOIN("",TRUE,"SEM_",AN10,"!",ADDRESS(6,2),":",ADDRESS(5+AO10,2))),0)))+INDIRECT(_xlfn.TEXTJOIN("",TRUE,"TC_",AQ10,"!",ADDRESS(4+A10*(AR10+9),13))) -> #N/A | AK10: =IF(LEFT(B10,1)="7",0,INDEX(INDIRECT(_xlfn.TEXTJOIN("",TRUE,"SEM_",AN10,"!",ADDRESS(6,5+AP10*3+2),":",ADDRESS(5+AO10,5+AP10*3+2))),MATCH(B10,INDIRECT(_xlfn.TEXTJOIN("",TRUE,"SEM_",AN10,"!",ADDRESS(6,2),":",ADDRESS(5+AO10,2))),0)))+INDIRECT(_xlfn.TEXTJOIN("",TRUE,"TC_",AQ10,"!",ADDRESS(5+A10*(AR10+9),12))) -> #N/A | AL10: =IF(INDIRECT(_xlfn.TEXTJOIN("",TRUE,"TC_",AQ10,"!",ADDRESS(4+A10*(AR10+9),23))),SUM(INDIRECT(_xlfn.TEXTJOIN("",TRUE,"TC_",AQ10,"!",ADDRESS(4+A10*(AR10+9)-AR10,23),":",ADDRESS(3+A10*(AR10+9),23)))),0) -> 0 | AM10: =IF(LEFT(B10,1)="7",AJ10/$AK$4,AJ10/$AK$3) -> #N/A | AN10: =AN9 -> II | AO10: =AO9 -> 25 | AP10: =AP9 -> 10 | AQ10: =AQ9 -> III | AR10: =AR9 -> 8
A11: 6 | B11: 240090600006 | C11: UTU/2406100179 | D11: ASMIT BHATT | E11: JANARDHAN BHATT | AJ11: =IF(LEFT(B11,1)="7",0,INDEX(INDIRECT(_xlfn.TEXTJOIN("",TRUE,"SEM_",AN11,"!",ADDRESS(6,5+AP11*3+1),":",ADDRESS(5+AO11,5+AP11*3+1))),MATCH(B11,INDIRECT(_xlfn.TEXTJOIN("",TRUE,"SEM_",AN11,"!",ADDRESS(6,2),":",ADDRESS(5+AO11,2))),0)))+INDIRECT(_xlfn.TEXTJOIN("",TRUE,"TC_",AQ11,"!",ADDRESS(4+A11*(AR11+9),13))) -> #N/A | AK11: =IF(LEFT(B11,1)="7",0,INDEX(INDIRECT(_xlfn.TEXTJOIN("",TRUE,"SEM_",AN11,"!",ADDRESS(6,5+AP11*3+2),":",ADDRESS(5+AO11,5+AP11*3+2))),MATCH(B11,INDIRECT(_xlfn.TEXTJOIN("",TRUE,"SEM_",AN11,"!",ADDRESS(6,2),":",ADDRESS(5+AO11,2))),0)))+INDIRECT(_xlfn.TEXTJOIN("",TRUE,"TC_",AQ11,"!",ADDRESS(5+A11*(AR11+9),12))) -> #N/A | AL11: =IF(INDIRECT(_xlfn.TEXTJOIN("",TRUE,"TC_",AQ11,"!",ADDRESS(4+A11*(AR11+9),23))),SUM(INDIRECT(_xlfn.TEXTJOIN("",TRUE,"TC_",AQ11,"!",ADDRESS(4+A11*(AR11+9)-AR11,23),":",ADDRESS(3+A11*(AR11+9),23)))),0) -> 0 | AM11: =IF(LEFT(B11,1)="7",AJ11/$AK$4,AJ11/$AK$3) -> #N/A | AN11: =AN10 -> II | AO11: =AO10 -> 25 | AP11: =AP10 -> 10 | AQ11: =AQ10 -> III | AR11: =AR10 -> 8
A12: 7 | B12: 240090600007 | C12: UTU/2406100174 | D12: AYUSH MAURYA | E12: BABU RAM | AJ12: =IF(LEFT(B12,1)="7",0,INDEX(INDIRECT(_xlfn.TEXTJOIN("",TRUE,"SEM_",AN12,"!",ADDRESS(6,5+AP12*3+1),":",ADDRESS(5+AO12,5+AP12*3+1))),MATCH(B12,INDIRECT(_xlfn.TEXTJOIN("",TRUE,"SEM_",AN12,"!",ADDRESS(6,2),":",ADDRESS(5+AO12,2))),0)))+INDIRECT(_xlfn.TEXTJOIN("",TRUE,"TC_",AQ12,"!",ADDRESS(4+A12*(AR12+9),13))) -> #N/A | AK12: =IF(LEFT(B12,1)="7",0,INDEX(INDIRECT(_xlfn.TEXTJOIN("",TRUE,"SEM_",AN12,"!",ADDRESS(6,5+AP12*3+2),":",ADDRESS(5+AO12,5+AP12*3+2))),MATCH(B12,INDIRECT(_xlfn.TEXTJOIN("",TRUE,"SEM_",AN12,"!",ADDRESS(6,2),":",ADDRESS(5+AO12,2))),0)))+INDIRECT(_xlfn.TEXTJOIN("",TRUE,"TC_",AQ12,"!",ADDRESS(5+A12*(AR12+9),12))) -> #N/A | AL12: =IF(INDIRECT(_xlfn.TEXTJOIN("",TRUE,"TC_",AQ12,"!",ADDRESS(4+A12*(AR12+9),23))),SUM(INDIRECT(_xlfn.TEXTJOIN("",TRUE,"TC_",AQ12,"!",ADDRESS(4+A12*(AR12+9)-AR12,23),":",ADDRESS(3+A12*(AR12+9),23)))),0) -> 0 | AM12: =IF(LEFT(B12,1)="7",AJ12/$AK$4,AJ12/$AK$3) -> #N/A | AN12: =AN11 -> II | AO12: =AO11 -> 25 | AP12: =AP11 -> 10 | AQ12: =AQ11 -> III | AR12: =AR11 -> 8
A13: 8 | B13: 240090600008 | C13: UTU/2406100183 | D13: AYUSH RAWAT | E13: MUKESH RAWAT | AJ13: =IF(LEFT(B13,1)="7",0,INDEX(INDIRECT(_xlfn.TEXTJOIN("",TRUE,"SEM_",AN13,"!",ADDRESS(6,5+AP13*3+1),":",ADDRESS(5+AO13,5+AP13*3+1))),MATCH(B13,INDIRECT(_xlfn.TEXTJOIN("",TRUE,"SEM_",AN13,"!",ADDRESS(6,2),":",ADDRESS(5+AO13,2))),0)))+INDIRECT(_xlfn.TEXTJOIN("",TRUE,"TC_",AQ13,"!",ADDRESS(4+A13*(AR13+9),13))) -> #N/A | AK13: =IF(LEFT(B13,1)="7",0,INDEX(INDIRECT(_xlfn.TEXTJOIN("",TRUE,"SEM_",AN13,"!",ADDRESS(6,5+AP13*3+2),":",ADDRESS(5+AO13,5+AP13*3+2))),MATCH(B13,INDIRECT(_xlfn.TEXTJOIN("",TRUE,"SEM_",AN13,"!",ADDRESS(6,2),":",ADDRESS(5+AO13,2))),0)))+INDIRECT(_xlfn.TEXTJOIN("",TRUE,"TC_",AQ13,"!",ADDRESS(5+A13*(AR13+9),12))) -> #N/A | AL13: =IF(INDIRECT(_xlfn.TEXTJOIN("",TRUE,"TC_",AQ13,"!",ADDRESS(4+A13*(AR13+9),23))),SUM(INDIRECT(_xlfn.TEXTJOIN("",TRUE,"TC_",AQ13,"!",ADDRESS(4+A13*(AR13+9)-AR13,23),":",ADDRESS(3+A13*(AR13+9),23)))),0) -> 0 | AM13: =IF(LEFT(B13,1)="7",AJ13/$AK$4,AJ13/$AK$3) -> #N/A | AN13: =AN12 -> II | AO13: =AO12 -> 25 | AP13: =AP12 -> 10 | AQ13: =AQ12 -> III | AR13: =AR12 -> 8
A14: 9 | B14: 240090600009 | C14: UTU/2406100172 | D14: CHIRAG KASHYAP | E14: NARENDRA SINGH | AJ14: =IF(LEFT(B14,1)="7",0,INDEX(INDIRECT(_xlfn.TEXTJOIN("",TRUE,"SEM_",AN14,"!",ADDRESS(6,5+AP14*3+1),":",ADDRESS(5+AO14,5+AP14*3+1))),MATCH(B14,INDIRECT(_xlfn.TEXTJOIN("",TRUE,"SEM_",AN14,"!",ADDRESS(6,2),":",ADDRESS(5+AO14,2))),0)))+INDIRECT(_xlfn.TEXTJOIN("",TRUE,"TC_",AQ14,"!",ADDRESS(4+A14*(AR14+9),13))) -> #N/A | AK14: =IF(LEFT(B14,1)="7",0,INDEX(INDIRECT(_xlfn.TEXTJOIN("",TRUE,"SEM_",AN14,"!",ADDRESS(6,5+AP14*3+2),":",ADDRESS(5+AO14,5+AP14*3+2))),MATCH(B14,INDIRECT(_xlfn.TEXTJOIN("",TRUE,"SEM_",AN14,"!",ADDRESS(6,2),":",ADDRESS(5+AO14,2))),0)))+INDIRECT(_xlfn.TEXTJOIN("",TRUE,"TC_",AQ14,"!",ADDRESS(5+A14*(AR14+9),12))) -> #N/A | AL14: =IF(INDIRECT(_xlfn.TEXTJOIN("",TRUE,"TC_",AQ14,"!",ADDRESS(4+A14*(AR14+9),23))),SUM(INDIRECT(_xlfn.TEXTJOIN("",TRUE,"TC_",AQ14,"!",ADDRESS(4+A14*(AR14+9)-AR14,23),":",ADDRESS(3+A14*(AR14+9),23)))),0) -> 0 | AM14: =IF(LEFT(B14,1)="7",AJ14/$AK$4,AJ14/$AK$3) -> #N/A | AN14: =AN13 -> II | AO14: =AO13 -> 25 | AP14: =AP13 -> 10 | AQ14: =AQ13 -> III | AR14: =AR13 -> 8
A15: 10 | B15: 240090600010 | C15: UTU/2406100181 | D15: DEVENDRA SINGH RANA | E15: DHYAN SINGH RANA | AJ15: =IF(LEFT(B15,1)="7",0,INDEX(INDIRECT(_xlfn.TEXTJOIN("",TRUE,"SEM_",AN15,"!",ADDRESS(6,5+AP15*3+1),":",ADDRESS(5+AO15,5+AP15*3+1))),MATCH(B15,INDIRECT(_xlfn.TEXTJOIN("",TRUE,"SEM_",AN15,"!",ADDRESS(6,2),":",ADDRESS(5+AO15,2))),0)))+INDIRECT(_xlfn.TEXTJOIN("",TRUE,"TC_",AQ15,"!",ADDRESS(4+A15*(AR15+9),13))) -> #N/A | AK15: =IF(LEFT(B15,1)="7",0,INDEX(INDIRECT(_xlfn.TEXTJOIN("",TRUE,"SEM_",AN15,"!",ADDRESS(6,5+AP15*3+2),":",ADDRESS(5+AO15,5+AP15*3+2))),MATCH(B15,INDIRECT(_xlfn.TEXTJOIN("",TRUE,"SEM_",AN15,"!",ADDRESS(6,2),":",ADDRESS(5+AO15,2))),0)))+INDIRECT(_xlfn.TEXTJOIN("",TRUE,"TC_",AQ15,"!",ADDRESS(5+A15*(AR15+9),12))) -> #N/A | AL15: =IF(INDIRECT(_xlfn.TEXTJOIN("",TRUE,"TC_",AQ15,"!",ADDRESS(4+A15*(AR15+9),23))),SUM(INDIRECT(_xlfn.TEXTJOIN("",TRUE,"TC_",AQ15,"!",ADDRESS(4+A15*(AR15+9)-AR15,23),":",ADDRESS(3+A15*(AR15+9),23)))),0) -> 0 | AM15: =IF(LEFT(B15,1)="7",AJ15/$AK$4,AJ15/$AK$3) -> #N/A | AN15: =AN14 -> II | AO15: =AO14 -> 25 | AP15: =AP14 -> 10 | AQ15: =AQ14 -> III | AR15: =AR14 -> 8
A16: 11 | B16: 240090600011 | C16: UTU/2406100185 | D16: DIKSHA PHARTYAL | E16: UPENDRA SINGH PHARTYAL | AJ16: =IF(LEFT(B16,1)="7",0,INDEX(INDIRECT(_xlfn.TEXTJOIN("",TRUE,"SEM_",AN16,"!",ADDRESS(6,5+AP16*3+1),":",ADDRESS(5+AO16,5+AP16*3+1))),MATCH(B16,INDIRECT(_xlfn.TEXTJOIN("",TRUE,"SEM_",AN16,"!",ADDRESS(6,2),":",ADDRESS(5+AO16,2))),0)))+INDIRECT(_xlfn.TEXTJOIN("",TRUE,"TC_",AQ16,"!",ADDRESS(4+A16*(AR16+9),13))) -> #N/A | AK16: =IF(LEFT(B16,1)="7",0,INDEX(INDIRECT(_xlfn.TEXTJOIN("",TRUE,"SEM_",AN16,"!",ADDRESS(6,5+AP16*3+2),":",ADDRESS(5+AO16,5+AP16*3+2))),MATCH(B16,INDIRECT(_xlfn.TEXTJOIN("",TRUE,"SEM_",AN16,"!",ADDRESS(6,2),":",ADDRESS(5+AO16,2))),0)))+INDIRECT(_xlfn.TEXTJOIN("",TRUE,"TC_",AQ16,"!",ADDRESS(5+A16*(AR16+9),12))) -> #N/A | AL16: =IF(INDIRECT(_xlfn.TEXTJOIN("",TRUE,"TC_",AQ16,"!",ADDRESS(4+A16*(AR16+9),23))),SUM(INDIRECT(_xlfn.TEXTJOIN("",TRUE,"TC_",AQ16,"!",ADDRESS(4+A16*(AR16+9)-AR16,23),":",ADDRESS(3+A16*(AR16+9),23)))),0) -> 0 | AM16: =IF(LEFT(B16,1)="7",AJ16/$AK$4,AJ16/$AK$3) -> #N/A | AN16: =AN15 -> II | AO16: =AO15 -> 25 | AP16: =AP15 -> 10 | AQ16: =AQ15 -> III | AR16: =AR15 -> 8
A17: 12 | B17: 240090600012 | C17: UTU/2406100182 | D17: KAMAL SINGH BISHT | E17: SHIV SINGH BISHT | AJ17: =IF(LEFT(B17,1)="7",0,INDEX(INDIRECT(_xlfn.TEXTJOIN("",TRUE,"SEM_",AN17,"!",ADDRESS(6,5+AP17*3+1),":",ADDRESS(5+AO17,5+AP17*3+1))),MATCH(B17,INDIRECT(_xlfn.TEXTJOIN("",TRUE,"SEM_",AN17,"!",ADDRESS(6,2),":",ADDRESS(5+AO17,2))),0)))+INDIRECT(_xlfn.TEXTJOIN("",TRUE,"TC_",AQ17,"!",ADDRESS(4+A17*(AR17+9),13))) -> #N/A | AK17: =IF(LEFT(B17,1)="7",0,INDEX(INDIRECT(_xlfn.TEXTJOIN("",TRUE,"SEM_",AN17,"!",ADDRESS(6,5+AP17*3+2),":",ADDRESS(5+AO17,5+AP17*3+2))),MATCH(B17,INDIRECT(_xlfn.TEXTJOIN("",TRUE,"SEM_",AN17,"!",ADDRESS(6,2),":",ADDRESS(5+AO17,2))),0)))+INDIRECT(_xlfn.TEXTJOIN("",TRUE,"TC_",AQ17,"!",ADDRESS(5+A17*(AR17+9),12))) -> #N/A | AL17: =IF(INDIRECT(_xlfn.TEXTJOIN("",TRUE,"TC_",AQ17,"!",ADDRESS(4+A17*(AR17+9),23))),SUM(INDIRECT(_xlfn.TEXTJOIN("",TRUE,"TC_",AQ17,"!",ADDRESS(4+A17*(AR17+9)-AR17,23),":",ADDRESS(3+A17*(AR17+9),23)))),0) -> 0 | AM17: =IF(LEFT(B17,1)="7",AJ17/$AK$4,AJ17/$AK$3) -> #N/A | AN17: =AN16 -> II | AO17: =AO16 -> 25 | AP17: =AP16 -> 10 | AQ17: =AQ16 -> III | AR17: =AR16 -> 8
A18: 13 | B18: 240090600013 | C18: UTU/2406100175 | D18: KRISHNA BHATT | E18: HARENDRA PRASAD BHATT | AJ18: =IF(LEFT(B18,1)="7",0,INDEX(INDIRECT(_xlfn.TEXTJOIN("",TRUE,"SEM_",AN18,"!",ADDRESS(6,5+AP18*3+1),":",ADDRESS(5+AO18,5+AP18*3+1))),MATCH(B18,INDIRECT(_xlfn.TEXTJOIN("",TRUE,"SEM_",AN18,"!",ADDRESS(6,2),":",ADDRESS(5+AO18,2))),0)))+INDIRECT(_xlfn.TEXTJOIN("",TRUE,"TC_",AQ18,"!",ADDRESS(4+A18*(AR18+9),13))) -> #N/A | AK18: =IF(LEFT(B18,1)="7",0,INDEX(INDIRECT(_xlfn.TEXTJOIN("",TRUE,"SEM_",AN18,"!",ADDRESS(6,5+AP18*3+2),":",ADDRESS(5+AO18,5+AP18*3+2))),MATCH(B18,INDIRECT(_xlfn.TEXTJOIN("",TRUE,"SEM_",AN18,"!",ADDRESS(6,2),":",ADDRESS(5+AO18,2))),0)))+INDIRECT(_xlfn.TEXTJOIN("",TRUE,"TC_",AQ18,"!",ADDRESS(5+A18*(AR18+9),12))) -> #N/A | AL18: =IF(INDIRECT(_xlfn.TEXTJOIN("",TRUE,"TC_",AQ18,"!",ADDRESS(4+A18*(AR18+9),23))),SUM(INDIRECT(_xlfn.TEXTJOIN("",TRUE,"TC_",AQ18,"!",ADDRESS(4+A18*(AR18+9)-AR18,23),":",ADDRESS(3+A18*(AR18+9),23)))),0) -> 0 | AM18: =IF(LEFT(B18,1)="7",AJ18/$AK$4,AJ18/$AK$3) -> #N/A | AN18: =AN17 -> II | AO18: =AO17 -> 25 | AP18: =AP17 -> 10 | AQ18: =AQ17 -> III | AR18: =AR17 -> 8
... A30: 25 | B30: 240090600025 | C30: UTU/2406100189 | D30: SURAJ SINGH BISHT | E30: KHUSHAL SINGH | AJ30: =IF(LEFT(B30,1)="7",0,INDEX(INDIRECT(_xlfn.TEXTJOIN("",TRUE,"SEM_",AN30,"!",ADDRESS(6,5+AP30*3+1),":",ADDRESS(5+AO30,5+AP30*3+1))),MATCH(B30,INDIRECT(_xlfn.TEXTJOIN("",TRUE,"SEM_",AN30,"!",ADDRESS(6,2),":",ADDRESS(5+AO30,2))),0)))+INDIRECT(_xlfn.TEXTJOIN("",TRUE,"TC_",AQ30,"!",ADDRESS(4+A30*(AR30+9),13))) -> #N/A | AK30: =IF(LEFT(B30,1)="7",0,INDEX(INDIRECT(_xlfn.TEXTJOIN("",TRUE,"SEM_",AN30,"!",ADDRESS(6,5+AP30*3+2),":",ADDRESS(5+AO30,5+AP30*3+2))),MATCH(B30,INDIRECT(_xlfn.TEXTJOIN("",TRUE,"SEM_",AN30,"!",ADDRESS(6,2),":",ADDRESS(5+AO30,2))),0)))+INDIRECT(_xlfn.TEXTJOIN("",TRUE,"TC_",AQ30,"!",ADDRESS(5+A30*(AR30+9),12))) -> #N/A | AL30: =IF(INDIRECT(_xlfn.TEXTJOIN("",TRUE,"TC_",AQ30,"!",ADDRESS(4+A30*(AR30+9),23))),SUM(INDIRECT(_xlfn.TEXTJOIN("",TRUE,"TC_",AQ30,"!",ADDRESS(4+A30*(AR30+9)-AR30,23),":",ADDRESS(3+A30*(AR30+9),23)))),0) -> 0 | AM30: =IF(LEFT(B30,1)="7",AJ30/$AK$4,AJ30/$AK$3) -> #N/A | AN30: =AN29 -> II | AO30: =AO29 -> 25 | AP30: =AP29 -> 10 | AQ30: =AQ29 -> III | AR30: =AR29 -> 8
AJ31: =IF(LEFT(B31,1)="7",0,INDEX(INDIRECT(_xlfn.TEXTJOIN("",TRUE,"SEM_",AN31,"!",ADDRESS(6,5+AP31*3+1),":",ADDRESS(5+AO31,5+AP31*3+1))),MATCH(B31,INDIRECT(_xlfn.TEXTJOIN("",TRUE,"SEM_",AN31,"!",ADDRESS(6,2),":",ADDRESS(5+AO31,2))),0)))+INDIRECT(_xlfn.TEXTJOIN("",TRUE,"TC_",AQ31,"!",ADDRESS(4+A31*(AR31+9),13))) -> #N/A | AK31: =IF(LEFT(B31,1)="7",0,INDEX(INDIRECT(_xlfn.TEXTJOIN("",TRUE,"SEM_",AN31,"!",ADDRESS(6,5+AP31*3+2),":",ADDRESS(5+AO31,5+AP31*3+2))),MATCH(B31,INDIRECT(_xlfn.TEXTJOIN("",TRUE,"SEM_",AN31,"!",ADDRESS(6,2),":",ADDRESS(5+AO31,2))),0)))+INDIRECT(_xlfn.TEXTJOIN("",TRUE,"TC_",AQ31,"!",ADDRESS(5+A31*(AR31+9),12))) -> #N/A | AL31: =IF(INDIRECT(_xlfn.TEXTJOIN("",TRUE,"TC_",AQ31,"!",ADDRESS(4+A31*(AR31+9),23))),SUM(INDIRECT(_xlfn.TEXTJOIN("",TRUE,"TC_",AQ31,"!",ADDRESS(4+A31*(AR31+9)-AR31,23),":",ADDRESS(3+A31*(AR31+9),23)))),0) -> 0 | AM31: =IF(LEFT(B31,1)="7",AJ31/$AK$4,AJ31/$AK$3) -> #N/A | AN31: =AN30 -> II | AO31: =AO30 -> 25 | AP31: =AP30 -> 10 | AQ31: =AQ30 -> III | AR31: =AR30 -> 8
AJ32: =IF(LEFT(B32,1)="7",0,INDEX(INDIRECT(_xlfn.TEXTJOIN("",TRUE,"SEM_",AN32,"!",ADDRESS(6,5+AP32*3+1),":",ADDRESS(5+AO32,5+AP32*3+1))),MATCH(B32,INDIRECT(_xlfn.TEXTJOIN("",TRUE,"SEM_",AN32,"!",ADDRESS(6,2),":",ADDRESS(5+AO32,2))),0)))+INDIRECT(_xlfn.TEXTJOIN("",TRUE,"TC_",AQ32,"!",ADDRESS(4+A32*(AR32+9),13))) -> #N/A | AK32: =IF(LEFT(B32,1)="7",0,INDEX(INDIRECT(_xlfn.TEXTJOIN("",TRUE,"SEM_",AN32,"!",ADDRESS(6,5+AP32*3+2),":",ADDRESS(5+AO32,5+AP32*3+2))),MATCH(B32,INDIRECT(_xlfn.TEXTJOIN("",TRUE,"SEM_",AN32,"!",ADDRESS(6,2),":",ADDRESS(5+AO32,2))),0)))+INDIRECT(_xlfn.TEXTJOIN("",TRUE,"TC_",AQ32,"!",ADDRESS(5+A32*(AR32+9),12))) -> #N/A | AL32: =IF(INDIRECT(_xlfn.TEXTJOIN("",TRUE,"TC_",AQ32,"!",ADDRESS(4+A32*(AR32+9),23))),SUM(INDIRECT(_xlfn.TEXTJOIN("",TRUE,"TC_",AQ32,"!",ADDRESS(4+A32*(AR32+9)-AR32,23),":",ADDRESS(3+A32*(AR32+9),23)))),0) -> 0 | AM32: =IF(LEFT(B32,1)="7",AJ32/$AK$4,AJ32/$AK$3) -> #N/A | AN32: =AN31 -> II | AO32: =AO31 -> 25 | AP32: =AP31 -> 10 | AQ32: =AQ31 -> III | AR32: =AR31 -> 8
AJ33: =IF(LEFT(B33,1)="7",0,INDEX(INDIRECT(_xlfn.TEXTJOIN("",TRUE,"SEM_",AN33,"!",ADDRESS(6,5+AP33*3+1),":",ADDRESS(5+AO33,5+AP33*3+1))),MATCH(B33,INDIRECT(_xlfn.TEXTJOIN("",TRUE,"SEM_",AN33,"!",ADDRESS(6,2),":",ADDRESS(5+AO33,2))),0)))+INDIRECT(_xlfn.TEXTJOIN("",TRUE,"TC_",AQ33,"!",ADDRESS(4+A33*(AR33+9),13))) -> #N/A | AK33: =IF(LEFT(B33,1)="7",0,INDEX(INDIRECT(_xlfn.TEXTJOIN("",TRUE,"SEM_",AN33,"!",ADDRESS(6,5+AP33*3+2),":",ADDRESS(5+AO33,5+AP33*3+2))),MATCH(B33,INDIRECT(_xlfn.TEXTJOIN("",TRUE,"SEM_",AN33,"!",ADDRESS(6,2),":",ADDRESS(5+AO33,2))),0)))+INDIRECT(_xlfn.TEXTJOIN("",TRUE,"TC_",AQ33,"!",ADDRESS(5+A33*(AR33+9),12))) -> #N/A | AL33: =IF(INDIRECT(_xlfn.TEXTJOIN("",TRUE,"TC_",AQ33,"!",ADDRESS(4+A33*(AR33+9),23))),SUM(INDIRECT(_xlfn.TEXTJOIN("",TRUE,"TC_",AQ33,"!",ADDRESS(4+A33*(AR33+9)-AR33,23),":",ADDRESS(3+A33*(AR33+9),23)))),0) -> 0 | AM33: =IF(LEFT(B33,1)="7",AJ33/$AK$4,AJ33/$AK$3) -> #N/A | AN33: =AN32 -> II | AO33: =AO32 -> 25 | AP33: =AP32 -> 10 | AQ33: =AQ32 -> III | AR33: =AR32 -> 8
AJ34: =IF(LEFT(B34,1)="7",0,INDEX(INDIRECT(_xlfn.TEXTJOIN("",TRUE,"SEM_",AN34,"!",ADDRESS(6,5+AP34*3+1),":",ADDRESS(5+AO34,5+AP34*3+1))),MATCH(B34,INDIRECT(_xlfn.TEXTJOIN("",TRUE,"SEM_",AN34,"!",ADDRESS(6,2),":",ADDRESS(5+AO34,2))),0)))+INDIRECT(_xlfn.TEXTJOIN("",TRUE,"TC_",AQ34,"!",ADDRESS(4+A34*(AR34+9),13))) -> #N/A | AK34: =IF(LEFT(B34,1)="7",0,INDEX(INDIRECT(_xlfn.TEXTJOIN("",TRUE,"SEM_",AN34,"!",ADDRESS(6,5+AP34*3+2),":",ADDRESS(5+AO34,5+AP34*3+2))),MATCH(B34,INDIRECT(_xlfn.TEXTJOIN("",TRUE,"SEM_",AN34,"!",ADDRESS(6,2),":",ADDRESS(5+AO34,2))),0)))+INDIRECT(_xlfn.TEXTJOIN("",TRUE,"TC_",AQ34,"!",ADDRESS(5+A34*(AR34+9),12))) -> #N/A | AL34: =IF(INDIRECT(_xlfn.TEXTJOIN("",TRUE,"TC_",AQ34,"!",ADDRESS(4+A34*(AR34+9),23))),SUM(INDIRECT(_xlfn.TEXTJOIN("",TRUE,"TC_",AQ34,"!",ADDRESS(4+A34*(AR34+9)-AR34,23),":",ADDRESS(3+A34*(AR34+9),23)))),0) -> 0 | AM34: =IF(LEFT(B34,1)="7",AJ34/$AK$4,AJ34/$AK$3) -> #N/A | AN34: =AN33 -> II | AO34: =AO33 -> 25 | AP34: =AP33 -> 10 | AQ34: =AQ33 -> III | AR34: =AR33 -> 8
AJ35: =IF(LEFT(B35,1)="7",0,INDEX(INDIRECT(_xlfn.TEXTJOIN("",TRUE,"SEM_",AN35,"!",ADDRESS(6,5+AP35*3+1),":",ADDRESS(5+AO35,5+AP35*3+1))),MATCH(B35,INDIRECT(_xlfn.TEXTJOIN("",TRUE,"SEM_",AN35,"!",ADDRESS(6,2),":",ADDRESS(5+AO35,2))),0)))+INDIRECT(_xlfn.TEXTJOIN("",TRUE,"TC_",AQ35,"!",ADDRESS(4+A35*(AR35+9),13))) -> #N/A | AK35: =IF(LEFT(B35,1)="7",0,INDEX(INDIRECT(_xlfn.TEXTJOIN("",TRUE,"SEM_",AN35,"!",ADDRESS(6,5+AP35*3+2),":",ADDRESS(5+AO35,5+AP35*3+2))),MATCH(B35,INDIRECT(_xlfn.TEXTJOIN("",TRUE,"SEM_",AN35,"!",ADDRESS(6,2),":",ADDRESS(5+AO35,2))),0)))+INDIRECT(_xlfn.TEXTJOIN("",TRUE,"TC_",AQ35,"!",ADDRESS(5+A35*(AR35+9),12))) -> #N/A | AL35: =IF(INDIRECT(_xlfn.TEXTJOIN("",TRUE,"TC_",AQ35,"!",ADDRESS(4+A35*(AR35+9),23))),SUM(INDIRECT(_xlfn.TEXTJOIN("",TRUE,"TC_",AQ35,"!",ADDRESS(4+A35*(AR35+9)-AR35,23),":",ADDRESS(3+A35*(AR35+9),23)))),0) -> 0 | AM35: =IF(LEFT(B35,1)="7",AJ35/$AK$4,AJ35/$AK$3) -> #N/A | AN35: =AN34 -> II | AO35: =AO34 -> 25 | AP35: =AP34 -> 10 | AQ35: =AQ34 -> III | AR35: =AR34 -> 8
AJ36: =IF(LEFT(B36,1)="7",0,INDEX(INDIRECT(_xlfn.TEXTJOIN("",TRUE,"SEM_",AN36,"!",ADDRESS(6,5+AP36*3+1),":",ADDRESS(5+AO36,5+AP36*3+1))),MATCH(B36,INDIRECT(_xlfn.TEXTJOIN("",TRUE,"SEM_",AN36,"!",ADDRESS(6,2),":",ADDRESS(5+AO36,2))),0)))+INDIRECT(_xlfn.TEXTJOIN("",TRUE,"TC_",AQ36,"!",ADDRESS(4+A36*(AR36+9),13))) -> #N/A | AK36: =IF(LEFT(B36,1)="7",0,INDEX(INDIRECT(_xlfn.TEXTJOIN("",TRUE,"SEM_",AN36,"!",ADDRESS(6,5+AP36*3+2),":",ADDRESS(5+AO36,5+AP36*3+2))),MATCH(B36,INDIRECT(_xlfn.TEXTJOIN("",TRUE,"SEM_",AN36,"!",ADDRESS(6,2),":",ADDRESS(5+AO36,2))),0)))+INDIRECT(_xlfn.TEXTJOIN("",TRUE,"TC_",AQ36,"!",ADDRESS(5+A36*(AR36+9),12))) -> #N/A | AL36: =IF(INDIRECT(_xlfn.TEXTJOIN("",TRUE,"TC_",AQ36,"!",ADDRESS(4+A36*(AR36+9),23))),SUM(INDIRECT(_xlfn.TEXTJOIN("",TRUE,"TC_",AQ36,"!",ADDRESS(4+A36*(AR36+9)-AR36,23),":",ADDRESS(3+A36*(AR36+9),23)))),0) -> 0 | AM36: =IF(LEFT(B36,1)="7",AJ36/$AK$4,AJ36/$AK$3) -> #N/A | AN36: =AN35 -> II | AO36: =AO35 -> 25 | AP36: =AP35 -> 10 | AQ36: =AQ35 -> III | AR36: =AR35 -> 8
AJ37: =IF(LEFT(B37,1)="7",0,INDEX(INDIRECT(_xlfn.TEXTJOIN("",TRUE,"SEM_",AN37,"!",ADDRESS(6,5+AP37*3+1),":",ADDRESS(5+AO37,5+AP37*3+1))),MATCH(B37,INDIRECT(_xlfn.TEXTJOIN("",TRUE,"SEM_",AN37,"!",ADDRESS(6,2),":",ADDRESS(5+AO37,2))),0)))+INDIRECT(_xlfn.TEXTJOIN("",TRUE,"TC_",AQ37,"!",ADDRESS(4+A37*(AR37+9),13))) -> #N/A | AK37: =IF(LEFT(B37,1)="7",0,INDEX(INDIRECT(_xlfn.TEXTJOIN("",TRUE,"SEM_",AN37,"!",ADDRESS(6,5+AP37*3+2),":",ADDRESS(5+AO37,5+AP37*3+2))),MATCH(B37,INDIRECT(_xlfn.TEXTJOIN("",TRUE,"SEM_",AN37,"!",ADDRESS(6,2),":",ADDRESS(5+AO37,2))),0)))+INDIRECT(_xlfn.TEXTJOIN("",TRUE,"TC_",AQ37,"!",ADDRESS(5+A37*(AR37+9),12))) -> #N/A | AL37: =IF(INDIRECT(_xlfn.TEXTJOIN("",TRUE,"TC_",AQ37,"!",ADDRESS(4+A37*(AR37+9),23))),SUM(INDIRECT(_xlfn.TEXTJOIN("",TRUE,"TC_",AQ37,"!",ADDRESS(4+A37*(AR37+9)-AR37,23),":",ADDRESS(3+A37*(AR37+9),23)))),0) -> 0 | AM37: =IF(LEFT(B37,1)="7",AJ37/$AK$4,AJ37/$AK$3) -> #N/A | AN37: =AN36 -> II | AO37: =AO36 -> 25 | AP37: =AP36 -> 10 | AQ37: =AQ36 -> III | AR37: =AR36 -> 8
AJ38: =IF(LEFT(B38,1)="7",0,INDEX(INDIRECT(_xlfn.TEXTJOIN("",TRUE,"SEM_",AN38,"!",ADDRESS(6,5+AP38*3+1),":",ADDRESS(5+AO38,5+AP38*3+1))),MATCH(B38,INDIRECT(_xlfn.TEXTJOIN("",TRUE,"SEM_",AN38,"!",ADDRESS(6,2),":",ADDRESS(5+AO38,2))),0)))+INDIRECT(_xlfn.TEXTJOIN("",TRUE,"TC_",AQ38,"!",ADDRESS(4+A38*(AR38+9),13))) -> #N/A | AK38: =IF(LEFT(B38,1)="7",0,INDEX(INDIRECT(_xlfn.TEXTJOIN("",TRUE,"SEM_",AN38,"!",ADDRESS(6,5+AP38*3+2),":",ADDRESS(5+AO38,5+AP38*3+2))),MATCH(B38,INDIRECT(_xlfn.TEXTJOIN("",TRUE,"SEM_",AN38,"!",ADDRESS(6,2),":",ADDRESS(5+AO38,2))),0)))+INDIRECT(_xlfn.TEXTJOIN("",TRUE,"TC_",AQ38,"!",ADDRESS(5+A38*(AR38+9),12))) -> #N/A | AL38: =IF(INDIRECT(_xlfn.TEXTJOIN("",TRUE,"TC_",AQ38,"!",ADDRESS(4+A38*(AR38+9),23))),SUM(INDIRECT(_xlfn.TEXTJOIN("",TRUE,"TC_",AQ38,"!",ADDRESS(4+A38*(AR38+9)-AR38,23),":",ADDRESS(3+A38*(AR38+9),23)))),0) -> 0 | AM38: =IF(LEFT(B38,1)="7",AJ38/$AK$4,AJ38/$AK$3) -> #N/A | AN38: =AN37 -> II | AO38: =AO37 -> 25 | AP38: =AP37 -> 10 | AQ38: =AQ37 -> III | AR38: =AR37 -> 8
AJ39: =IF(LEFT(B39,1)="7",0,INDEX(INDIRECT(_xlfn.TEXTJOIN("",TRUE,"SEM_",AN39,"!",ADDRESS(6,5+AP39*3+1),":",ADDRESS(5+AO39,5+AP39*3+1))),MATCH(B39,INDIRECT(_xlfn.TEXTJOIN("",TRUE,"SEM_",AN39,"!",ADDRESS(6,2),":",ADDRESS(5+AO39,2))),0)))+INDIRECT(_xlfn.TEXTJOIN("",TRUE,"TC_",AQ39,"!",ADDRESS(4+A39*(AR39+9),13))) -> #N/A | AK39: =IF(LEFT(B39,1)="7",0,INDEX(INDIRECT(_xlfn.TEXTJOIN("",TRUE,"SEM_",AN39,"!",ADDRESS(6,5+AP39*3+2),":",ADDRESS(5+AO39,5+AP39*3+2))),MATCH(B39,INDIRECT(_xlfn.TEXTJOIN("",TRUE,"SEM_",AN39,"!",ADDRESS(6,2),":",ADDRESS(5+AO39,2))),0)))+INDIRECT(_xlfn.TEXTJOIN("",TRUE,"TC_",AQ39,"!",ADDRESS(5+A39*(AR39+9),12))) -> #N/A | AL39: =IF(INDIRECT(_xlfn.TEXTJOIN("",TRUE,"TC_",AQ39,"!",ADDRESS(4+A39*(AR39+9),23))),SUM(INDIRECT(_xlfn.TEXTJOIN("",TRUE,"TC_",AQ39,"!",ADDRESS(4+A39*(AR39+9)-AR39,23),":",ADDRESS(3+A39*(AR39+9),23)))),0) -> 0 | AM39: =IF(LEFT(B39,1)="7",AJ39/$AK$4,AJ39/$AK$3) -> #N/A | AN39: =AN38 -> II | AO39: =AO38 -> 25 | AP39: =AP38 -> 10 | AQ39: =AQ38 -> III | AR39: =AR38 -> 8
AJ40: =IF(LEFT(B40,1)="7",0,INDEX(INDIRECT(_xlfn.TEXTJOIN("",TRUE,"SEM_",AN40,"!",ADDRESS(6,5+AP40*3+1),":",ADDRESS(5+AO40,5+AP40*3+1))),MATCH(B40,INDIRECT(_xlfn.TEXTJOIN("",TRUE,"SEM_",AN40,"!",ADDRESS(6,2),":",ADDRESS(5+AO40,2))),0)))+INDIRECT(_xlfn.TEXTJOIN("",TRUE,"TC_",AQ40,"!",ADDRESS(4+A40*(AR40+9),13))) -> #N/A | AK40: =IF(LEFT(B40,1)="7",0,INDEX(INDIRECT(_xlfn.TEXTJOIN("",TRUE,"SEM_",AN40,"!",ADDRESS(6,5+AP40*3+2),":",ADDRESS(5+AO40,5+AP40*3+2))),MATCH(B40,INDIRECT(_xlfn.TEXTJOIN("",TRUE,"SEM_",AN40,"!",ADDRESS(6,2),":",ADDRESS(5+AO40,2))),0)))+INDIRECT(_xlfn.TEXTJOIN("",TRUE,"TC_",AQ40,"!",ADDRESS(5+A40*(AR40+9),12))) -> #N/A | AL40: =IF(INDIRECT(_xlfn.TEXTJOIN("",TRUE,"TC_",AQ40,"!",ADDRESS(4+A40*(AR40+9),23))),SUM(INDIRECT(_xlfn.TEXTJOIN("",TRUE,"TC_",AQ40,"!",ADDRESS(4+A40*(AR40+9)-AR40,23),":",ADDRESS(3+A40*(AR40+9),23)))),0) -> 0 | AM40: =IF(LEFT(B40,1)="7",AJ40/$AK$4,AJ40/$AK$3) -> #N/A | AN40: =AN39 -> II | AO40: =AO39 -> 25 | AP40: =AP39 -> 10 | AQ40: =AQ39 -> III | AR40: =AR39 -> 8
AJ41: =IF(LEFT(B41,1)="7",0,INDEX(INDIRECT(_xlfn.TEXTJOIN("",TRUE,"SEM_",AN41,"!",ADDRESS(6,5+AP41*3+1),":",ADDRESS(5+AO41,5+AP41*3+1))),MATCH(B41,INDIRECT(_xlfn.TEXTJOIN("",TRUE,"SEM_",AN41,"!",ADDRESS(6,2),":",ADDRESS(5+AO41,2))),0)))+INDIRECT(_xlfn.TEXTJOIN("",TRUE,"TC_",AQ41,"!",ADDRESS(4+A41*(AR41+9),13))) -> #N/A | AK41: =IF(LEFT(B41,1)="7",0,INDEX(INDIRECT(_xlfn.TEXTJOIN("",TRUE,"SEM_",AN41,"!",ADDRESS(6,5+AP41*3+2),":",ADDRESS(5+AO41,5+AP41*3+2))),MATCH(B41,INDIRECT(_xlfn.TEXTJOIN("",TRUE,"SEM_",AN41,"!",ADDRESS(6,2),":",ADDRESS(5+AO41,2))),0)))+INDIRECT(_xlfn.TEXTJOIN("",TRUE,"TC_",AQ41,"!",ADDRESS(5+A41*(AR41+9),12))) -> #N/A | AL41: =IF(INDIRECT(_xlfn.TEXTJOIN("",TRUE,"TC_",AQ41,"!",ADDRESS(4+A41*(AR41+9),23))),SUM(INDIRECT(_xlfn.TEXTJOIN("",TRUE,"TC_",AQ41,"!",ADDRESS(4+A41*(AR41+9)-AR41,23),":",ADDRESS(3+A41*(AR41+9),23)))),0) -> 0 | AM41: =IF(LEFT(B41,1)="7",AJ41/$AK$4,AJ41/$AK$3) -> #N/A | AN41: =AN40 -> II | AO41: =AO40 -> 25 | AP41: =AP40 -> 10 | AQ41: =AQ40 -> III | AR41: =AR40 -> 8
AJ42: =IF(LEFT(B42,1)="7",0,INDEX(INDIRECT(_xlfn.TEXTJOIN("",TRUE,"SEM_",AN42,"!",ADDRESS(6,5+AP42*3+1),":",ADDRESS(5+AO42,5+AP42*3+1))),MATCH(B42,INDIRECT(_xlfn.TEXTJOIN("",TRUE,"SEM_",AN42,"!",ADDRESS(6,2),":",ADDRESS(5+AO42,2))),0)))+INDIRECT(_xlfn.TEXTJOIN("",TRUE,"TC_",AQ42,"!",ADDRESS(4+A42*(AR42+9),13))) -> #N/A | AK42: =IF(LEFT(B42,1)="7",0,INDEX(INDIRECT(_xlfn.TEXTJOIN("",TRUE,"SEM_",AN42,"!",ADDRESS(6,5+AP42*3+2),":",ADDRESS(5+AO42,5+AP42*3+2))),MATCH(B42,INDIRECT(_xlfn.TEXTJOIN("",TRUE,"SEM_",AN42,"!",ADDRESS(6,2),":",ADDRESS(5+AO42,2))),0)))+INDIRECT(_xlfn.TEXTJOIN("",TRUE,"TC_",AQ42,"!",ADDRESS(5+A42*(AR42+9),12))) -> #N/A | AL42: =IF(INDIRECT(_xlfn.TEXTJOIN("",TRUE,"TC_",AQ42,"!",ADDRESS(4+A42*(AR42+9),23))),SUM(INDIRECT(_xlfn.TEXTJOIN("",TRUE,"TC_",AQ42,"!",ADDRESS(4+A42*(AR42+9)-AR42,23),":",ADDRESS(3+A42*(AR42+9),23)))),0) -> 0 | AM42: =IF(LEFT(B42,1)="7",AJ42/$AK$4,AJ42/$AK$3) -> #N/A | AN42: =AN41 -> II | AO42: =AO41 -> 25 | AP42: =AP41 -> 10 | AQ42: =AQ41 -> III | AR42: =AR41 -> 8
... AJ44: =IF(LEFT(B44,1)="7",0,INDEX(INDIRECT(_xlfn.TEXTJOIN("",TRUE,"SEM_",AN44,"!",ADDRESS(6,5+AP44*3+1),":",ADDRESS(5+AO44,5+AP44*3+1))),MATCH(B44,INDIRECT(_xlfn.TEXTJOIN("",TRUE,"SEM_",AN44,"!",ADDRESS(6,2),":",ADDRESS(5+AO44,2))),0)))+INDIRECT(_xlfn.TEXTJOIN("",TRUE,"TC_",AQ44,"!",ADDRESS(4+A44*(AR44+9),13))) -> #N/A | AK44: =IF(LEFT(B44,1)="7",0,INDEX(INDIRECT(_xlfn.TEXTJOIN("",TRUE,"SEM_",AN44,"!",ADDRESS(6,5+AP44*3+2),":",ADDRESS(5+AO44,5+AP44*3+2))),MATCH(B44,INDIRECT(_xlfn.TEXTJOIN("",TRUE,"SEM_",AN44,"!",ADDRESS(6,2),":",ADDRESS(5+AO44,2))),0)))+INDIRECT(_xlfn.TEXTJOIN("",TRUE,"TC_",AQ44,"!",ADDRESS(5+A44*(AR44+9),12))) -> #N/A | AL44: =IF(INDIRECT(_xlfn.TEXTJOIN("",TRUE,"TC_",AQ44,"!",ADDRESS(4+A44*(AR44+9),23))),SUM(INDIRECT(_xlfn.TEXTJOIN("",TRUE,"TC_",AQ44,"!",ADDRESS(4+A44*(AR44+9)-AR44,23),":",ADDRESS(3+A44*(AR44+9),23)))),0) -> 0 | AM44: =IF(LEFT(B44,1)="7",AJ44/$AK$4,AJ44/$AK$3) -> #N/A | AN44: =AN43 -> II | AO44: =AO43 -> 25 | AP44: =AP43 -> 10 | AQ44: =AQ43 -> III | AR44: =AR43 -> 8

Sheet SEM_IV
A1: SC | B1: Roll No. | C1: Enroll No. | D1: Student's Name | E1: Father's Name | F1: CAT 022 | I1: CAT 026 | L1: CAT 027 | O1: CAT 030 | R1: AHT 411 | X1: CAP 011 | AA1: CAP 012 | AG1: CAP 013 | AJ1: TGP | AK1: EC | AL1: Grace | AM1: CGPA
A2: SN | F2: Network Security | I2: Data Science | L2: Machine Learning | O2: Software Testing & Quality Assurance | R2: Digital Marketing | X2: Network Security Lab | AA2: Digital Marketing Lab | AG2: Major Project
A3: C | F3: 4 | I3: 4 | L3: 4 | O3: 4 | R3: 4 | X3: 1 | AA3: 1 | AG3: 6 | AK3: =INDIRECT(_xlfn.TEXTJOIN("",TRUE,"SEM_",AN6,"!",ADDRESS(3,5+AP6*3+2)))+SUM(F3:AI3)-4 -> 96
F4: Th. Ex. | G4: Ses. | H4: Total | I4: Th. Ex. | J4: Ses. | K4: Total | L4: Th. Ex. | M4: Ses. | N4: Total | O4: Th. Ex. | P4: Ses. | Q4: Total | R4: Th. Ex. | S4: Ses. | T4: Total | X4: Pr. Ex. | Y4: Ses. | Z4: Total | AA4: Pr. Ex. | AB4: Ses. | AC4: Total | AG4: Pr. Ex. | AH4: Ses. | AI4: Total | AK4: =INDIRECT(_xlfn.TEXTJOIN("",TRUE,"SEM_",AN6,"!",ADDRESS(4,5+AP6*3+2)))+SUM(F3:AI3)-4 -> 48
A5: MM | F5: 100 | G5: 50 | H5: 150 | I5: 100 | J5: 50 | K5: 150 | L5: 100 | M5: 50 | N5: 150 | O5: 100 | P5: 50 | Q5: 150 | R5: 100 | S5: 50 | T5: 150 | X5: 30 | Y5: 20 | Z5: 50 | AA5: 30 | AB5: 20 | AC5: 50 | AG5: 200 | AH5: 100 | AI5: 300
A6: 1 | B6: 240090600001 | C6: UTU/2406100187 | D6: ALOK NEGI | E6: PRATAP SINGH NEGI | AJ6: =IF(LEFT(B6,1)="7",0,INDEX(INDIRECT(_xlfn.TEXTJOIN("",TRUE,"SEM_",AN6,"!",ADDRESS(6,5+AP6*3+1),":",ADDRESS(5+AO6,5+AP6*3+1))),MATCH(B6,INDIRECT(_xlfn.TEXTJOIN("",TRUE,"SEM_",AN6,"!",ADDRESS(6,2),":",ADDRESS(5+AO6,2))),0)))+INDIRECT(_xlfn.TEXTJOIN("",TRUE,"TC_",AQ6,"!",ADDRESS(4+A6*(AR6+9),13))) -> #N/A | AK6: =IF(LEFT(B6,1)="7",0,INDEX(INDIRECT(_xlfn.TEXTJOIN("",TRUE,"SEM_",AN6,"!",ADDRESS(6,5+AP6*3+2),":",ADDRESS(5+AO6,5+AP6*3+2))),MATCH(B6,INDIRECT(_xlfn.TEXTJOIN("",TRUE,"SEM_",AN6,"!",ADDRESS(6,2),":",ADDRESS(5+AO6,2))),0)))+INDIRECT(_xlfn.TEXTJOIN("",TRUE,"TC_",AQ6,"!",ADDRESS(5+A6*(AR6+9),12))) -> #N/A | AL6: =IF(INDIRECT(_xlfn.TEXTJOIN("",TRUE,"TC_",AQ6,"!",ADDRESS(4+A6*(AR6+9),23))),SUM(INDIRECT(_xlfn.TEXTJOIN("",TRUE,"TC_",AQ6,"!",ADDRESS(4+A6*(AR6+9)-AR6,23),":",ADDRESS(3+A6*(AR6+9),23)))),0) -> 0 | AM6: =IF(LEFT(B6,1)="7",AJ6/$AK$4,AJ6/$AK$3) -> #N/A | AN6: III | AO6: 25 | AP6: 10 | AQ6: IV | AR6: 7
A7: 2 | B7: 240090600002 | C7: UTU/2406100171 | D7: AMAN POKHRIYAL | E7: VINOD PRASSAD POKHRIYAL | AJ7: =IF(LEFT(B7,1)="7",0,INDEX(INDIRECT(_xlfn.TEXTJOIN("",TRUE,"SEM_",AN7,"!",ADDRESS(6,5+AP7*3+1),":",ADDRESS(5+AO7,5+AP7*3+1))),MATCH(B7,INDIRECT(_xlfn.TEXTJOIN("",TRUE,"SEM_",AN7,"!",ADDRESS(6,2),":",ADDRESS(5+AO7,2))),0)))+INDIRECT(_xlfn.TEXTJOIN("",TRUE,"TC_",AQ7,"!",ADDRESS(4+A7*(AR7+9),13))) -> #N/A | AK7: =IF(LEFT(B7,1)="7",0,INDEX(INDIRECT(_xlfn.TEXTJOIN("",TRUE,"SEM_",AN7,"!",ADDRESS(6,5+AP7*3+2),":",ADDRESS(5+AO7,5+AP7*3+2))),MATCH(B7,INDIRECT(_xlfn.TEXTJOIN("",TRUE,"SEM_",AN7,"!",ADDRESS(6,2),":",ADDRESS(5+AO7,2))),0)))+INDIRECT(_xlfn.TEXTJOIN("",TRUE,"TC_",AQ7,"!",ADDRESS(5+A7*(AR7+9),12))) -> #N/A | AL7: =IF(INDIRECT(_xlfn.TEXTJOIN("",TRUE,"TC_",AQ7,"!",ADDRESS(4+A7*(AR7+9),23))),SUM(INDIRECT(_xlfn.TEXTJOIN("",TRUE,"TC_",AQ7,"!",ADDRESS(4+A7*(AR7+9)-AR7,23),":",ADDRESS(3+A7*(AR7+9),23)))),0) -> 0 | AM7: =IF(LEFT(B7,1)="7",AJ7/$AK$4,AJ7/$AK$3) -> #N/A | AN7: =AN6 -> III | AO7: =AO6 -> 25 | AP7: =AP6 -> 10 | AQ7: =AQ6 -> IV | AR7: =AR6 -> 7
A8: 3 | B8: 240090600003 | C8: UTU/2406100173 | D8: ANAS SAIFI | E8: SALMUDDIN SAIFI | AJ8: =IF(LEFT(B8,1)="7",0,INDEX(INDIRECT(_xlfn.TEXTJOIN("",TRUE,"SEM_",AN8,"!",ADDRESS(6,5+AP8*3+1),":",ADDRESS(5+AO8,5+AP8*3+1))),MATCH(B8,INDIRECT(_xlfn.TEXTJOIN("",TRUE,"SEM_",AN8,"!",ADDRESS(6,2),":",ADDRESS(5+AO8,2))),0)))+INDIRECT(_xlfn.TEXTJOIN("",TRUE,"TC_",AQ8,"!",ADDRESS(4+A8*(AR8+9),13))) -> #N/A | AK8: =IF(LEFT(B8,1)="7",0,INDEX(INDIRECT(_xlfn.TEXTJOIN("",TRUE,"SEM_",AN8,"!",ADDRESS(6,5+AP8*3+2),":",ADDRESS(5+AO8,5+AP8*3+2))),MATCH(B8,INDIRECT(_xlfn.TEXTJOIN("",TRUE,"SEM_",AN8,"!",ADDRESS(6,2),":",ADDRESS(5+AO8,2))),0)))+INDIRECT(_xlfn.TEXTJOIN("",TRUE,"TC_",AQ8,"!",ADDRESS(5+A8*(AR8+9),12))) -> #N/A | AL8: =IF(INDIRECT(_xlfn.TEXTJOIN("",TRUE,"TC_",AQ8,"!",ADDRESS(4+A8*(AR8+9),23))),SUM(INDIRECT(_xlfn.TEXTJOIN("",TRUE,"TC_",AQ8,"!",ADDRESS(4+A8*(AR8+9)-AR8,23),":",ADDRESS(3+A8*(AR8+9),23)))),0) -> 0 | AM8: =IF(LEFT(B8,1)="7",AJ8/$AK$4,AJ8/$AK$3) -> #N/A | AN8: =AN7 -> III | AO8: =AO7 -> 25 | AP8: =AP7 -> 10 | AQ8: =AQ7 -> IV | AR8: =AR7 -> 7
A9: 4 | B9: 240090600004 | C9: UTU/2406100161 | D9: ANJALI GUSAIN | E9: JAIBEER SINGH GUSAIN | AJ9: =IF(LEFT(B9,1)="7",0,INDEX(INDIRECT(_xlfn.TEXTJOIN("",TRUE,"SEM_",AN9,"!",ADDRESS(6,5+AP9*3+1),":",ADDRESS(5+AO9,5+AP9*3+1))),MATCH(B9,INDIRECT(_xlfn.TEXTJOIN("",TRUE,"SEM_",AN9,"!",ADDRESS(6,2),":",ADDRESS(5+AO9,2))),0)))+INDIRECT(_xlfn.TEXTJOIN("",TRUE,"TC_",AQ9,"!",ADDRESS(4+A9*(AR9+9),13))) -> #N/A | AK9: =IF(LEFT(B9,1)="7",0,INDEX(INDIRECT(_xlfn.TEXTJOIN("",TRUE,"SEM_",AN9,"!",ADDRESS(6,5+AP9*3+2),":",ADDRESS(5+AO9,5+AP9*3+2))),MATCH(B9,INDIRECT(_xlfn.TEXTJOIN("",TRUE,"SEM_",AN9,"!",ADDRESS(6,2),":",ADDRESS(5+AO9,2))),0)))+INDIRECT(_xlfn.TEXTJOIN("",TRUE,"TC_",AQ9,"!",ADDRESS(5+A9*(AR9+9),12))) -> #N/A | AL9: =IF(INDIRECT(_xlfn.TEXTJOIN("",TRUE,"TC_",AQ9,"!",ADDRESS(4+A9*(AR9+9),23))),SUM(INDIRECT(_xlfn.TEXTJOIN("",TRUE,"TC_",AQ9,"!",ADDRESS(4+A9*(AR9+9)-AR9,23),":",ADDRESS(3+A9*(AR9+9),23)))),0) -> 0 | AM9: =IF(LEFT(B9,1)="7",AJ9/$AK$4,AJ9/$AK$3) -> #N/A | AN9: =AN8 -> III | AO9: =AO8 -> 25 | AP9: =AP8 -> 10 | AQ9: =AQ8 -> IV | AR9: =AR8 -> 7
A10: 5 | B10: 240090600005 | C10: UTU/2406100178 | D10: ANJALI PATWAL | E10: SANJAY SINGH PATWAL | AJ10: =IF(LEFT(B10,1)="7",0,INDEX(INDIRECT(_xlfn.TEXTJOIN("",TRUE,"SEM_",AN10,"!",ADDRESS(6,5+AP10*3+1),":",ADDRESS(5+AO10,5+AP10*3+1))),MATCH(B10,INDIRECT(_xlfn.TEXTJOIN("",TRUE,"SEM_",AN10,"!",ADDRESS(6,2),":",ADDRESS(5+AO10,2))),0)))+INDIRECT(_xlfn.TEXTJOIN("",TRUE,"TC_",AQ10,"!",ADDRESS(4+A10*(AR10+9),13))) -> #N/A | AK10: =IF(LEFT(B10,1)="7",0,INDEX(INDIRECT(_xlfn.TEXTJOIN("",TRUE,"SEM_",AN10,"!",ADDRESS(6,5+AP10*3+2),":",ADDRESS(5+AO10,5+AP10*3+2))),MATCH(B10,INDIRECT(_xlfn.TEXTJOIN("",TRUE,"SEM_",AN10,"!",ADDRESS(6,2),":",ADDRESS(5+AO10,2))),0)))+INDIRECT(_xlfn.TEXTJOIN("",TRUE,"TC_",AQ10,"!",ADDRESS(5+A10*(AR10+9),12))) -> #N/A | AL10: =IF(INDIRECT(_xlfn.TEXTJOIN("",TRUE,"TC_",AQ10,"!",ADDRESS(4+A10*(AR10+9),23))),SUM(INDIRECT(_xlfn.TEXTJOIN("",TRUE,"TC_",AQ10,"!",ADDRESS(4+A10*(AR10+9)-AR10,23),":",ADDRESS(3+A10*(AR10+9),23)))),0) -> 0 | AM10: =IF(LEFT(B10,1)="7",AJ10/$AK$4,AJ10/$AK$3) -> #N/A | AN10: =AN9 -> III | AO10: =AO9 -> 25 | AP10: =AP9 -> 10 | AQ10: =AQ9 -> IV | AR10: =AR9 -> 7
A11: 6 | B11: 240090600006 | C11: UTU/2406100179 | D11: ASMIT BHATT | E11: JANARDHAN BHATT | AJ11: =IF(LEFT(B11,1)="7",0,INDEX(INDIRECT(_xlfn.TEXTJOIN("",TRUE,"SEM_",AN11,"!",ADDRESS(6,5+AP11*3+1),":",ADDRESS(5+AO11,5+AP11*3+1))),MATCH(B11,INDIRECT(_xlfn.TEXTJOIN("",TRUE,"SEM_",AN11,"!",ADDRESS(6,2),":",ADDRESS(5+AO11,2))),0)))+INDIRECT(_xlfn.TEXTJOIN("",TRUE,"TC_",AQ11,"!",ADDRESS(4+A11*(AR11+9),13))) -> #N/A | AK11: =IF(LEFT(B11,1)="7",0,INDEX(INDIRECT(_xlfn.TEXTJOIN("",TRUE,"SEM_",AN11,"!",ADDRESS(6,5+AP11*3+2),":",ADDRESS(5+AO11,5+AP11*3+2))),MATCH(B11,INDIRECT(_xlfn.TEXTJOIN("",TRUE,"SEM_",AN11,"!",ADDRESS(6,2),":",ADDRESS(5+AO11,2))),0)))+INDIRECT(_xlfn.TEXTJOIN("",TRUE,"TC_",AQ11,"!",ADDRESS(5+A11*(AR11+9),12))) -> #N/A | AL11: =IF(INDIRECT(_xlfn.TEXTJOIN("",TRUE,"TC_",AQ11,"!",ADDRESS(4+A11*(AR11+9),23))),SUM(INDIRECT(_xlfn.TEXTJOIN("",TRUE,"TC_",AQ11,"!",ADDRESS(4+A11*(AR11+9)-AR11,23),":",ADDRESS(3+A11*(AR11+9),23)))),0) -> 0 | AM11: =IF(LEFT(B11,1)="7",AJ11/$AK$4,AJ11/$AK$3) -> #N/A | AN11: =AN10 -> III | AO11: =AO10 -> 25 | AP11: =AP10 -> 10 | AQ11: =AQ10 -> IV | AR11: =AR10 -> 7
A12: 7 | B12: 240090600007 | C12: UTU/2406100174 | D12: AYUSH MAURYA | E12: BABU RAM | AJ12: =IF(LEFT(B12,1)="7",0,INDEX(INDIRECT(_xlfn.TEXTJOIN("",TRUE,"SEM_",AN12,"!",ADDRESS(6,5+AP12*3+1),":",ADDRESS(5+AO12,5+AP12*3+1))),MATCH(B12,INDIRECT(_xlfn.TEXTJOIN("",TRUE,"SEM_",AN12,"!",ADDRESS(6,2),":",ADDRESS(5+AO12,2))),0)))+INDIRECT(_xlfn.TEXTJOIN("",TRUE,"TC_",AQ12,"!",ADDRESS(4+A12*(AR12+9),13))) -> #N/A | AK12: =IF(LEFT(B12,1)="7",0,INDEX(INDIRECT(_xlfn.TEXTJOIN("",TRUE,"SEM_",AN12,"!",ADDRESS(6,5+AP12*3+2),":",ADDRESS(5+AO12,5+AP12*3+2))),MATCH(B12,INDIRECT(_xlfn.TEXTJOIN("",TRUE,"SEM_",AN12,"!",ADDRESS(6,2),":",ADDRESS(5+AO12,2))),0)))+INDIRECT(_xlfn.TEXTJOIN("",TRUE,"TC_",AQ12,"!",ADDRESS(5+A12*(AR12+9),12))) -> #N/A | AL12: =IF(INDIRECT(_xlfn.TEXTJOIN("",TRUE,"TC_",AQ12,"!",ADDRESS(4+A12*(AR12+9),23))),SUM(INDIRECT(_xlfn.TEXTJOIN("",TRUE,"TC_",AQ12,"!",ADDRESS(4+A12*(AR12+9)-AR12,23),":",ADDRESS(3+A12*(AR12+9),23)))),0) -> 0 | AM12: =IF(LEFT(B12,1)="7",AJ12/$AK$4,AJ12/$AK$3) -> #N/A | AN12: =AN11 -> III | AO12: =AO11 -> 25 | AP12: =AP11 -> 10 | AQ12: =AQ11 -> IV | AR12: =AR11 -> 7
A13: 8 | B13: 240090600008 | C13: UTU/2406100183 | D13: AYUSH RAWAT | E13: MUKESH RAWAT | AJ13: =IF(LEFT(B13,1)="7",0,INDEX(INDIRECT(_xlfn.TEXTJOIN("",TRUE,"SEM_",AN13,"!",ADDRESS(6,5+AP13*3+1),":",ADDRESS(5+AO13,5+AP13*3+1))),MATCH(B13,INDIRECT(_xlfn.TEXTJOIN("",TRUE,"SEM_",AN13,"!",ADDRESS(6,2),":",ADDRESS(5+AO13,2))),0)))+INDIRECT(_xlfn.TEXTJOIN("",TRUE,"TC_",AQ13,"!",ADDRESS(4+A13*(AR13+9),13))) -> #N/A | AK13: =IF(LEFT(B13,1)="7",0,INDEX(INDIRECT(_xlfn.TEXTJOIN("",TRUE,"SEM_",AN13,"!",ADDRESS(6,5+AP13*3+2),":",ADDRESS(5+AO13,5+AP13*3+2))),MATCH(B13,INDIRECT(_xlfn.TEXTJOIN("",TRUE,"SEM_",AN13,"!",ADDRESS(6,2),":",ADDRESS(5+AO13,2))),0)))+INDIRECT(_xlfn.TEXTJOIN("",TRUE,"TC_",AQ13,"!",ADDRESS(5+A13*(AR13+9),12))) -> #N/A | AL13: =IF(INDIRECT(_xlfn.TEXTJOIN("",TRUE,"TC_",AQ13,"!",ADDRESS(4+A13*(AR13+9),23))),SUM(INDIRECT(_xlfn.TEXTJOIN("",TRUE,"TC_",AQ13,"!",ADDRESS(4+A13*(AR13+9)-AR13,23),":",ADDRESS(3+A13*(AR13+9),23)))),0) -> 0 | AM13: =IF(LEFT(B13,1)="7",AJ13/$AK$4,AJ13/$AK$3) -> #N/A | AN13: =AN12 -> III | AO13: =AO12 -> 25 | AP13: =AP12 -> 10 | AQ13: =AQ12 -> IV | AR13: =AR12 -> 7
A14: 9 | B14: 240090600009 | C14: UTU/2406100172 | D14: CHIRAG KASHYAP | E14: NARENDRA SINGH | AJ14: =IF(LEFT(B14,1)="7",0,INDEX(INDIRECT(_xlfn.TEXTJOIN("",TRUE,"SEM_",AN14,"!",ADDRESS(6,5+AP14*3+1),":",ADDRESS(5+AO14,5+AP14*3+1))),MATCH(B14,INDIRECT(_xlfn.TEXTJOIN("",TRUE,"SEM_",AN14,"!",ADDRESS(6,2),":",ADDRESS(5+AO14,2))),0)))+INDIRECT(_xlfn.TEXTJOIN("",TRUE,"TC_",AQ14,"!",ADDRESS(4+A14*(AR14+9),13))) -> #N/A | AK14: =IF(LEFT(B14,1)="7",0,INDEX(INDIRECT(_xlfn.TEXTJOIN("",TRUE,"SEM_",AN14,"!",ADDRESS(6,5+AP14*3+2),":",ADDRESS(5+AO14,5+AP14*3+2))),MATCH(B14,INDIRECT(_xlfn.TEXTJOIN("",TRUE,"SEM_",AN14,"!",ADDRESS(6,2),":",ADDRESS(5+AO14,2))),0)))+INDIRECT(_xlfn.TEXTJOIN("",TRUE,"TC_",AQ14,"!",ADDRESS(5+A14*(AR14+9),12))) -> #N/A | AL14: =IF(INDIRECT(_xlfn.TEXTJOIN("",TRUE,"TC_",AQ14,"!",ADDRESS(4+A14*(AR14+9),23))),SUM(INDIRECT(_xlfn.TEXTJOIN("",TRUE,"TC_",AQ14,"!",ADDRESS(4+A14*(AR14+9)-AR14,23),":",ADDRESS(3+A14*(AR14+9),23)))),0) -> 0 | AM14: =IF(LEFT(B14,1)="7",AJ14/$AK$4,AJ14/$AK$3) -> #N/A | AN14: =AN13 -> III | AO14: =AO13 -> 25 | AP14: =AP13 -> 10 | AQ14: =AQ13 -> IV | AR14: =AR13 -> 7
A15: 10 | B15: 240090600010 | C15: UTU/2406100181 | D15: DEVENDRA SINGH RANA | E15: DHYAN SINGH RANA | AJ15: =IF(LEFT(B15,1)="7",0,INDEX(INDIRECT(_xlfn.TEXTJOIN("",TRUE,"SEM_",AN15,"!",ADDRESS(6,5+AP15*3+1),":",ADDRESS(5+AO15,5+AP15*3+1))),MATCH(B15,INDIRECT(_xlfn.TEXTJOIN("",TRUE,"SEM_",AN15,"!",ADDRESS(6,2),":",ADDRESS(5+AO15,2))),0)))+INDIRECT(_xlfn.TEXTJOIN("",TRUE,"TC_",AQ15,"!",ADDRESS(4+A15*(AR15+9),13))) -> #N/A | AK15: =IF(LEFT(B15,1)="7",0,INDEX(INDIRECT(_xlfn.TEXTJOIN("",TRUE,"SEM_",AN15,"!",ADDRESS(6,5+AP15*3+2),":",ADDRESS(5+AO15,5+AP15*3+2))),MATCH(B15,INDIRECT(_xlfn.TEXTJOIN("",TRUE,"SEM_",AN15,"!",ADDRESS(6,2),":",ADDRESS(5+AO15,2))),0)))+INDIRECT(_xlfn.TEXTJOIN("",TRUE,"TC_",AQ15,"!",ADDRESS(5+A15*(AR15+9),12))) -> #N/A | AL15: =IF(INDIRECT(_xlfn.TEXTJOIN("",TRUE,"TC_",AQ15,"!",ADDRESS(4+A15*(AR15+9),23))),SUM(INDIRECT(_xlfn.TEXTJOIN("",TRUE,"TC_",AQ15,"!",ADDRESS(4+A15*(AR15+9)-AR15,23),":",ADDRESS(3+A15*(AR15+9),23)))),0) -> 0 | AM15: =IF(LEFT(B15,1)="7",AJ15/$AK$4,AJ15/$AK$3) -> #N/A | AN15: =AN14 -> III | AO15: =AO14 -> 25 | AP15: =AP14 -> 10 | AQ15: =AQ14 -> IV | AR15: =AR14 -> 7
A16: 11 | B16: 240090600011 | C16: UTU/2406100185 | D16: DIKSHA PHARTYAL | E16: UPENDRA SINGH PHARTYAL | AJ16: =IF(LEFT(B16,1)="7",0,INDEX(INDIRECT(_xlfn.TEXTJOIN("",TRUE,"SEM_",AN16,"!",ADDRESS(6,5+AP16*3+1),":",ADDRESS(5+AO16,5+AP16*3+1))),MATCH(B16,INDIRECT(_xlfn.TEXTJOIN("",TRUE,"SEM_",AN16,"!",ADDRESS(6,2),":",ADDRESS(5+AO16,2))),0)))+INDIRECT(_xlfn.TEXTJOIN("",TRUE,"TC_",AQ16,"!",ADDRESS(4+A16*(AR16+9),13))) -> #N/A | AK16: =IF(LEFT(B16,1)="7",0,INDEX(INDIRECT(_xlfn.TEXTJOIN("",TRUE,"SEM_",AN16,"!",ADDRESS(6,5+AP16*3+2),":",ADDRESS(5+AO16,5+AP16*3+2))),MATCH(B16,INDIRECT(_xlfn.TEXTJOIN("",TRUE,"SEM_",AN16,"!",ADDRESS(6,2),":",ADDRESS(5+AO16,2))),0)))+INDIRECT(_xlfn.TEXTJOIN("",TRUE,"TC_",AQ16,"!",ADDRESS(5+A16*(AR16+9),12))) -> #N/A | AL16: =IF(INDIRECT(_xlfn.TEXTJOIN("",TRUE,"TC_",AQ16,"!",ADDRESS(4+A16*(AR16+9),23))),SUM(INDIRECT(_xlfn.TEXTJOIN("",TRUE,"TC_",AQ16,"!",ADDRESS(4+A16*(AR16+9)-AR16,23),":",ADDRESS(3+A16*(AR16+9),23)))),0) -> 0 | AM16: =IF(LEFT(B16,1)="7",AJ16/$AK$4,AJ16/$AK$3) -> #N/A | AN16: =AN15 -> III | AO16: =AO15 -> 25 | AP16: =AP15 -> 10 | AQ16: =AQ15 -> IV | AR16: =AR15 -> 7
A17: 12 | B17: 240090600012 | C17: UTU/2406100182 | D17: KAMAL SINGH BISHT | E17: SHIV SINGH BISHT | AJ17: =IF(LEFT(B17,1)="7",0,INDEX(INDIRECT(_xlfn.TEXTJOIN("",TRUE,"SEM_",AN17,"!",ADDRESS(6,5+AP17*3+1),":",ADDRESS(5+AO17,5+AP17*3+1))),MATCH(B17,INDIRECT(_xlfn.TEXTJOIN("",TRUE,"SEM_",AN17,"!",ADDRESS(6,2),":",ADDRESS(5+AO17,2))),0)))+INDIRECT(_xlfn.TEXTJOIN("",TRUE,"TC_",AQ17,"!",ADDRESS(4+A17*(AR17+9),13))) -> #N/A | AK17: =IF(LEFT(B17,1)="7",0,INDEX(INDIRECT(_xlfn.TEXTJOIN("",TRUE,"SEM_",AN17,"!",ADDRESS(6,5+AP17*3+2),":",ADDRESS(5+AO17,5+AP17*3+2))),MATCH(B17,INDIRECT(_xlfn.TEXTJOIN("",TRUE,"SEM_",AN17,"!",ADDRESS(6,2),":",ADDRESS(5+AO17,2))),0)))+INDIRECT(_xlfn.TEXTJOIN("",TRUE,"TC_",AQ17,"!",ADDRESS(5+A17*(AR17+9),12))) -> #N/A | AL17: =IF(INDIRECT(_xlfn.TEXTJOIN("",TRUE,"TC_",AQ17,"!",ADDRESS(4+A17*(AR17+9),23))),SUM(INDIRECT(_xlfn.TEXTJOIN("",TRUE,"TC_",AQ17,"!",ADDRESS(4+A17*(AR17+9)-AR17,23),":",ADDRESS(3+A17*(AR17+9),23)))),0) -> 0 | AM17: =IF(LEFT(B17,1)="7",AJ17/$AK$4,AJ17/$AK$3) -> #N/A | AN17: =AN16 -> III | AO17: =AO16 -> 25 | AP17: =AP16 -> 10 | AQ17: =AQ16 -> IV | AR17: =AR16 -> 7
A18: 13 | B18: 240090600013 | C18: UTU/2406100175 | D18: KRISHNA BHATT | E18: HARENDRA PRASAD BHATT | AJ18: =IF(LEFT(B18,1)="7",0,INDEX(INDIRECT(_xlfn.TEXTJOIN("",TRUE,"SEM_",AN18,"!",ADDRESS(6,5+AP18*3+1),":",ADDRESS(5+AO18,5+AP18*3+1))),MATCH(B18,INDIRECT(_xlfn.TEXTJOIN("",TRUE,"SEM_",AN18,"!",ADDRESS(6,2),":",ADDRESS(5+AO18,2))),0)))+INDIRECT(_xlfn.TEXTJOIN("",TRUE,"TC_",AQ18,"!",ADDRESS(4+A18*(AR18+9),13))) -> #N/A | AK18: =IF(LEFT(B18,1)="7",0,INDEX(INDIRECT(_xlfn.TEXTJOIN("",TRUE,"SEM_",AN18,"!",ADDRESS(6,5+AP18*3+2),":",ADDRESS(5+AO18,5+AP18*3+2))),MATCH(B18,INDIRECT(_xlfn.TEXTJOIN("",TRUE,"SEM_",AN18,"!",ADDRESS(6,2),":",ADDRESS(5+AO18,2))),0)))+INDIRECT(_xlfn.TEXTJOIN("",TRUE,"TC_",AQ18,"!",ADDRESS(5+A18*(AR18+9),12))) -> #N/A | AL18: =IF(INDIRECT(_xlfn.TEXTJOIN("",TRUE,"TC_",AQ18,"!",ADDRESS(4+A18*(AR18+9),23))),SUM(INDIRECT(_xlfn.TEXTJOIN("",TRUE,"TC_",AQ18,"!",ADDRESS(4+A18*(AR18+9)-AR18,23),":",ADDRESS(3+A18*(AR18+9),23)))),0) -> 0 | AM18: =IF(LEFT(B18,1)="7",AJ18/$AK$4,AJ18/$AK$3) -> #N/A | AN18: =AN17 -> III | AO18: =AO17 -> 25 | AP18: =AP17 -> 10 | AQ18: =AQ17 -> IV | AR18: =AR17 -> 7
... A30: 25 | B30: 240090600025 | C30: UTU/2406100189 | D30: SURAJ SINGH BISHT | E30: KHUSHAL SINGH | AJ30: =IF(LEFT(B30,1)="7",0,INDEX(INDIRECT(_xlfn.TEXTJOIN("",TRUE,"SEM_",AN30,"!",ADDRESS(6,5+AP30*3+1),":",ADDRESS(5+AO30,5+AP30*3+1))),MATCH(B30,INDIRECT(_xlfn.TEXTJOIN("",TRUE,"SEM_",AN30,"!",ADDRESS(6,2),":",ADDRESS(5+AO30,2))),0)))+INDIRECT(_xlfn.TEXTJOIN("",TRUE,"TC_",AQ30,"!",ADDRESS(4+A30*(AR30+9),13))) -> #N/A | AK30: =IF(LEFT(B30,1)="7",0,INDEX(INDIRECT(_xlfn.TEXTJOIN("",TRUE,"SEM_",AN30,"!",ADDRESS(6,5+AP30*3+2),":",ADDRESS(5+AO30,5+AP30*3+2))),MATCH(B30,INDIRECT(_xlfn.TEXTJOIN("",TRUE,"SEM_",AN30,"!",ADDRESS(6,2),":",ADDRESS(5+AO30,2))),0)))+INDIRECT(_xlfn.TEXTJOIN("",TRUE,"TC_",AQ30,"!",ADDRESS(5+A30*(AR30+9),12))) -> #N/A | AL30: =IF(INDIRECT(_xlfn.TEXTJOIN("",TRUE,"TC_",AQ30,"!",ADDRESS(4+A30*(AR30+9),23))),SUM(INDIRECT(_xlfn.TEXTJOIN("",TRUE,"TC_",AQ30,"!",ADDRESS(4+A30*(AR30+9)-AR30,23),":",ADDRESS(3+A30*(AR30+9),23)))),0) -> 0 | AM30: =IF(LEFT(B30,1)="7",AJ30/$AK$4,AJ30/$AK$3) -> #N/A | AN30: =AN29 -> III | AO30: =AO29 -> 25 | AP30: =AP29 -> 10 | AQ30: =AQ29 -> IV | AR30: =AR29 -> 7
AJ31: =IF(LEFT(B31,1)="7",0,INDEX(INDIRECT(_xlfn.TEXTJOIN("",TRUE,"SEM_",AN31,"!",ADDRESS(6,5+AP31*3+1),":",ADDRESS(5+AO31,5+AP31*3+1))),MATCH(B31,INDIRECT(_xlfn.TEXTJOIN("",TRUE,"SEM_",AN31,"!",ADDRESS(6,2),":",ADDRESS(5+AO31,2))),0)))+INDIRECT(_xlfn.TEXTJOIN("",TRUE,"TC_",AQ31,"!",ADDRESS(4+A31*(AR31+9),13))) -> #N/A | AK31: =IF(LEFT(B31,1)="7",0,INDEX(INDIRECT(_xlfn.TEXTJOIN("",TRUE,"SEM_",AN31,"!",ADDRESS(6,5+AP31*3+2),":",ADDRESS(5+AO31,5+AP31*3+2))),MATCH(B31,INDIRECT(_xlfn.TEXTJOIN("",TRUE,"SEM_",AN31,"!",ADDRESS(6,2),":",ADDRESS(5+AO31,2))),0)))+INDIRECT(_xlfn.TEXTJOIN("",TRUE,"TC_",AQ31,"!",ADDRESS(5+A31*(AR31+9),12))) -> #N/A | AL31: =IF(INDIRECT(_xlfn.TEXTJOIN("",TRUE,"TC_",AQ31,"!",ADDRESS(4+A31*(AR31+9),23))),SUM(INDIRECT(_xlfn.TEXTJOIN("",TRUE,"TC_",AQ31,"!",ADDRESS(4+A31*(AR31+9)-AR31,23),":",ADDRESS(3+A31*(AR31+9),23)))),0) -> 0 | AM31: =IF(LEFT(B31,1)="7",AJ31/$AK$4,AJ31/$AK$3) -> #N/A | AN31: =AN30 -> III | AO31: =AO30 -> 25 | AP31: =AP30 -> 10 | AQ31: =AQ30 -> IV | AR31: =AR30 -> 7
AJ32: =IF(LEFT(B32,1)="7",0,INDEX(INDIRECT(_xlfn.TEXTJOIN("",TRUE,"SEM_",AN32,"!",ADDRESS(6,5+AP32*3+1),":",ADDRESS(5+AO32,5+AP32*3+1))),MATCH(B32,INDIRECT(_xlfn.TEXTJOIN("",TRUE,"SEM_",AN32,"!",ADDRESS(6,2),":",ADDRESS(5+AO32,2))),0)))+INDIRECT(_xlfn.TEXTJOIN("",TRUE,"TC_",AQ32,"!",ADDRESS(4+A32*(AR32+9),13))) -> #N/A | AK32: =IF(LEFT(B32,1)="7",0,INDEX(INDIRECT(_xlfn.TEXTJOIN("",TRUE,"SEM_",AN32,"!",ADDRESS(6,5+AP32*3+2),":",ADDRESS(5+AO32,5+AP32*3+2))),MATCH(B32,INDIRECT(_xlfn.TEXTJOIN("",TRUE,"SEM_",AN32,"!",ADDRESS(6,2),":",ADDRESS(5+AO32,2))),0)))+INDIRECT(_xlfn.TEXTJOIN("",TRUE,"TC_",AQ32,"!",ADDRESS(5+A32*(AR32+9),12))) -> #N/A | AL32: =IF(INDIRECT(_xlfn.TEXTJOIN("",TRUE,"TC_",AQ32,"!",ADDRESS(4+A32*(AR32+9),23))),SUM(INDIRECT(_xlfn.TEXTJOIN("",TRUE,"TC_",AQ32,"!",ADDRESS(4+A32*(AR32+9)-AR32,23),":",ADDRESS(3+A32*(AR32+9),23)))),0) -> 0 | AM32: =IF(LEFT(B32,1)="7",AJ32/$AK$4,AJ32/$AK$3) -> #N/A | AN32: =AN31 -> III | AO32: =AO31 -> 25 | AP32: =AP31 -> 10 | AQ32: =AQ31 -> IV | AR32: =AR31 -> 7
AJ33: =IF(LEFT(B33,1)="7",0,INDEX(INDIRECT(_xlfn.TEXTJOIN("",TRUE,"SEM_",AN33,"!",ADDRESS(6,5+AP33*3+1),":",ADDRESS(5+AO33,5+AP33*3+1))),MATCH(B33,INDIRECT(_xlfn.TEXTJOIN("",TRUE,"SEM_",AN33,"!",ADDRESS(6,2),":",ADDRESS(5+AO33,2))),0)))+INDIRECT(_xlfn.TEXTJOIN("",TRUE,"TC_",AQ33,"!",ADDRESS(4+A33*(AR33+9),13))) -> #N/A | AK33: =IF(LEFT(B33,1)="7",0,INDEX(INDIRECT(_xlfn.TEXTJOIN("",TRUE,"SEM_",AN33,"!",ADDRESS(6,5+AP33*3+2),":",ADDRESS(5+AO33,5+AP33*3+2))),MATCH(B33,INDIRECT(_xlfn.TEXTJOIN("",TRUE,"SEM_",AN33,"!",ADDRESS(6,2),":",ADDRESS(5+AO33,2))),0)))+INDIRECT(_xlfn.TEXTJOIN("",TRUE,"TC_",AQ33,"!",ADDRESS(5+A33*(AR33+9),12))) -> #N/A | AL33: =IF(INDIRECT(_xlfn.TEXTJOIN("",TRUE,"TC_",AQ33,"!",ADDRESS(4+A33*(AR33+9),23))),SUM(INDIRECT(_xlfn.TEXTJOIN("",TRUE,"TC_",AQ33,"!",ADDRESS(4+A33*(AR33+9)-AR33,23),":",ADDRESS(3+A33*(AR33+9),23)))),0) -> 0 | AM33: =IF(LEFT(B33,1)="7",AJ33/$AK$4,AJ33/$AK$3) -> #N/A | AN33: =AN32 -> III | AO33: =AO32 -> 25 | AP33: =AP32 -> 10 | AQ33: =AQ32 -> IV | AR33: =AR32 -> 7
AJ34: =IF(LEFT(B34,1)="7",0,INDEX(INDIRECT(_xlfn.TEXTJOIN("",TRUE,"SEM_",AN34,"!",ADDRESS(6,5+AP34*3+1),":",ADDRESS(5+AO34,5+AP34*3+1))),MATCH(B34,INDIRECT(_xlfn.TEXTJOIN("",TRUE,"SEM_",AN34,"!",ADDRESS(6,2),":",ADDRESS(5+AO34,2))),0)))+INDIRECT(_xlfn.TEXTJOIN("",TRUE,"TC_",AQ34,"!",ADDRESS(4+A34*(AR34+9),13))) -> #N/A | AK34: =IF(LEFT(B34,1)="7",0,INDEX(INDIRECT(_xlfn.TEXTJOIN("",TRUE,"SEM_",AN34,"!",ADDRESS(6,5+AP34*3+2),":",ADDRESS(5+AO34,5+AP34*3+2))),MATCH(B34,INDIRECT(_xlfn.TEXTJOIN("",TRUE,"SEM_",AN34,"!",ADDRESS(6,2),":",ADDRESS(5+AO34,2))),0)))+INDIRECT(_xlfn.TEXTJOIN("",TRUE,"TC_",AQ34,"!",ADDRESS(5+A34*(AR34+9),12))) -> #N/A | AL34: =IF(INDIRECT(_xlfn.TEXTJOIN("",TRUE,"TC_",AQ34,"!",ADDRESS(4+A34*(AR34+9),23))),SUM(INDIRECT(_xlfn.TEXTJOIN("",TRUE,"TC_",AQ34,"!",ADDRESS(4+A34*(AR34+9)-AR34,23),":",ADDRESS(3+A34*(AR34+9),23)))),0) -> 0 | AM34: =IF(LEFT(B34,1)="7",AJ34/$AK$4,AJ34/$AK$3) -> #N/A | AN34: =AN33 -> III | AO34: =AO33 -> 25 | AP34: =AP33 -> 10 | AQ34: =AQ33 -> IV | AR34: =AR33 -> 7
AJ35: =IF(LEFT(B35,1)="7",0,INDEX(INDIRECT(_xlfn.TEXTJOIN("",TRUE,"SEM_",AN35,"!",ADDRESS(6,5+AP35*3+1),":",ADDRESS(5+AO35,5+AP35*3+1))),MATCH(B35,INDIRECT(_xlfn.TEXTJOIN("",TRUE,"SEM_",AN35,"!",ADDRESS(6,2),":",ADDRESS(5+AO35,2))),0)))+INDIRECT(_xlfn.TEXTJOIN("",TRUE,"TC_",AQ35,"!",ADDRESS(4+A35*(AR35+9),13))) -> #N/A | AK35: =IF(LEFT(B35,1)="7",0,INDEX(INDIRECT(_xlfn.TEXTJOIN("",TRUE,"SEM_",AN35,"!",ADDRESS(6,5+AP35*3+2),":",ADDRESS(5+AO35,5+AP35*3+2))),MATCH(B35,INDIRECT(_xlfn.TEXTJOIN("",TRUE,"SEM_",AN35,"!",ADDRESS(6,2),":",ADDRESS(5+AO35,2))),0)))+INDIRECT(_xlfn.TEXTJOIN("",TRUE,"TC_",AQ35,"!",ADDRESS(5+A35*(AR35+9),12))) -> #N/A | AL35: =IF(INDIRECT(_xlfn.TEXTJOIN("",TRUE,"TC_",AQ35,"!",ADDRESS(4+A35*(AR35+9),23))),SUM(INDIRECT(_xlfn.TEXTJOIN("",TRUE,"TC_",AQ35,"!",ADDRESS(4+A35*(AR35+9)-AR35,23),":",ADDRESS(3+A35*(AR35+9),23)))),0) -> 0 | AM35: =IF(LEFT(B35,1)="7",AJ35/$AK$4,AJ35/$AK$3) -> #N/A | AN35: =AN34 -> III | AO35: =AO34 -> 25 | AP35: =AP34 -> 10 | AQ35: =AQ34 -> IV | AR35: =AR34 -> 7
AJ36: =IF(LEFT(B36,1)="7",0,INDEX(INDIRECT(_xlfn.TEXTJOIN("",TRUE,"SEM_",AN36,"!",ADDRESS(6,5+AP36*3+1),":",ADDRESS(5+AO36,5+AP36*3+1))),MATCH(B36,INDIRECT(_xlfn.TEXTJOIN("",TRUE,"SEM_",AN36,"!",ADDRESS(6,2),":",ADDRESS(5+AO36,2))),0)))+INDIRECT(_xlfn.TEXTJOIN("",TRUE,"TC_",AQ36,"!",ADDRESS(4+A36*(AR36+9),13))) -> #N/A | AK36: =IF(LEFT(B36,1)="7",0,INDEX(INDIRECT(_xlfn.TEXTJOIN("",TRUE,"SEM_",AN36,"!",ADDRESS(6,5+AP36*3+2),":",ADDRESS(5+AO36,5+AP36*3+2))),MATCH(B36,INDIRECT(_xlfn.TEXTJOIN("",TRUE,"SEM_",AN36,"!",ADDRESS(6,2),":",ADDRESS(5+AO36,2))),0)))+INDIRECT(_xlfn.TEXTJOIN("",TRUE,"TC_",AQ36,"!",ADDRESS(5+A36*(AR36+9),12))) -> #N/A | AL36: =IF(INDIRECT(_xlfn.TEXTJOIN("",TRUE,"TC_",AQ36,"!",ADDRESS(4+A36*(AR36+9),23))),SUM(INDIRECT(_xlfn.TEXTJOIN("",TRUE,"TC_",AQ36,"!",ADDRESS(4+A36*(AR36+9)-AR36,23),":",ADDRESS(3+A36*(AR36+9),23)))),0) -> 0 | AM36: =IF(LEFT(B36,1)="7",AJ36/$AK$4,AJ36/$AK$3) -> #N/A | AN36: =AN35 -> III | AO36: =AO35 -> 25 | AP36: =AP35 -> 10 | AQ36: =AQ35 -> IV | AR36: =AR35 -> 7
AJ37: =IF(LEFT(B37,1)="7",0,INDEX(INDIRECT(_xlfn.TEXTJOIN("",TRUE,"SEM_",AN37,"!",ADDRESS(6,5+AP37*3+1),":",ADDRESS(5+AO37,5+AP37*3+1))),MATCH(B37,INDIRECT(_xlfn.TEXTJOIN("",TRUE,"SEM_",AN37,"!",ADDRESS(6,2),":",ADDRESS(5+AO37,2))),0)))+INDIRECT(_xlfn.TEXTJOIN("",TRUE,"TC_",AQ37,"!",ADDRESS(4+A37*(AR37+9),13))) -> #N/A | AK37: =IF(LEFT(B37,1)="7",0,INDEX(INDIRECT(_xlfn.TEXTJOIN("",TRUE,"SEM_",AN37,"!",ADDRESS(6,5+AP37*3+2),":",ADDRESS(5+AO37,5+AP37*3+2))),MATCH(B37,INDIRECT(_xlfn.TEXTJOIN("",TRUE,"SEM_",AN37,"!",ADDRESS(6,2),":",ADDRESS(5+AO37,2))),0)))+INDIRECT(_xlfn.TEXTJOIN("",TRUE,"TC_",AQ37,"!",ADDRESS(5+A37*(AR37+9),12))) -> #N/A | AL37: =IF(INDIRECT(_xlfn.TEXTJOIN("",TRUE,"TC_",AQ37,"!",ADDRESS(4+A37*(AR37+9),23))),SUM(INDIRECT(_xlfn.TEXTJOIN("",TRUE,"TC_",AQ37,"!",ADDRESS(4+A37*(AR37+9)-AR37,23),":",ADDRESS(3+A37*(AR37+9),23)))),0) -> 0 | AM37: =IF(LEFT(B37,1)="7",AJ37/$AK$4,AJ37/$AK$3) -> #N/A | AN37: =AN36 -> III | AO37: =AO36 -> 25 | AP37: =AP36 -> 10 | AQ37: =AQ36 -> IV | AR37: =AR36 -> 7
AJ38: =IF(LEFT(B38,1)="7",0,INDEX(INDIRECT(_xlfn.TEXTJOIN("",TRUE,"SEM_",AN38,"!",ADDRESS(6,5+AP38*3+1),":",ADDRESS(5+AO38,5+AP38*3+1))),MATCH(B38,INDIRECT(_xlfn.TEXTJOIN("",TRUE,"SEM_",AN38,"!",ADDRESS(6,2),":",ADDRESS(5+AO38,2))),0)))+INDIRECT(_xlfn.TEXTJOIN("",TRUE,"TC_",AQ38,"!",ADDRESS(4+A38*(AR38+9),13))) -> #N/A | AK38: =IF(LEFT(B38,1)="7",0,INDEX(INDIRECT(_xlfn.TEXTJOIN("",TRUE,"SEM_",AN38,"!",ADDRESS(6,5+AP38*3+2),":",ADDRESS(5+AO38,5+AP38*3+2))),MATCH(B38,INDIRECT(_xlfn.TEXTJOIN("",TRUE,"SEM_",AN38,"!",ADDRESS(6,2),":",ADDRESS(5+AO38,2))),0)))+INDIRECT(_xlfn.TEXTJOIN("",TRUE,"TC_",AQ38,"!",ADDRESS(5+A38*(AR38+9),12))) -> #N/A | AL38: =IF(INDIRECT(_xlfn.TEXTJOIN("",TRUE,"TC_",AQ38,"!",ADDRESS(4+A38*(AR38+9),23))),SUM(INDIRECT(_xlfn.TEXTJOIN("",TRUE,"TC_",AQ38,"!",ADDRESS(4+A38*(AR38+9)-AR38,23),":",ADDRESS(3+A38*(AR38+9),23)))),0) -> 0 | AM38: =IF(LEFT(B38,1)="7",AJ38/$AK$4,AJ38/$AK$3) -> #N/A | AN38: =AN37 -> III | AO38: =AO37 -> 25 | AP38: =AP37 -> 10 | AQ38: =AQ37 -> IV | AR38: =AR37 -> 7
AJ39: =IF(LEFT(B39,1)="7",0,INDEX(INDIRECT(_xlfn.TEXTJOIN("",TRUE,"SEM_",AN39,"!",ADDRESS(6,5+AP39*3+1),":",ADDRESS(5+AO39,5+AP39*3+1))),MATCH(B39,INDIRECT(_xlfn.TEXTJOIN("",TRUE,"SEM_",AN39,"!",ADDRESS(6,2),":",ADDRESS(5+AO39,2))),0)))+INDIRECT(_xlfn.TEXTJOIN("",TRUE,"TC_",AQ39,"!",ADDRESS(4+A39*(AR39+9),13))) -> #N/A | AK39: =IF(LEFT(B39,1)="7",0,INDEX(INDIRECT(_xlfn.TEXTJOIN("",TRUE,"SEM_",AN39,"!",ADDRESS(6,5+AP39*3+2),":",ADDRESS(5+AO39,5+AP39*3+2))),MATCH(B39,INDIRECT(_xlfn.TEXTJOIN("",TRUE,"SEM_",AN39,"!",ADDRESS(6,2),":",ADDRESS(5+AO39,2))),0)))+INDIRECT(_xlfn.TEXTJOIN("",TRUE,"TC_",AQ39,"!",ADDRESS(5+A39*(AR39+9),12))) -> #N/A | AL39: =IF(INDIRECT(_xlfn.TEXTJOIN("",TRUE,"TC_",AQ39,"!",ADDRESS(4+A39*(AR39+9),23))),SUM(INDIRECT(_xlfn.TEXTJOIN("",TRUE,"TC_",AQ39,"!",ADDRESS(4+A39*(AR39+9)-AR39,23),":",ADDRESS(3+A39*(AR39+9),23)))),0) -> 0 | AM39: =IF(LEFT(B39,1)="7",AJ39/$AK$4,AJ39/$AK$3) -> #N/A | AN39: =AN38 -> III | AO39: =AO38 -> 25 | AP39: =AP38 -> 10 | AQ39: =AQ38 -> IV | AR39: =AR38 -> 7
AJ40: =IF(LEFT(B40,1)="7",0,INDEX(INDIRECT(_xlfn.TEXTJOIN("",TRUE,"SEM_",AN40,"!",ADDRESS(6,5+AP40*3+1),":",ADDRESS(5+AO40,5+AP40*3+1))),MATCH(B40,INDIRECT(_xlfn.TEXTJOIN("",TRUE,"SEM_",AN40,"!",ADDRESS(6,2),":",ADDRESS(5+AO40,2))),0)))+INDIRECT(_xlfn.TEXTJOIN("",TRUE,"TC_",AQ40,"!",ADDRESS(4+A40*(AR40+9),13))) -> #N/A | AK40: =IF(LEFT(B40,1)="7",0,INDEX(INDIRECT(_xlfn.TEXTJOIN("",TRUE,"SEM_",AN40,"!",ADDRESS(6,5+AP40*3+2),":",ADDRESS(5+AO40,5+AP40*3+2))),MATCH(B40,INDIRECT(_xlfn.TEXTJOIN("",TRUE,"SEM_",AN40,"!",ADDRESS(6,2),":",ADDRESS(5+AO40,2))),0)))+INDIRECT(_xlfn.TEXTJOIN("",TRUE,"TC_",AQ40,"!",ADDRESS(5+A40*(AR40+9),12))) -> #N/A | AL40: =IF(INDIRECT(_xlfn.TEXTJOIN("",TRUE,"TC_",AQ40,"!",ADDRESS(4+A40*(AR40+9),23))),SUM(INDIRECT(_xlfn.TEXTJOIN("",TRUE,"TC_",AQ40,"!",ADDRESS(4+A40*(AR40+9)-AR40,23),":",ADDRESS(3+A40*(AR40+9),23)))),0) -> 0 | AM40: =IF(LEFT(B40,1)="7",AJ40/$AK$4,AJ40/$AK$3) -> #N/A | AN40: =AN39 -> III | AO40: =AO39 -> 25 | AP40: =AP39 -> 10 | AQ40: =AQ39 -> IV | AR40: =AR39 -> 7
AJ41: =IF(LEFT(B41,1)="7",0,INDEX(INDIRECT(_xlfn.TEXTJOIN("",TRUE,"SEM_",AN41,"!",ADDRESS(6,5+AP41*3+1),":",ADDRESS(5+AO41,5+AP41*3+1))),MATCH(B41,INDIRECT(_xlfn.TEXTJOIN("",TRUE,"SEM_",AN41,"!",ADDRESS(6,2),":",ADDRESS(5+AO41,2))),0)))+INDIRECT(_xlfn.TEXTJOIN("",TRUE,"TC_",AQ41,"!",ADDRESS(4+A41*(AR41+9),13))) -> #N/A | AK41: =IF(LEFT(B41,1)="7",0,INDEX(INDIRECT(_xlfn.TEXTJOIN("",TRUE,"SEM_",AN41,"!",ADDRESS(6,5+AP41*3+2),":",ADDRESS(5+AO41,5+AP41*3+2))),MATCH(B41,INDIRECT(_xlfn.TEXTJOIN("",TRUE,"SEM_",AN41,"!",ADDRESS(6,2),":",ADDRESS(5+AO41,2))),0)))+INDIRECT(_xlfn.TEXTJOIN("",TRUE,"TC_",AQ41,"!",ADDRESS(5+A41*(AR41+9),12))) -> #N/A | AL41: =IF(INDIRECT(_xlfn.TEXTJOIN("",TRUE,"TC_",AQ41,"!",ADDRESS(4+A41*(AR41+9),23))),SUM(INDIRECT(_xlfn.TEXTJOIN("",TRUE,"TC_",AQ41,"!",ADDRESS(4+A41*(AR41+9)-AR41,23),":",ADDRESS(3+A41*(AR41+9),23)))),0) -> 0 | AM41: =IF(LEFT(B41,1)="7",AJ41/$AK$4,AJ41/$AK$3) -> #N/A | AN41: =AN40 -> III | AO41: =AO40 -> 25 | AP41: =AP40 -> 10 | AQ41: =AQ40 -> IV | AR41: =AR40 -> 7
AJ42: =IF(LEFT(B42,1)="7",0,INDEX(INDIRECT(_xlfn.TEXTJOIN("",TRUE,"SEM_",AN42,"!",ADDRESS(6,5+AP42*3+1),":",ADDRESS(5+AO42,5+AP42*3+1))),MATCH(B42,INDIRECT(_xlfn.TEXTJOIN("",TRUE,"SEM_",AN42,"!",ADDRESS(6,2),":",ADDRESS(5+AO42,2))),0)))+INDIRECT(_xlfn.TEXTJOIN("",TRUE,"TC_",AQ42,"!",ADDRESS(4+A42*(AR42+9),13))) -> #N/A | AK42: =IF(LEFT(B42,1)="7",0,INDEX(INDIRECT(_xlfn.TEXTJOIN("",TRUE,"SEM_",AN42,"!",ADDRESS(6,5+AP42*3+2),":",ADDRESS(5+AO42,5+AP42*3+2))),MATCH(B42,INDIRECT(_xlfn.TEXTJOIN("",TRUE,"SEM_",AN42,"!",ADDRESS(6,2),":",ADDRESS(5+AO42,2))),0)))+INDIRECT(_xlfn.TEXTJOIN("",TRUE,"TC_",AQ42,"!",ADDRESS(5+A42*(AR42+9),12))) -> #N/A | AL42: =IF(INDIRECT(_xlfn.TEXTJOIN("",TRUE,"TC_",AQ42,"!",ADDRESS(4+A42*(AR42+9),23))),SUM(INDIRECT(_xlfn.TEXTJOIN("",TRUE,"TC_",AQ42,"!",ADDRESS(4+A42*(AR42+9)-AR42,23),":",ADDRESS(3+A42*(AR42+9),23)))),0) -> 0 | AM42: =IF(LEFT(B42,1)="7",AJ42/$AK$4,AJ42/$AK$3) -> #N/A | AN42: =AN41 -> III | AO42: =AO41 -> 25 | AP42: =AP41 -> 10 | AQ42: =AQ41 -> IV | AR42: =AR41 -> 7
... AJ44: =IF(LEFT(B44,1)="7",0,INDEX(INDIRECT(_xlfn.TEXTJOIN("",TRUE,"SEM_",AN44,"!",ADDRESS(6,5+AP44*3+1),":",ADDRESS(5+AO44,5+AP44*3+1))),MATCH(B44,INDIRECT(_xlfn.TEXTJOIN("",TRUE,"SEM_",AN44,"!",ADDRESS(6,2),":",ADDRESS(5+AO44,2))),0)))+INDIRECT(_xlfn.TEXTJOIN("",TRUE,"TC_",AQ44,"!",ADDRESS(4+A44*(AR44+9),13))) -> #N/A | AK44: =IF(LEFT(B44,1)="7",0,INDEX(INDIRECT(_xlfn.TEXTJOIN("",TRUE,"SEM_",AN44,"!",ADDRESS(6,5+AP44*3+2),":",ADDRESS(5+AO44,5+AP44*3+2))),MATCH(B44,INDIRECT(_xlfn.TEXTJOIN("",TRUE,"SEM_",AN44,"!",ADDRESS(6,2),":",ADDRESS(5+AO44,2))),0)))+INDIRECT(_xlfn.TEXTJOIN("",TRUE,"TC_",AQ44,"!",ADDRESS(5+A44*(AR44+9),12))) -> #N/A | AL44: =IF(INDIRECT(_xlfn.TEXTJOIN("",TRUE,"TC_",AQ44,"!",ADDRESS(4+A44*(AR44+9),23))),SUM(INDIRECT(_xlfn.TEXTJOIN("",TRUE,"TC_",AQ44,"!",ADDRESS(4+A44*(AR44+9)-AR44,23),":",ADDRESS(3+A44*(AR44+9),23)))),0) -> 0 | AM44: =IF(LEFT(B44,1)="7",AJ44/$AK$4,AJ44/$AK$3) -> #N/A | AN44: =AN43 -> III | AO44: =AO43 -> 25 | AP44: =AP43 -> 10 | AQ44: =AQ43 -> IV | AR44: =AR43 -> 7

Sheet TC_I
A1: Govind Ballabh Pant Institue of Engineering and Technology | Y1: Grade | Z1: Grade Point
A2: Pauri Garhwal, Uttarakhand (An Autonomous Institute of Govt. of Uttarakhand) | Y2: O | Z2: 10
Y3: A+ | Z3: 9.5
A4: (Affiliated to Veer Madho Singh Bhandari Uttarakhand Technical University) | Y4: A | Z4: 9
A5: Tabulation Chart for Master in Computer Application I Semester December 2025 | Y5: B+ | Z5: 8.5
Y6: B | Z6: 8
Y7: C+ | Z7: 7.5
A8: MM | B8: 1 | C8: SC | D8: SN | E8: C | F8: I | Y8: C | Z8: 7
A9: Name: | B9: =VLOOKUP(B8,INDIRECT($F$8),4,0) -> ABHISHEK RAWAT | D9: Father's Name: | E9: =VLOOKUP(B8,INDIRECT($F$8),5,0) -> RAMESH RAWAT | G9: University Roll No: | I9: =VLOOKUP(B8,INDIRECT($F$8),2,0) -> 250090600001 | K9: University Enrol. No: | M9: =VLOOKUP(B8,INDIRECT($F$8),3,0) -> UTU/2506100119 | Y9: D+ | Z9: 6.5
Y10: D | Z10: 6
A11: Subject Code | B11: Subject Name | F11: Credits | G11: External Marks | I11: Sessional Marks | K11: Total Marks | M11: Grade | N11: Grade Points | Y11: E+ | Z11: 5.5
W12: =IF(ISNUMBER(MATCH($F$8,{"I","III","V","VII"},0)),10,10-INDEX(INDIRECT(_xlfn.TEXTJOIN("",TRUE,"SEM_",$G$8,"!",ADDRESS(6,4+$I$8*3+4),":",ADDRESS(5+$H$8,4+$I$8*3+4))),MATCH(INDIRECT(_xlfn.TEXTJOIN("",TRUE,"TC_",$F$8,"!",ADDRESS(ROW(I9),COLUMN(I9)))),INDIRECT(_xlfn.TEXTJOIN("",TRUE,"SEM_",$G$8,"!",ADDRESS(6,2),":",ADDRESS(5+$H$8,2)))))) -> 10 | Y12: E | Z12: 5
A13: =IF(ISERROR(F8),"",VLOOKUP(C8,INDIRECT($F$8),6+(O13-1)*3,0)) -> CAT 004 | B13: =IF(ISERROR(F8),"",VLOOKUP(D8,INDIRECT($F$8),6+(O13-1)*3,0)) -> Discrete Structure | F13: =IF(ISERROR(F8),"",VLOOKUP(E8,INDIRECT($F$8),6+(O13-1)*3,0)) -> 4 | G13: =IF(ISERROR(F8),"",_xlfn.TEXTJOIN("/",FALSE,P13,S13)) -> 67/100 | I13: =IF(ISERROR(F8),"",_xlfn.TEXTJOIN("/",FALSE,Q13,T13)) -> 42/50 | K13: =IF(ISERROR(F8),"",_xlfn.TEXTJOIN("/",FALSE,R13,U13)) -> 109/150 | M13: =IF(ISERROR(F8),"",IF(ISTEXT(P13),IF(P13="A","Ab",IF(P13="D","Dt",IF(P13="UFM","UFM",IF(P13="NA","-")))),IF(AND(ISBLANK(P13),ISBLANK(R13)),"",IF(P13<0.3*S13,"F",IF(ISBLANK(R13),"",IF(ISTEXT(R13),R13,IF(R13>=0.95*U13,"O",IF(R13>=0.9*U13,"A+",IF(R13>=0.85*U13,"A",IF(R13>=0.8*U13,"B+",IF(R13>=0.75*U13,"B",IF(R13>=0.7*U13,"C+",IF(R13>=0.65*U13,"C",IF(R13>=0.6*U13,"D+",IF(R13>=0.55*U13,"D",IF(R13>=0.5*U13,"E+",IF(R13>=0.45*U13,"E",IF(R13>=0.4*U13,"P",IF(R13<0.4*U13,"F",R13))))))))))))))))))) -> C+ | N13: =INDEX($Z$2:$Z$18,MATCH(M13,$Y$2:$Y$18,0)) -> 7.5 | O13: 1 | P13: =IF(ISERROR(F8),"",IF(ISTEXT(VLOOKUP(B8,INDIRECT($F$8),6+(O13-1)*3)),(VLOOKUP(B8,INDIRECT($F$8),6+(O13-1)*3)),SUM(VLOOKUP(B8,INDIRECT($F$8),6+(O13-1)*3),IF(W27,W13,0)))) -> 67 | Q13: =IF(ISERROR(F8),"",VLOOKUP(B8,INDIRECT($F$8),7+(O13-1)*3)) -> 42 | R13: =IF(ISERROR(F8),"",SUM(P13:Q13)) -> 109 | S13: =IF(ISERROR(F8),"",VLOOKUP(A8,INDIRECT($F$8),6+(O13-1)*3)) -> 100 | T13: =IF(ISERROR(F8),"",VLOOKUP(A8,INDIRECT($F$8),7+(O13-1)*3)) -> 50 | U13: =IF(ISERROR(F8),"",VLOOKUP(A8,INDIRECT($F$8),8+(O13-1)*3)) -> 150 | V13: =IF(ISERROR(F8),"",IF(N13=0,A13,"")) | W13: =IF(ISERROR(F8),"",IF(ISTEXT(VLOOKUP(B8,INDIRECT($F$8),6+(O13-1)*3)),11,IF(VLOOKUP(B8,INDIRECT($F$8),6+(O13-1)*3)<S13*0.3,IF(VLOOKUP(B8,INDIRECT($F$8),8+(O13-1)*3)<U13*0.4,IF(AND(0.4*U13-VLOOKUP(B8,INDIRECT($F$8),8+(O13-1)*3)<=5,0.3*S13-VLOOKUP(B8,INDIRECT($F$8),6+(O13-1)*3)<=5),MAX(0.4*U13-VLOOKUP(B8,INDIRECT($F$8),8+(O13-1)*3),0.3*S13-VLOOKUP(B8,INDIRECT($F$8),6+(O13-1)*3)),11),IF(0.3*S13-VLOOKUP(B8,INDIRECT($F$8),6+(O13-1)*3)<=5,0.3*S13-VLOOKUP(B8,INDIRECT($F$8),6+(O13-1)*3),11)),IF(VLOOKUP(B8,INDIRECT($F$8),8+(O13-1)*3)<U13*0.4,IF(U13*0.4-VLOOKUP(B8,INDIRECT($F$8),8+(O13-1)*3)<=5,U13*0.4-VLOOKUP(B8,INDIRECT($F$8),8+(O13-1)*3),11),0)))) -> 0 | X13: =IF(ISERROR(F8),"",IF(W13=0,"",_xlfn.TEXTJOIN("",FALSE," G+",W13," in ",A13))) | Y13: P | Z13: 4.5
A14: =IF(ISERROR(F8),"",VLOOKUP(C8,INDIRECT($F$8),6+(O14-1)*3,0)) -> CAT 005 | B14: =IF(ISERROR(F8),"",VLOOKUP(D8,INDIRECT($F$8),6+(O14-1)*3,0)) -> Database Management System | F14: =IF(ISERROR(F8),"",VLOOKUP(E8,INDIRECT($F$8),6+(O14-1)*3,0)) -> 4 | G14: =IF(ISERROR(F8),"",_xlfn.TEXTJOIN("/",FALSE,P14,S14)) -> 54/100 | I14: =IF(ISERROR(F8),"",_xlfn.TEXTJOIN("/",FALSE,Q14,T14)) -> 40/50 | K14: =IF(ISERROR(F8),"",_xlfn.TEXTJOIN("/",FALSE,R14,U14)) -> 94/150 | M14: =IF(ISERROR(F8),"",IF(ISTEXT(P14),IF(P14="A","Ab",IF(P14="D","Dt",IF(P14="UFM","UFM",IF(P14="NA","-")))),IF(AND(ISBLANK(P14),ISBLANK(R14)),"",IF(P14<0.3*S14,"F",IF(ISBLANK(R14),"",IF(ISTEXT(R14),R14,IF(R14>=0.95*U14,"O",IF(R14>=0.9*U14,"A+",IF(R14>=0.85*U14,"A",IF(R14>=0.8*U14,"B+",IF(R14>=0.75*U14,"B",IF(R14>=0.7*U14,"C+",IF(R14>=0.65*U14,"C",IF(R14>=0.6*U14,"D+",IF(R14>=0.55*U14,"D",IF(R14>=0.5*U14,"E+",IF(R14>=0.45*U14,"E",IF(R14>=0.4*U14,"P",IF(R14<0.4*U14,"F",R14))))))))))))))))))) -> D+ | N14: =INDEX($Z$2:$Z$18,MATCH(M14,$Y$2:$Y$18,0)) -> 6.5 | O14: =O13+1 -> 2 | P14: =IF(ISERROR(F8),"",IF(ISTEXT(VLOOKUP(B8,INDIRECT($F$8),6+(O14-1)*3)),(VLOOKUP(B8,INDIRECT($F$8),6+(O14-1)*3)),SUM(VLOOKUP(B8,INDIRECT($F$8),6+(O14-1)*3),IF(W27,W14,0)))) -> 54 | Q14: =IF(ISERROR(F8),"",VLOOKUP(B8,INDIRECT($F$8),7+(O14-1)*3)) -> 40 | R14: =IF(ISERROR(F8),"",SUM(P14:Q14)) -> 94 | S14: =IF(ISERROR(F8),"",VLOOKUP(A8,INDIRECT($F$8),6+(O14-1)*3)) -> 100 | T14: =IF(ISERROR(F8),"",VLOOKUP(A8,INDIRECT($F$8),7+(O14-1)*3)) -> 50 | U14: =IF(ISERROR(F8),"",VLOOKUP(A8,INDIRECT($F$8),8+(O14-1)*3)) -> 150 | V14: =IF(ISERROR(F8),"",IF(N14=0,A14,"")) | W14: =IF(ISERROR(F8),"",IF(ISTEXT(VLOOKUP(B8,INDIRECT($F$8),6+(O14-1)*3)),11,IF(VLOOKUP(B8,INDIRECT($F$8),6+(O14-1)*3)<S14*0.3,IF(VLOOKUP(B8,INDIRECT($F$8),8+(O14-1)*3)<U14*0.4,IF(AND(0.4*U14-VLOOKUP(B8,INDIRECT($F$8),8+(O14-1)*3)<=5,0.3*S14-VLOOKUP(B8,INDIRECT($F$8),6+(O14-1)*3)<=5),MAX(0.4*U14-VLOOKUP(B8,INDIRECT($F$8),8+(O14-1)*3),0.3*S14-VLOOKUP(B8,INDIRECT($F$8),6+(O14-1)*3)),11),IF(0.3*S14-VLOOKUP(B8,INDIRECT($F$8),6+(O14-1)*3)<=5,0.3*S14-VLOOKUP(B8,INDIRECT($F$8),6+(O14-1)*3),11)),IF(VLOOKUP(B8,INDIRECT($F$8),8+(O14-1)*3)<U14*0.4,IF(U14*0.4-VLOOKUP(B8,INDIRECT($F$8),8+(O14-1)*3)<=5,U14*0.4-VLOOKUP(B8,INDIRECT($F$8),8+(O14-1)*3),11),0)))) -> 0 | X14: =IF(ISERROR(F8),"",IF(W14=0,"",_xlfn.TEXTJOIN("",FALSE," G+",W14," in ",A14))) | Y14: F | Z14: 0
A15: =IF(ISERROR(F8),"",VLOOKUP(C8,INDIRECT($F$8),6+(O15-1)*3,0)) -> CAT 006 | B15: =IF(ISERROR(F8),"",VLOOKUP(D8,INDIRECT($F$8),6+(O15-1)*3,0)) -> Operating System | F15: =IF(ISERROR(F8),"",VLOOKUP(E8,INDIRECT($F$8),6+(O15-1)*3,0)) -> 4 | G15: =IF(ISERROR(F8),"",_xlfn.TEXTJOIN("/",FALSE,P15,S15)) -> 60/100 | I15: =IF(ISERROR(F8),"",_xlfn.TEXTJOIN("/",FALSE,Q15,T15)) -> 42/50 | K15: =IF(ISERROR(F8),"",_xlfn.TEXTJOIN("/",FALSE,R15,U15)) -> 102/150 | M15: =IF(ISERROR(F8),"",IF(ISTEXT(P15),IF(P15="A","Ab",IF(P15="D","Dt",IF(P15="UFM","UFM",IF(P15="NA","-")))),IF(AND(ISBLANK(P15),ISBLANK(R15)),"",IF(P15<0.3*S15,"F",IF(ISBLANK(R15),"",IF(ISTEXT(R15),R15,IF(R15>=0.95*U15,"O",IF(R15>=0.9*U15,"A+",IF(R15>=0.85*U15,"A",IF(R15>=0.8*U15,"B+",IF(R15>=0.75*U15,"B",IF(R15>=0.7*U15,"C+",IF(R15>=0.65*U15,"C",IF(R15>=0.6*U15,"D+",IF(R15>=0.55*U15,"D",IF(R15>=0.5*U15,"E+",IF(R15>=0.45*U15,"E",IF(R15>=0.4*U15,"P",IF(R15<0.4*U15,"F",R15))))))))))))))))))) -> C | N15: =INDEX($Z$2:$Z$18,MATCH(M15,$Y$2:$Y$18,0)) -> 7 | O15: =O14+1 -> 3 | P15: =IF(ISERROR(F8),"",IF(ISTEXT(VLOOKUP(B8,INDIRECT($F$8),6+(O15-1)*3)),(VLOOKUP(B8,INDIRECT($F$8),6+(O15-1)*3)),SUM(VLOOKUP(B8,INDIRECT($F$8),6+(O15-1)*3),IF(W27,W15,0)))) -> 60 | Q15: =IF(ISERROR(F8),"",VLOOKUP(B8,INDIRECT($F$8),7+(O15-1)*3)) -> 42 | R15: =IF(ISERROR(F8),"",SUM(P15:Q15)) -> 102 | S15: =IF(ISERROR(F8),"",VLOOKUP(A8,INDIRECT($F$8),6+(O15-1)*3)) -> 100 | T15: =IF(ISERROR(F8),"",VLOOKUP(A8,INDIRECT($F$8),7+(O15-1)*3)) -> 50 | U15: =IF(ISERROR(F8),"",VLOOKUP(A8,INDIRECT($F$8),8+(O15-1)*3)) -> 150 | V15: =IF(ISERROR(F8),"",IF(N15=0,A15,"")) | W15: =IF(ISERROR(F8),"",IF(ISTEXT(VLOOKUP(B8,INDIRECT($F$8),6+(O15-1)*3)),11,IF(VLOOKUP(B8,INDIRECT($F$8),6+(O15-1)*3)<S15*0.3,IF(VLOOKUP(B8,INDIRECT($F$8),8+(O15-1)*3)<U15*0.4,IF(AND(0.4*U15-VLOOKUP(B8,INDIRECT($F$8),8+(O15-1)*3)<=5,0.3*S15-VLOOKUP(B8,INDIRECT($F$8),6+(O15-1)*3)<=5),MAX(0.4*U15-VLOOKUP(B8,INDIRECT($F$8),8+(O15-1)*3),0.3*S15-VLOOKUP(B8,INDIRECT($F$8),6+(O15-1)*3)),11),IF(0.3*S15-VLOOKUP(B8,INDIRECT($F$8),6+(O15-1)*3)<=5,0.3*S15-VLOOKUP(B8,INDIRECT($F$8),6+(O15-1)*3),11)),IF(VLOOKUP(B8,INDIRECT($F$8),8+(O15-1)*3)<U15*0.4,IF(U15*0.4-VLOOKUP(B8,INDIRECT($F$8),8+(O15-1)*3)<=5,U15*0.4-VLOOKUP(B8,INDIRECT($F$8),8+(O15-1)*3),11),0)))) -> 0 | X15: =IF(ISERROR(F8),"",IF(W15=0,"",_xlfn.TEXTJOIN("",FALSE," G+",W15," in ",A15))) | Y15: Ab | Z15: 0
A16: =IF(ISERROR(F8),"",VLOOKUP(C8,INDIRECT($F$8),6+(O16-1)*3,0)) -> CAT 007 | B16: =IF(ISERROR(F8),"",VLOOKUP(D8,INDIRECT($F$8),6+(O16-1)*3,0)) -> Computer Organization | F16: =IF(ISERROR(F8),"",VLOOKUP(E8,INDIRECT($F$8),6+(O16-1)*3,0)) -> 4 | G16: =IF(ISERROR(F8),"",_xlfn.TEXTJOIN("/",FALSE,P16,S16)) -> 37/100 | I16: =IF(ISERROR(F8),"",_xlfn.TEXTJOIN("/",FALSE,Q16,T16)) -> 40/50 | K16: =IF(ISERROR(F8),"",_xlfn.TEXTJOIN("/",FALSE,R16,U16)) -> 77/150 | M16: =IF(ISERROR(F8),"",IF(ISTEXT(P16),IF(P16="A","Ab",IF(P16="D","Dt",IF(P16="UFM","UFM",IF(P16="NA","-")))),IF(AND(ISBLANK(P16),ISBLANK(R16)),"",IF(P16<0.3*S16,"F",IF(ISBLANK(R16),"",IF(ISTEXT(R16),R16,IF(R16>=0.95*U16,"O",IF(R16>=0.9*U16,"A+",IF(R16>=0.85*U16,"A",IF(R16>=0.8*U16,"B+",IF(R16>=0.75*U16,"B",IF(R16>=0.7*U16,"C+",IF(R16>=0.65*U16,"C",IF(R16>=0.6*U16,"D+",IF(R16>=0.55*U16,"D",IF(R16>=0.5*U16,"E+",IF(R16>=0.45*U16,"E",IF(R16>=0.4*U16,"P",IF(R16<0.4*U16,"F",R16))))))))))))))))))) -> E+ | N16: =INDEX($Z$2:$Z$18,MATCH(M16,$Y$2:$Y$18,0)) -> 5.5 | O16: =O15+1 -> 4 | P16: =IF(ISERROR(F8),"",IF(ISTEXT(VLOOKUP(B8,INDIRECT($F$8),6+(O16-1)*3)),(VLOOKUP(B8,INDIRECT($F$8),6+(O16-1)*3)),SUM(VLOOKUP(B8,INDIRECT($F$8),6+(O16-1)*3),IF(W27,W16,0)))) -> 37 | Q16: =IF(ISERROR(F8),"",VLOOKUP(B8,INDIRECT($F$8),7+(O16-1)*3)) -> 40 | R16: =IF(ISERROR(F8),"",SUM(P16:Q16)) -> 77 | S16: =IF(ISERROR(F8),"",VLOOKUP(A8,INDIRECT($F$8),6+(O16-1)*3)) -> 100 | T16: =IF(ISERROR(F8),"",VLOOKUP(A8,INDIRECT($F$8),7+(O16-1)*3)) -> 50 | U16: =IF(ISERROR(F8),"",VLOOKUP(A8,INDIRECT($F$8),8+(O16-1)*3)) -> 150 | V16: =IF(ISERROR(F8),"",IF(N16=0,A16,"")) | W16: =IF(ISERROR(F8),"",IF(ISTEXT(VLOOKUP(B8,INDIRECT($F$8),6+(O16-1)*3)),11,IF(VLOOKUP(B8,INDIRECT($F$8),6+(O16-1)*3)<S16*0.3,IF(VLOOKUP(B8,INDIRECT($F$8),8+(O16-1)*3)<U16*0.4,IF(AND(0.4*U16-VLOOKUP(B8,INDIRECT($F$8),8+(O16-1)*3)<=5,0.3*S16-VLOOKUP(B8,INDIRECT($F$8),6+(O16-1)*3)<=5),MAX(0.4*U16-VLOOKUP(B8,INDIRECT($F$8),8+(O16-1)*3),0.3*S16-VLOOKUP(B8,INDIRECT($F$8),6+(O16-1)*3)),11),IF(0.3*S16-VLOOKUP(B8,INDIRECT($F$8),6+(O16-1)*3)<=5,0.3*S16-VLOOKUP(B8,INDIRECT($F$8),6+(O16-1)*3),11)),IF(VLOOKUP(B8,INDIRECT($F$8),8+(O16-1)*3)<U16*0.4,IF(U16*0.4-VLOOKUP(B8,INDIRECT($F$8),8+(O16-1)*3)<=5,U16*0.4-VLOOKUP(B8,INDIRECT($F$8),8+(O16-1)*3),11),0)))) -> 0 | X16: =IF(ISERROR(F8),"",IF(W16=0,"",_xlfn.TEXTJOIN("",FALSE," G+",W16," in ",A16))) | Y16: UFM | Z16: 0
A17: =IF(ISERROR(F8),"",VLOOKUP(C8,INDIRECT($F$8),6+(O17-1)*3,0)) -> AHT 303 | B17: =IF(ISERROR(F8),"",VLOOKUP(D8,INDIRECT($F$8),6+(O17-1)*3,0)) -> Technical Communication Skills | F17: =IF(ISERROR(F8),"",VLOOKUP(E8,INDIRECT($F$8),6+(O17-1)*3,0)) -> 4 | G17: =IF(ISERROR(F8),"",_xlfn.TEXTJOIN("/",FALSE,P17,S17)) -> 67/100 | I17: =IF(ISERROR(F8),"",_xlfn.TEXTJOIN("/",FALSE,Q17,T17)) -> 35/50 | K17: =IF(ISERROR(F8),"",_xlfn.TEXTJOIN("/",FALSE,R17,U17)) -> 102/150 | M17: =IF(ISERROR(F8),"",IF(ISTEXT(P17),IF(P17="A","Ab",IF(P17="D","Dt",IF(P17="UFM","UFM",IF(P17="NA","-")))),IF(AND(ISBLANK(P17),ISBLANK(R17)),"",IF(P17<0.3*S17,"F",IF(ISBLANK(R17),"",IF(ISTEXT(R17),R17,IF(R17>=0.95*U17,"O",IF(R17>=0.9*U17,"A+",IF(R17>=0.85*U17,"A",IF(R17>=0.8*U17,"B+",IF(R17>=0.75*U17,"B",IF(R17>=0.7*U17,"C+",IF(R17>=0.65*U17,"C",IF(R17>=0.6*U17,"D+",IF(R17>=0.55*U17,"D",IF(R17>=0.5*U17,"E+",IF(R17>=0.45*U17,"E",IF(R17>=0.4*U17,"P",IF(R17<0.4*U17,"F",R17))))))))))))))))))) -> C | N17: =INDEX($Z$2:$Z$18,MATCH(M17,$Y$2:$Y$18,0)) -> 7 | O17: =O16+1 -> 5 | P17: =IF(ISERROR(F8),"",IF(ISTEXT(VLOOKUP(B8,INDIRECT($F$8),6+(O17-1)*3)),(VLOOKUP(B8,INDIRECT($F$8),6+(O17-1)*3)),SUM(VLOOKUP(B8,INDIRECT($F$8),6+(O17-1)*3),IF(W27,W17,0)))) -> 67 | Q17: =IF(ISERROR(F8),"",VLOOKUP(B8,INDIRECT($F$8),7+(O17-1)*3)) -> 35 | R17: =IF(ISERROR(F8),"",SUM(P17:Q17)) -> 102 | S17: =IF(ISERROR(F8),"",VLOOKUP(A8,INDIRECT($F$8),6+(O17-1)*3)) -> 100 | T17: =IF(ISERROR(F8),"",VLOOKUP(A8,INDIRECT($F$8),7+(O17-1)*3)) -> 50 | U17: =IF(ISERROR(F8),"",VLOOKUP(A8,INDIRECT($F$8),8+(O17-1)*3)) -> 150 | V17: =IF(ISERROR(F8),"",IF(N17=0,A17,"")) | W17: =IF(ISERROR(F8),"",IF(ISTEXT(VLOOKUP(B8,INDIRECT($F$8),6+(O17-1)*3)),11,IF(VLOOKUP(B8,INDIRECT($F$8),6+(O17-1)*3)<S17*0.3,IF(VLOOKUP(B8,INDIRECT($F$8),8+(O17-1)*3)<U17*0.4,IF(AND(0.4*U17-VLOOKUP(B8,INDIRECT($F$8),8+(O17-1)*3)<=5,0.3*S17-VLOOKUP(B8,INDIRECT($F$8),6+(O17-1)*3)<=5),MAX(0.4*U17-VLOOKUP(B8,INDIRECT($F$8),8+(O17-1)*3),0.3*S17-VLOOKUP(B8,INDIRECT($F$8),6+(O17-1)*3)),11),IF(0.3*S17-VLOOKUP(B8,INDIRECT($F$8),6+(O17-1)*3)<=5,0.3*S17-VLOOKUP(B8,INDIRECT($F$8),6+(O17-1)*3),11)),IF(VLOOKUP(B8,INDIRECT($F$8),8+(O17-1)*3)<U17*0.4,IF(U17*0.4-VLOOKUP(B8,INDIRECT($F$8),8+(O17-1)*3)<=5,U17*0.4-VLOOKUP(B8,INDIRECT($F$8),8+(O17-1)*3),11),0)))) -> 0 | X17: =IF(ISERROR(F8),"",IF(W17=0,"",_xlfn.TEXTJOIN("",FALSE," G+",W17," in ",A17))) | Y17: Dt | Z17: 0
A18: =IF(ISERROR(F8),"",VLOOKUP(C8,INDIRECT($F$8),6+(O18-1)*3,0)) -> CAT 008 | B18: =IF(ISERROR(F8),"",VLOOKUP(D8,INDIRECT($F$8),6+(O18-1)*3,0)) -> Python Programming ($) | F18: =IF(ISERROR(F8),"",VLOOKUP(E8,INDIRECT($F$8),6+(O18-1)*3,0)) -> 0 | G18: =IF(ISERROR(F8),"",_xlfn.TEXTJOIN("/",FALSE,P18,S18)) -> 16/30 | I18: =IF(ISERROR(F8),"",_xlfn.TEXTJOIN("/",FALSE,Q18,T18)) -> 16/20 | K18: =IF(ISERROR(F8),"",_xlfn.TEXTJOIN("/",FALSE,R18,U18)) -> 32/50 | M18: =IF(ISERROR(F8),"",IF(ISTEXT(P18),IF(P18="A","Ab",IF(P18="D","Dt",IF(P18="UFM","UFM",IF(P18="NA","-")))),IF(AND(ISBLANK(P18),ISBLANK(R18)),"",IF(P18<0.3*S18,"F",IF(ISBLANK(R18),"",IF(ISTEXT(R18),R18,IF(R18>=0.95*U18,"O",IF(R18>=0.9*U18,"A+",IF(R18>=0.85*U18,"A",IF(R18>=0.8*U18,"B+",IF(R18>=0.75*U18,"B",IF(R18>=0.7*U18,"C+",IF(R18>=0.65*U18,"C",IF(R18>=0.6*U18,"D+",IF(R18>=0.55*U18,"D",IF(R18>=0.5*U18,"E+",IF(R18>=0.45*U18,"E",IF(R18>=0.4*U18,"P",IF(R18<0.4*U18,"F",R18))))))))))))))))))) -> D+ | N18: =INDEX($Z$2:$Z$18,MATCH(M18,$Y$2:$Y$18,0)) -> 6.5 | O18: =O17+1 -> 6 | P18: =IF(ISERROR(F8),"",IF(ISTEXT(VLOOKUP(B8,INDIRECT($F$8),6+(O18-1)*3)),(VLOOKUP(B8,INDIRECT($F$8),6+(O18-1)*3)),SUM(VLOOKUP(B8,INDIRECT($F$8),6+(O18-1)*3),IF(W27,W18,0)))) -> 16 | Q18: =IF(ISERROR(F8),"",VLOOKUP(B8,INDIRECT($F$8),7+(O18-1)*3)) -> 16 | R18: =IF(ISERROR(F9),"",SUM(P18:Q18)) -> 32 | S18: =IF(ISERROR(F9),"",VLOOKUP(A9,INDIRECT($F$8),6+(O18-1)*3)) -> 30 | T18: =IF(ISERROR(F9),"",VLOOKUP(A9,INDIRECT($F$8),7+(O18-1)*3)) -> 20 | U18: =IF(ISERROR(F9),"",VLOOKUP(A9,INDIRECT($F$8),8+(O18-1)*3)) -> 50 | V18: =IF(ISERROR(F8),"",IF(N18=0,A18,"")) | W18: =IF(ISERROR(F8),"",IF(ISTEXT(VLOOKUP(B8,INDIRECT($F$8),6+(O18-1)*3)),11,IF(VLOOKUP(B8,INDIRECT($F$8),6+(O18-1)*3)<S18*0.3,IF(VLOOKUP(B8,INDIRECT($F$8),8+(O18-1)*3)<U18*0.4,IF(AND(0.4*U18-VLOOKUP(B8,INDIRECT($F$8),8+(O18-1)*3)<=5,0.3*S18-VLOOKUP(B8,INDIRECT($F$8),6+(O18-1)*3)<=5),MAX(0.4*U18-VLOOKUP(B8,INDIRECT($F$8),8+(O18-1)*3),0.3*S18-VLOOKUP(B8,INDIRECT($F$8),6+(O18-1)*3)),11),IF(0.3*S18-VLOOKUP(B8,INDIRECT($F$8),6+(O18-1)*3)<=5,0.3*S18-VLOOKUP(B8,INDIRECT($F$8),6+(O18-1)*3),11)),IF(VLOOKUP(B8,INDIRECT($F$8),8+(O18-1)*3)<U18*0.4,IF(U18*0.4-VLOOKUP(B8,INDIRECT($F$8),8+(O18-1)*3)<=5,U18*0.4-VLOOKUP(B8,INDIRECT($F$8),8+(O18-1)*3),11),0)))) -> 0 | X18: =IF(ISERROR(F8),"",IF(W18=0,"",_xlfn.TEXTJOIN("",FALSE," G+",W18," in ",A18))) | Y18: ="-" -> - | Z18: -
A19: =IF(ISERROR(F8),"",VLOOKUP(C8,INDIRECT($F$8),6+(O19-1)*3,0)) -> CAT 001 | B19: =IF(ISERROR(F8),"",VLOOKUP(D8,INDIRECT($F$8),6+(O19-1)*3,0)) -> Introduction of Information Technology ($) | F19: =IF(ISERROR(F8),"",VLOOKUP(E8,INDIRECT($F$8),6+(O19-1)*3,0)) -> 0 | G19: =IF(ISERROR(F8),"",_xlfn.TEXTJOIN("/",FALSE,P19,S19)) -> 27/30 | I19: =IF(ISERROR(F8),"",_xlfn.TEXTJOIN("/",FALSE,Q19,T19)) -> 19/20 | K19: =IF(ISERROR(F8),"",_xlfn.TEXTJOIN("/",FALSE,R19,U19)) -> 46/50 | M19: =IF(ISERROR(F8),"",IF(ISTEXT(P19),IF(P19="A","Ab",IF(P19="D","Dt",IF(P19="UFM","UFM",IF(P19="NA","-")))),IF(AND(ISBLANK(P19),ISBLANK(R19)),"",IF(P19<0.3*S19,"F",IF(ISBLANK(R19),"",IF(ISTEXT(R19),R19,IF(R19>=0.95*U19,"O",IF(R19>=0.9*U19,"A+",IF(R19>=0.85*U19,"A",IF(R19>=0.8*U19,"B+",IF(R19>=0.75*U19,"B",IF(R19>=0.7*U19,"C+",IF(R19>=0.65*U19,"C",IF(R19>=0.6*U19,"D+",IF(R19>=0.55*U19,"D",IF(R19>=0.5*U19,"E+",IF(R19>=0.45*U19,"E",IF(R19>=0.4*U19,"P",IF(R19<0.4*U19,"F",R19))))))))))))))))))) -> A+ | N19: =INDEX($Z$2:$Z$18,MATCH(M19,$Y$2:$Y$18,0)) -> 9.5 | O19: =O18+1 -> 7 | P19: =IF(ISERROR(F8),"",IF(ISTEXT(VLOOKUP(B8,INDIRECT($F$8),6+(O19-1)*3)),(VLOOKUP(B8,INDIRECT($F$8),6+(O19-1)*3)),SUM(VLOOKUP(B8,INDIRECT($F$8),6+(O19-1)*3),IF(W27,W19,0)))) -> 27 | Q19: =IF(ISERROR(F8),"",VLOOKUP(B8,INDIRECT($F$8),7+(O19-1)*3)) -> 19 | R19: =IF(ISERROR(F8),"",SUM(P19:Q19)) -> 46 | S19: =IF(ISERROR(F8),"",VLOOKUP(A8,INDIRECT($F$8),6+(O19-1)*3)) -> 30 | T19: =IF(ISERROR(F8),"",VLOOKUP(A8,INDIRECT($F$8),7+(O19-1)*3)) -> 20 | U19: =IF(ISERROR(F8),"",VLOOKUP(A8,INDIRECT($F$8),8+(O19-1)*3)) -> 50 | V19: =IF(ISERROR(F8),"",IF(N19=0,A19,"")) | W19: =IF(ISERROR(F8),"",IF(ISTEXT(VLOOKUP(B8,INDIRECT($F$8),6+(O19-1)*3)),11,IF(VLOOKUP(B8,INDIRECT($F$8),6+(O19-1)*3)<S19*0.3,IF(VLOOKUP(B8,INDIRECT($F$8),8+(O19-1)*3)<U19*0.4,IF(AND(0.4*U19-VLOOKUP(B8,INDIRECT($F$8),8+(O19-1)*3)<=5,0.3*S19-VLOOKUP(B8,INDIRECT($F$8),6+(O19-1)*3)<=5),MAX(0.4*U19-VLOOKUP(B8,INDIRECT($F$8),8+(O19-1)*3),0.3*S19-VLOOKUP(B8,INDIRECT($F$8),6+(O19-1)*3)),11),IF(0.3*S19-VLOOKUP(B8,INDIRECT($F$8),6+(O19-1)*3)<=5,0.3*S19-VLOOKUP(B8,INDIRECT($F$8),6+(O19-1)*3),11)),IF(VLOOKUP(B8,INDIRECT($F$8),8+(O19-1)*3)<U19*0.4,IF(U19*0.4-VLOOKUP(B8,INDIRECT($F$8),8+(O19-1)*3)<=5,U19*0.4-VLOOKUP(B8,INDIRECT($F$8),8+(O19-1)*3),11),0)))) -> 0 | X19: =IF(ISERROR(F8),"",IF(W19=0,"",_xlfn.TEXTJOIN("",FALSE," G+",W19," in ",A19)))
A20: =IF(ISERROR(F8),"",VLOOKUP(C8,INDIRECT($F$8),6+(O20-1)*3,0)) -> CAT 002 | B20: =IF(ISERROR(F8),"",VLOOKUP(D8,INDIRECT($F$8),6+(O20-1)*3,0)) -> Programming Fundamentals with "C" ($) | F20: =IF(ISERROR(F8),"",VLOOKUP(E8,INDIRECT($F$8),6+(O20-1)*3,0)) -> 0 | G20: =IF(ISERROR(F8),"",_xlfn.TEXTJOIN("/",FALSE,P20,S20)) -> 24/30 | I20: =IF(ISERROR(F8),"",_xlfn.TEXTJOIN("/",FALSE,Q20,T20)) -> 18/20 | K20: =IF(ISERROR(F8),"",_xlfn.TEXTJOIN("/",FALSE,R20,U20)) -> 42/50 | M20: =IF(ISERROR(F8),"",IF(ISTEXT(P20),IF(P20="A","Ab",IF(P20="D","Dt",IF(P20="UFM","UFM",IF(P20="NA","-")))),IF(AND(ISBLANK(P20),ISBLANK(R20)),"",IF(P20<0.3*S20,"F",IF(ISBLANK(R20),"",IF(ISTEXT(R20),R20,IF(R20>=0.95*U20,"O",IF(R20>=0.9*U20,"A+",IF(R20>=0.85*U20,"A",IF(R20>=0.8*U20,"B+",IF(R20>=0.75*U20,"B",IF(R20>=0.7*U20,"C+",IF(R20>=0.65*U20,"C",IF(R20>=0.6*U20,"D+",IF(R20>=0.55*U20,"D",IF(R20>=0.5*U20,"E+",IF(R20>=0.45*U20,"E",IF(R20>=0.4*U20,"P",IF(R20<0.4*U20,"F",R20))))))))))))))))))) -> B+ | N20: =INDEX($Z$2:$Z$18,MATCH(M20,$Y$2:$Y$18,0)) -> 8.5 | O20: =O19+1 -> 8 | P20: =IF(ISERROR(F8),"",IF(ISTEXT(VLOOKUP(B8,INDIRECT($F$8),6+(O20-1)*3)),(VLOOKUP(B8,INDIRECT($F$8),6+(O20-1)*3)),SUM(VLOOKUP(B8,INDIRECT($F$8),6+(O20-1)*3),IF(W27,W20,0)))) -> 24 | Q20: =IF(ISERROR(F8),"",VLOOKUP(B8,INDIRECT($F$8),7+(O20-1)*3)) -> 18 | R20: =IF(ISERROR(F8),"",SUM(P20:Q20)) -> 42 | S20: =IF(ISERROR(F8),"",VLOOKUP(A8,INDIRECT($F$8),6+(O20-1)*3)) -> 30 | T20: =IF(ISERROR(F8),"",VLOOKUP(A8,INDIRECT($F$8),7+(O20-1)*3)) -> 20 | U20: =IF(ISERROR(F8),"",VLOOKUP(A8,INDIRECT($F$8),8+(O20-1)*3)) -> 50 | V20: =IF(ISERROR(F8),"",IF(N20=0,A20,"")) | W20: =IF(ISERROR(F8),"",IF(ISTEXT(VLOOKUP(B8,INDIRECT($F$8),6+(O20-1)*3)),11,IF(VLOOKUP(B8,INDIRECT($F$8),6+(O20-1)*3)<S20*0.3,IF(VLOOKUP(B8,INDIRECT($F$8),8+(O20-1)*3)<U20*0.4,IF(AND(0.4*U20-VLOOKUP(B8,INDIRECT($F$8),8+(O20-1)*3)<=5,0.3*S20-VLOOKUP(B8,INDIRECT($F$8),6+(O20-1)*3)<=5),MAX(0.4*U20-VLOOKUP(B8,INDIRECT($F$8),8+(O20-1)*3),0.3*S20-VLOOKUP(B8,INDIRECT($F$8),6+(O20-1)*3)),11),IF(0.3*S20-VLOOKUP(B8,INDIRECT($F$8),6+(O20-1)*3)<=5,0.3*S20-VLOOKUP(B8,INDIRECT($F$8),6+(O20-1)*3),11)),IF(VLOOKUP(B8,INDIRECT($F$8),8+(O20-1)*3)<U20*0.4,IF(U20*0.4-VLOOKUP(B8,INDIRECT($F$8),8+(O20-1)*3)<=5,U20*0.4-VLOOKUP(B8,INDIRECT($F$8),8+(O20-1)*3),11),0)))) -> 0 | X20: =IF(ISERROR(F8),"",IF(W20=0,"",_xlfn.TEXTJOIN("",FALSE," G+",W20," in ",A20)))
A21: =IF(ISERROR(F8),"",VLOOKUP(C8,INDIRECT($F$8),6+(O21-1)*3,0)) -> CAT 003 | B21: =IF(ISERROR(F8),"",VLOOKUP(D8,INDIRECT($F$8),6+(O21-1)*3-Z21,0)) -> Fundamental of Web Technology ($) | F21: =IF(ISERROR(F8),"",VLOOKUP(E8,INDIRECT($F$8),6+(O21-1)*3,0)) -> 0 | G21: =IF(ISERROR(F8),"",_xlfn.TEXTJOIN("/",FALSE,P21,S21)) -> 24/30 | I21: =IF(ISERROR(F8),"",_xlfn.TEXTJOIN("/",FALSE,Q21,T21)) -> 19/20 | K21: =IF(ISERROR(F8),"",_xlfn.TEXTJOIN("/",FALSE,R21,U21)) -> 43/50 | M21: =IF(ISERROR(F8),"",IF(ISTEXT(P21),IF(P21="A","Ab",IF(P21="D","Dt",IF(P21="UFM","UFM",IF(P21="NA","-")))),IF(AND(ISBLANK(P21),ISBLANK(R21)),"",IF(P21<0.3*S21,"F",IF(ISBLANK(R21),"",IF(ISTEXT(R21),R21,IF(R21>=0.95*U21,"O",IF(R21>=0.9*U21,"A+",IF(R21>=0.85*U21,"A",IF(R21>=0.8*U21,"B+",IF(R21>=0.75*U21,"B",IF(R21>=0.7*U21,"C+",IF(R21>=0.65*U21,"C",IF(R21>=0.6*U21,"D+",IF(R21>=0.55*U21,"D",IF(R21>=0.5*U21,"E+",IF(R21>=0.45*U21,"E",IF(R21>=0.4*U21,"P",IF(R21<0.4*U21,"F",R21))))))))))))))))))) -> A | N21: =INDEX($Z$2:$Z$18,MATCH(M21,$Y$2:$Y$18,0)) -> 9 | O21: =O20+1 -> 9 | P21: =IF(ISERROR(F8),"",IF(ISTEXT(VLOOKUP(B8,INDIRECT($F$8),6+(O21-1)*3)),(VLOOKUP(B8,INDIRECT($F$8),6+(O21-1)*3)),SUM(VLOOKUP(B8,INDIRECT($F$8),6+(O21-1)*3),IF(W27,W21,0)))) -> 24 | Q21: =IF(ISERROR(F8),"",VLOOKUP(B8,INDIRECT($F$8),7+(O21-1)*3)) -> 19 | R21: =IF(ISERROR(F8),"",SUM(P21:Q21)) -> 43 | S21: =IF(ISERROR(F8),"",VLOOKUP(A8,INDIRECT($F$8),6+(O21-1)*3)) -> 30 | T21: =IF(ISERROR(F8),"",VLOOKUP(A8,INDIRECT($F$8),7+(O21-1)*3)) -> 20 | U21: =IF(ISERROR(F8),"",VLOOKUP(A8,INDIRECT($F$8),8+(O21-1)*3)) -> 50 | V21: =IF(ISERROR(F8),"",IF(N21=0,A21,"")) | W21: =IF(ISERROR(F8),"",IF(ISTEXT(VLOOKUP(B8,INDIRECT($F$8),6+(O21-1)*3)),11,IF(VLOOKUP(B8,INDIRECT($F$8),6+(O21-1)*3)<S21*0.3,IF(VLOOKUP(B8,INDIRECT($F$8),8+(O21-1)*3)<U21*0.4,IF(AND(0.4*U21-VLOOKUP(B8,INDIRECT($F$8),8+(O21-1)*3)<=5,0.3*S21-VLOOKUP(B8,INDIRECT($F$8),6+(O21-1)*3)<=5),MAX(0.4*U21-VLOOKUP(B8,INDIRECT($F$8),8+(O21-1)*3),0.3*S21-VLOOKUP(B8,INDIRECT($F$8),6+(O21-1)*3)),11),IF(0.3*S21-VLOOKUP(B8,INDIRECT($F$8),6+(O21-1)*3)<=5,0.3*S21-VLOOKUP(B8,INDIRECT($F$8),6+(O21-1)*3),11)),IF(VLOOKUP(B8,INDIRECT($F$8),8+(O21-1)*3)<U21*0.4,IF(U21*0.4-VLOOKUP(B8,INDIRECT($F$8),8+(O21-1)*3)<=5,U21*0.4-VLOOKUP(B8,INDIRECT($F$8),8+(O21-1)*3),11),0)))) -> 0 | X21: =IF(ISERROR(F8),"",IF(W21=0,"",_xlfn.TEXTJOIN("",FALSE," G+",W21," in ",A21)))
A22: =IF(ISERROR(F8),"",VLOOKUP(C8,INDIRECT($F$8),6+(O22-1)*3,0)) -> CAP 001 | B22: =IF(ISERROR(F8),"",VLOOKUP(D8,INDIRECT($F$8),6+(O22-1)*3-Z22,0)) -> Database Management System Lab | F22: =IF(ISERROR(F8),"",VLOOKUP(E8,INDIRECT($F$8),6+(O22-1)*3,0)) -> 1 | G22: =IF(ISERROR(F8),"",_xlfn.TEXTJOIN("/",FALSE,P22,S22)) -> 26/30 | I22: =IF(ISERROR(F8),"",_xlfn.TEXTJOIN("/",FALSE,Q22,T22)) -> 16/20 | K22: =IF(ISERROR(F8),"",_xlfn.TEXTJOIN("/",FALSE,R22,U22)) -> 42/50 | M22: =IF(ISERROR(F8),"",IF(ISTEXT(P22),IF(P22="A","Ab",IF(P22="D","Dt",IF(P22="UFM","UFM",IF(P22="NA","-")))),IF(AND(ISBLANK(P22),ISBLANK(R22)),"",IF(P22<0.3*S22,"F",IF(ISBLANK(R22),"",IF(ISTEXT(R22),R22,IF(R22>=0.95*U22,"O",IF(R22>=0.9*U22,"A+",IF(R22>=0.85*U22,"A",IF(R22>=0.8*U22,"B+",IF(R22>=0.75*U22,"B",IF(R22>=0.7*U22,"C+",IF(R22>=0.65*U22,"C",IF(R22>=0.6*U22,"D+",IF(R22>=0.55*U22,"D",IF(R22>=0.5*U22,"E+",IF(R22>=0.45*U22,"E",IF(R22>=0.4*U22,"P",IF(R22<0.4*U22,"F",R22))))))))))))))))))) -> B+ | N22: =INDEX($Z$2:$Z$18,MATCH(M22,$Y$2:$Y$18,0)) -> 8.5 | O22: =O21+1 -> 10 | P22: =IF(ISERROR(F8),"",IF(ISTEXT(VLOOKUP(B8,INDIRECT($F$8),6+(O22-1)*3)),(VLOOKUP(B8,INDIRECT($F$8),6+(O22-1)*3)),SUM(VLOOKUP(B8,INDIRECT($F$8),6+(O22-1)*3),IF(W27,W22,0)))) -> 26 | Q22: =IF(ISERROR(F8),"",VLOOKUP(B8,INDIRECT($F$8),7+(O22-1)*3)) -> 16 | R22: =IF(ISERROR(F8),"",SUM(P22:Q22)) -> 42 | S22: =IF(ISERROR(F8),"",VLOOKUP(A8,INDIRECT($F$8),6+(O22-1)*3)) -> 30 | T22: =IF(ISERROR(F8),"",VLOOKUP(A8,INDIRECT($F$8),7+(O22-1)*3)) -> 20 | U22: =IF(ISERROR(F8),"",VLOOKUP(A8,INDIRECT($F$8),8+(O22-1)*3)) -> 50 | V22: =IF(ISERROR(F8),"",IF(N22=0,A22,"")) | W22: =IF(ISERROR(F8),"",IF(ISTEXT(VLOOKUP(B8,INDIRECT($F$8),6+(O22-1)*3)),11,IF(VLOOKUP(B8,INDIRECT($F$8),6+(O22-1)*3)<S22*0.3,IF(VLOOKUP(B8,INDIRECT($F$8),8+(O22-1)*3)<U22*0.4,IF(AND(0.4*U22-VLOOKUP(B8,INDIRECT($F$8),8+(O22-1)*3)<=5,0.3*S22-VLOOKUP(B8,INDIRECT($F$8),6+(O22-1)*3)<=5),MAX(0.4*U22-VLOOKUP(B8,INDIRECT($F$8),8+(O22-1)*3),0.3*S22-VLOOKUP(B8,INDIRECT($F$8),6+(O22-1)*3)),11),IF(0.3*S22-VLOOKUP(B8,INDIRECT($F$8),6+(O22-1)*3)<=5,0.3*S22-VLOOKUP(B8,INDIRECT($F$8),6+(O22-1)*3),11)),IF(VLOOKUP(B8,INDIRECT($F$8),8+(O22-1)*3)<U22*0.4,IF(U22*0.4-VLOOKUP(B8,INDIRECT($F$8),8+(O22-1)*3)<=5,U22*0.4-VLOOKUP(B8,INDIRECT($F$8),8+(O22-1)*3),11),0)))) -> 0 | X22: =IF(ISERROR(F8),"",IF(W22=0,"",_xlfn.TEXTJOIN("",FALSE," G+",W22," in ",A22)))
A23: =IF(ISERROR(F8),"",VLOOKUP(C8,INDIRECT($F$8),6+(O23-1)*3,0)) -> CAP 002 | B23: =IF(ISERROR(F8),"",VLOOKUP(D8,INDIRECT($F$8),6+(O23-1)*3,0)) -> Operating System Lab | F23: =IF(ISERROR(F8),"",VLOOKUP(E8,INDIRECT($F$8),6+(O23-1)*3,0)) -> 1 | G23: =IF(ISERROR(F8),"",_xlfn.TEXTJOIN("/",FALSE,P23,S23)) -> 26/30 | I23: =IF(ISERROR(F8),"",_xlfn.TEXTJOIN("/",FALSE,Q23,T23)) -> 17/20 | K23: =IF(ISERROR(F8),"",_xlfn.TEXTJOIN("/",FALSE,R23,U23)) -> 43/50 | M23: =IF(ISERROR(F8),"",IF(ISTEXT(P23),IF(P23="A","Ab",IF(P23="D","Dt",IF(P23="UFM","UFM",IF(P23="NA","-")))),IF(AND(ISBLANK(P23),ISBLANK(R23)),"",IF(P23<0.3*S23,"F",IF(ISBLANK(R23),"",IF(ISTEXT(R23),R23,IF(R23>=0.95*U23,"O",IF(R23>=0.9*U23,"A+",IF(R23>=0.85*U23,"A",IF(R23>=0.8*U23,"B+",IF(R23>=0.75*U23,"B",IF(R23>=0.7*U23,"C+",IF(R23>=0.65*U23,"C",IF(R23>=0.6*U23,"D+",IF(R23>=0.55*U23,"D",IF(R23>=0.5*U23,"E+",IF(R23>=0.45*U23,"E",IF(R23>=0.4*U23,"P",IF(R23<0.4*U23,"F",R23))))))))))))))))))) -> A | N23: =INDEX($Z$2:$Z$18,MATCH(M23,$Y$2:$Y$18,0)) -> 9 | O23: =O22+1 -> 11 | P23: =IF(ISERROR(F8),"",IF(ISTEXT(VLOOKUP(B8,INDIRECT($F$8),6+(O23-1)*3)),(VLOOKUP(B8,INDIRECT($F$8),6+(O23-1)*3)),SUM(VLOOKUP(B8,INDIRECT($F$8),6+(O23-1)*3),IF(W27,W23,0)))) -> 26 | Q23: =IF(ISERROR(F8),"",VLOOKUP(B8,INDIRECT($F$8),7+(O23-1)*3)) -> 17 | R23: =IF(ISERROR(F8),"",SUM(P23:Q23)) -> 43 | S23: =IF(ISERROR(F8),"",VLOOKUP(A8,INDIRECT($F$8),6+(O23-1)*3)) -> 30 | T23: =IF(ISERROR(F8),"",VLOOKUP(A8,INDIRECT($F$8),7+(O23-1)*3)) -> 20 | U23: =IF(ISERROR(F8),"",VLOOKUP(A8,INDIRECT($F$8),8+(O23-1)*3)) -> 50 | V23: =IF(ISERROR(F8),"",IF(N23=0,A23,"")) | W23: =IF(ISERROR(F8),"",IF(ISTEXT(VLOOKUP(B8,INDIRECT($F$8),6+(O23-1)*3)),11,IF(VLOOKUP(B8,INDIRECT($F$8),6+(O23-1)*3)<S23*0.3,IF(VLOOKUP(B8,INDIRECT($F$8),8+(O23-1)*3)<U23*0.4,IF(AND(0.4*U23-VLOOKUP(B8,INDIRECT($F$8),8+(O23-1)*3)<=5,0.3*S23-VLOOKUP(B8,INDIRECT($F$8),6+(O23-1)*3)<=5),MAX(0.4*U23-VLOOKUP(B8,INDIRECT($F$8),8+(O23-1)*3),0.3*S23-VLOOKUP(B8,INDIRECT($F$8),6+(O23-1)*3)),11),IF(0.3*S23-VLOOKUP(B8,INDIRECT($F$8),6+(O23-1)*3)<=5,0.3*S23-VLOOKUP(B8,INDIRECT($F$8),6+(O23-1)*3),11)),IF(VLOOKUP(B8,INDIRECT($F$8),8+(O23-1)*3)<U23*0.4,IF(U23*0.4-VLOOKUP(B8,INDIRECT($F$8),8+(O23-1)*3)<=5,U23*0.4-VLOOKUP(B8,INDIRECT($F$8),8+(O23-1)*3),11),0)))) -> 0 | X23: =IF(ISERROR(F8),"",IF(W23=0,"",_xlfn.TEXTJOIN("",FALSE," G+",W23," in ",A23)))
A24: =IF(ISERROR(F8),"",VLOOKUP(C8,INDIRECT($F$8),6+(O24-1)*3,0)) -> CAP 003 | B24: =IF(ISERROR(F8),"",VLOOKUP(D8,INDIRECT($F$8),6+(O24-1)*3,0)) -> Computer Organization Lab | F24: =IF(ISERROR(F8),"",VLOOKUP(E8,INDIRECT($F$8),6+(O24-1)*3,0)) -> 1 | G24: =IF(ISERROR(F8),"",_xlfn.TEXTJOIN("/",FALSE,P24,S24)) -> 25/30 | I24: =IF(ISERROR(F8),"",_xlfn.TEXTJOIN("/",FALSE,Q24,T24)) -> 19/20 | K24: =IF(ISERROR(F8),"",_xlfn.TEXTJOIN("/",FALSE,R24,U24)) -> 44/50 | M24: =IF(ISERROR(F8),"",IF(ISTEXT(P24),IF(P24="A","Ab",IF(P24="D","Dt",IF(P24="UFM","UFM",IF(P24="NA","-")))),IF(AND(ISBLANK(P24),ISBLANK(R24)),"",IF(P24<0.3*S24,"F",IF(ISBLANK(R24),"",IF(ISTEXT(R24),R24,IF(R24>=0.95*U24,"O",IF(R24>=0.9*U24,"A+",IF(R24>=0.85*U24,"A",IF(R24>=0.8*U24,"B+",IF(R24>=0.75*U24,"B",IF(R24>=0.7*U24,"C+",IF(R24>=0.65*U24,"C",IF(R24>=0.6*U24,"D+",IF(R24>=0.55*U24,"D",IF(R24>=0.5*U24,"E+",IF(R24>=0.45*U24,"E",IF(R24>=0.4*U24,"P",IF(R24<0.4*U24,"F",R24))))))))))))))))))) -> A | N24: =INDEX($Z$2:$Z$18,MATCH(M24,$Y$2:$Y$18,0)) -> 9 | O24: =O23+1 -> 12 | P24: =IF(ISERROR(F8),"",IF(ISTEXT(VLOOKUP(B8,INDIRECT($F$8),6+(O24-1)*3)),(VLOOKUP(B8,INDIRECT($F$8),6+(O24-1)*3)),SUM(VLOOKUP(B8,INDIRECT($F$8),6+(O24-1)*3),IF(W27,W24,0)))) -> 25 | Q24: =IF(ISERROR(F8),"",VLOOKUP(B8,INDIRECT($F$8),7+(O24-1)*3)) -> 19 | R24: =IF(ISERROR(F8),"",SUM(P24:Q24)) -> 44 | S24: =IF(ISERROR(F8),"",VLOOKUP(A8,INDIRECT($F$8),6+(O24-1)*3)) -> 30 | T24: =IF(ISERROR(F8),"",VLOOKUP(A8,INDIRECT($F$8),7+(O24-1)*3)) -> 20 | U24: =IF(ISERROR(F8),"",VLOOKUP(A8,INDIRECT($F$8),8+(O24-1)*3)) -> 50 | V24: =IF(ISERROR(F8),"",IF(N24=0,A24,"")) | W24: =IF(ISERROR(F8),"",IF(ISTEXT(VLOOKUP(B8,INDIRECT($F$8),6+(O24-1)*3)),11,IF(VLOOKUP(B8,INDIRECT($F$8),6+(O24-1)*3)<S24*0.3,IF(VLOOKUP(B8,INDIRECT($F$8),8+(O24-1)*3)<U24*0.4,IF(AND(0.4*U24-VLOOKUP(B8,INDIRECT($F$8),8+(O24-1)*3)<=5,0.3*S24-VLOOKUP(B8,INDIRECT($F$8),6+(O24-1)*3)<=5),MAX(0.4*U24-VLOOKUP(B8,INDIRECT($F$8),8+(O24-1)*3),0.3*S24-VLOOKUP(B8,INDIRECT($F$8),6+(O24-1)*3)),11),IF(0.3*S24-VLOOKUP(B8,INDIRECT($F$8),6+(O24-1)*3)<=5,0.3*S24-VLOOKUP(B8,INDIRECT($F$8),6+(O24-1)*3),11)),IF(VLOOKUP(B8,INDIRECT($F$8),8+(O24-1)*3)<U24*0.4,IF(U24*0.4-VLOOKUP(B8,INDIRECT($F$8),8+(O24-1)*3)<=5,U24*0.4-VLOOKUP(B8,INDIRECT($F$8),8+(O24-1)*3),11),0)))) -> 0 | X24: =IF(ISERROR(F8),"",IF(W24=0,"",_xlfn.TEXTJOIN("",FALSE," G+",W24," in ",A24)))
A25: =IF(ISERROR(F8),"",VLOOKUP(C8,INDIRECT($F$8),6+(O25-1)*3,0)) -> AHP 303 | B25: =IF(ISERROR(F8),"",VLOOKUP(D8,INDIRECT($F$8),6+(O25-1)*3,0)) -> Technical Communication Skills | F25: =IF(ISERROR(F8),"",VLOOKUP(E8,INDIRECT($F$8),6+(O25-1)*3,0)) -> 1 | G25: =IF(ISERROR(F8),"",_xlfn.TEXTJOIN("/",FALSE,P25,S25)) -> 22/30 | I25: =IF(ISERROR(F8),"",_xlfn.TEXTJOIN("/",FALSE,Q25,T25)) -> 16/20 | K25: =IF(ISERROR(F8),"",_xlfn.TEXTJOIN("/",FALSE,R25,U25)) -> 38/50 | M25: =IF(ISERROR(F8),"",IF(ISTEXT(P25),IF(P25="A","Ab",IF(P25="D","Dt",IF(P25="UFM","UFM",IF(P25="NA","-")))),IF(AND(ISBLANK(P25),ISBLANK(R25)),"",IF(P25<0.3*S25,"F",IF(ISBLANK(R25),"",IF(ISTEXT(R25),R25,IF(R25>=0.95*U25,"O",IF(R25>=0.9*U25,"A+",IF(R25>=0.85*U25,"A",IF(R25>=0.8*U25,"B+",IF(R25>=0.75*U25,"B",IF(R25>=0.7*U25,"C+",IF(R25>=0.65*U25,"C",IF(R25>=0.6*U25,"D+",IF(R25>=0.55*U25,"D",IF(R25>=0.5*U25,"E+",IF(R25>=0.45*U25,"E",IF(R25>=0.4*U25,"P",IF(R25<0.4*U25,"F",R25))))))))))))))))))) -> B | N25: =INDEX($Z$2:$Z$18,MATCH(M25,$Y$2:$Y$18,0)) -> 8 | O25: =O24+1 -> 13 | P25: =IF(ISERROR(F8),"",IF(ISTEXT(VLOOKUP(B8,INDIRECT($F$8),6+(O25-1)*3)),(VLOOKUP(B8,INDIRECT($F$8),6+(O25-1)*3)),SUM(VLOOKUP(B8,INDIRECT($F$8),6+(O25-1)*3),IF(W27,W25,0)))) -> 22 | Q25: =IF(ISERROR(F8),"",VLOOKUP(B8,INDIRECT($F$8),7+(O25-1)*3)) -> 16 | R25: =IF(ISERROR(F8),"",SUM(P25:Q25)) -> 38 | S25: =IF(ISERROR(F8),"",VLOOKUP(A8,INDIRECT($F$8),6+(O25-1)*3)) -> 30 | T25: =IF(ISERROR(F8),"",VLOOKUP(A8,INDIRECT($F$8),7+(O25-1)*3)) -> 20 | U25: =IF(ISERROR(F8),"",VLOOKUP(A8,INDIRECT($F$8),8+(O25-1)*3)) -> 50 | W25: =IF(ISERROR(F8),"",IF(ISTEXT(VLOOKUP(B8,INDIRECT($F$8),6+(O25-1)*3)),11,IF(VLOOKUP(B8,INDIRECT($F$8),6+(O25-1)*3)<S25*0.3,IF(VLOOKUP(B8,INDIRECT($F$8),8+(O25-1)*3)<U25*0.4,IF(AND(0.4*U25-VLOOKUP(B8,INDIRECT($F$8),8+(O25-1)*3)<=5,0.3*S25-VLOOKUP(B8,INDIRECT($F$8),6+(O25-1)*3)<=5),MAX(0.4*U25-VLOOKUP(B8,INDIRECT($F$8),8+(O25-1)*3),0.3*S25-VLOOKUP(B8,INDIRECT($F$8),6+(O25-1)*3)),11),IF(0.3*S25-VLOOKUP(B8,INDIRECT($F$8),6+(O25-1)*3)<=5,0.3*S25-VLOOKUP(B8,INDIRECT($F$8),6+(O25-1)*3),11)),IF(VLOOKUP(B8,INDIRECT($F$8),8+(O25-1)*3)<U25*0.4,IF(U25*0.4-VLOOKUP(B8,INDIRECT($F$8),8+(O25-1)*3)<=5,U25*0.4-VLOOKUP(B8,INDIRECT($F$8),8+(O25-1)*3),11),0)))) -> 0 | X25: =IF(ISERROR(F8),"",IF(W25=0,"",_xlfn.TEXTJOIN("",FALSE," G+",W25," in ",A25)))
A26: =IF(ISERROR(F8),"",VLOOKUP(C8,INDIRECT($F$8),6+(O26-1)*3-Y26,0)) -> 0 | B26: =IF(ISERROR(F8),"",VLOOKUP(D8,INDIRECT($F$8),6+(O26-1)*3-Z26,0)) -> 0 | F26: =IF(ISERROR(F8),"",VLOOKUP(E8,INDIRECT($F$8),6+(O26-1)*3-AA26,0)) -> 0 | G26: =IF(ISERROR(F8),"","-") -> - | I26: =IF(ISERROR(F8),"",_xlfn.TEXTJOIN("/",FALSE,Q26,T26)) -> 0/0 | K26: =IF(ISERROR(F8),"",_xlfn.TEXTJOIN("/",FALSE,R26,U26)) -> 0/0 | M26: =IF(ISBLANK(R26),"",IF(ISTEXT(R26),R26,IF(R26>=0.8*U26,"Excellent",IF(R26>=0.6*U26,"Very Good",IF(R26>=0.4*U26,"Good",IF(R26>=0.2*U26,"Satisfactory","Average")))))) -> Excellent | O26: =O25+1 -> 14 | P26: =IF(ISERROR(F8),"",IF(ISTEXT(VLOOKUP(B\28,INDIRECT($F$8),6+(O26-1)*3)),(VLOOKUP(B8,INDIRECT($F$8),6+(O26-1)*3)),SUM(VLOOKUP(B8,INDIRECT($F$8),6+(O26-1)*3),IF(W27,W26,0)))) -> 0 | Q26: =IF(ISERROR(F8),"",VLOOKUP(B8,INDIRECT($F$8),7+(O26-1)*3)) -> 0 | R26: =IF(ISERROR(F8),"",SUM(P26:Q26)) -> 0 | S26: =IF(ISERROR(F8),"",VLOOKUP(A8,INDIRECT($F$8),6+(O26-1)*3)) -> 0 | T26: =IF(ISERROR(F8),"",VLOOKUP(A8,INDIRECT($F$8),7+(O26-1)*3)) -> 0 | U26: =IF(ISERROR(F8),"",VLOOKUP(A8,INDIRECT($F$8),8+(O26-1)*3)) -> 0 | X26: =IF(ISERROR(F8),"",IF(W26=0,"",_xlfn.TEXTJOIN("",FALSE," G+",W26," in ",A26)))
A27: Total Credits/ Marks/ Total Grade Points | F27: =SUM(F13:F26) -> 24 | G27: =_xlfn.TEXTJOIN("/",TRUE,SUMIF(F13:F26,">0",P13:P26),SUMIF(F13:F26,">0",S13:S26)) -> 384/620 | I27: =_xlfn.TEXTJOIN("/",TRUE,SUMIF(F13:F26,">0",Q13:Q26),SUMIF(F13:F26,">0",T13:T26)) -> 267/330 | K27: =_xlfn.TEXTJOIN("/",TRUE,SUMIF(F13:F26,">0",R13:R26),SUMIF(F13:F26,">0",U13:U26)) -> 651/950 | M27: =SUMPRODUCT(N13:N25,F13:F25) -> 168.5 | V27: =_xlfn.TEXTJOIN(", ",TRUE,V13:V26) | W27: =IF(SUM(W13:W26)<=W12,TRUE,FALSE) -> TRUE | X27: =_xlfn.TEXTJOIN(",",TRUE,X13:X26)
A28: Result: | B28: =IF(V27="","PASS","CARRY OVER") -> PASS | D28: Remark: | E28: =IF(ISERROR(F8),"",IF(W27,X27,IF(V27="","",_xlfn.TEXTJOIN("",TRUE,"BACK IN ",V27)))) | G28: SGPA: | H28: =M27/F27 -> 7.0208333 | I28: CGPA: | J28: =IF(ISERROR(F8),"",VLOOKUP(B8,INDIRECT($F$8),12+(O26-1)*3,0)) -> 7.0208333 | K28: Earned Credits: | L28: =SUMIF(N13:N25,">0",F13:F25) -> 24 | M28: Cuml. Earned Credits: | N28: =IF(ISERROR(F8),"",VLOOKUP(B8,INDIRECT($F$8),10+(O26-1)*3,0)) -> 24
A31: =A8 -> MM | B31: =B8+1 -> 2 | C31: =C8 -> SC | D31: =D8 -> SN | E31: =E8 -> C | F31: =VLOOKUP(B31,INDIRECT($F$8),4,0) -> ABHISHEK SINGH NAYAL
A32: =IF(ISERROR(F31),"",A9) -> Name: | B32: =IFERROR(VLOOKUP(B31,INDIRECT($F$8),4,0),"") -> ABHISHEK SINGH NAYAL | D32: =IF(ISERROR(F31),"",D9) -> Father's Name: | E32: =IFERROR(VLOOKUP(B31,INDIRECT($F$8),5,0),"") -> RAVENDRA SINGH NAYAL | G32: =IF(ISERROR(F31),"",G9) -> University Roll No: | I32: =IFERROR(VLOOKUP(B31,INDIRECT($F$8),2,0),"") -> 250090600002 | K32: =IF(ISERROR(F31),"",K9) -> University Enrol. No: | M32: =IFERROR(VLOOKUP(B31,INDIRECT($F$8),3,0),"") -> UTU/2506100159
A34: =IF(ISERROR(F31),"",A11) -> Subject Code | B34: =IF(ISERROR(F31),"",B11) -> Subject Name | F34: =IF(ISERROR(F31),"",F11) -> Credits | G34: =IF(ISERROR(F31),"",G11) -> External Marks | I34: =IF(ISERROR(F31),"",I11) -> Sessional Marks | K34: =IF(ISERROR(F31),"",K11) -> Total Marks | M34: =IF(ISERROR(F31),"",M11) -> Grade | N34: =IF(ISERROR(F31),"",N11) -> Grade Points
W35: =IF(ISNUMBER(MATCH($F$8,{"I","III","V","VII"},0)),10,10-INDEX(INDIRECT(_xlfn.TEXTJOIN("",TRUE,"SEM_",$G$8,"!",ADDRESS(6,4+$I$8*3+4),":",ADDRESS(5+$H$8,4+$I$8*3+4))),MATCH(INDIRECT(_xlfn.TEXTJOIN("",TRUE,"TC_",$F$8,"!",ADDRESS(ROW(I32),COLUMN(I32)))),INDIRECT(_xlfn.TEXTJOIN("",TRUE,"SEM_",$G$8,"!",ADDRESS(6,2),":",ADDRESS(5+$H$8,2)))))) -> 10
A36: =IF(ISERROR(F31),"",VLOOKUP(C31,INDIRECT($F$8),6+(O36-1)*3,0)) -> CAT 004 | B36: =IF(ISERROR(F31),"",VLOOKUP(D31,INDIRECT($F$8),6+(O36-1)*3,0)) -> Discrete Structure | F36: =IF(ISERROR(F31),"",VLOOKUP(E31,INDIRECT($F$8),6+(O36-1)*3,0)) -> 4 | G36: =IF(ISERROR(F31),"",_xlfn.TEXTJOIN("/",FALSE,P36,S36)) -> 61/100 | I36: =IF(ISERROR(F31),"",_xlfn.TEXTJOIN("/",FALSE,Q36,T36)) -> 35/50 | K36: =IF(ISERROR(F31),"",_xlfn.TEXTJOIN("/",FALSE,R36,U36)) -> 96/150 | M36: =IF(ISERROR(F31),"",IF(ISTEXT(P36),IF(P36="A","Ab",IF(P36="D","Dt",IF(P36="UFM","UFM",IF(P36="NA","-")))),IF(AND(ISBLANK(P36),ISBLANK(R36)),"",IF(P36<0.3*S36,"F",IF(ISBLANK(R36),"",IF(ISTEXT(R36),R36,IF(R36>=0.95*U36,"O",IF(R36>=0.9*U36,"A+",IF(R36>=0.85*U36,"A",IF(R36>=0.8*U36,"B+",IF(R36>=0.75*U36,"B",IF(R36>=0.7*U36,"C+",IF(R36>=0.65*U36,"C",IF(R36>=0.6*U36,"D+",IF(R36>=0.55*U36,"D",IF(R36>=0.5*U36,"E+",IF(R36>=0.45*U36,"E",IF(R36>=0.4*U36,"P",IF(R36<0.4*U36,"F",R36))))))))))))))))))) -> D+ | N36: =INDEX($Z$2:$Z$18,MATCH(M36,$Y$2:$Y$18,0)) -> 6.5 | O36: 1 | P36: =IF(ISERROR(F31),"",IF(ISTEXT(VLOOKUP(B31,INDIRECT($F$8),6+(O36-1)*3)),(VLOOKUP(B31,INDIRECT($F$8),6+(O36-1)*3)),SUM(VLOOKUP(B31,INDIRECT($F$8),6+(O36-1)*3),IF(W50,W36,0)))) -> 61 | Q36: =IF(ISERROR(F31),"",VLOOKUP(B31,INDIRECT($F$8),7+(O36-1)*3)) -> 35 | R36: =IF(ISERROR(F31),"",SUM(P36:Q36)) -> 96 | S36: =IF(ISERROR(F31),"",VLOOKUP(A31,INDIRECT($F$8),6+(O36-1)*3)) -> 100 | T36: =IF(ISERROR(F31),"",VLOOKUP(A31,INDIRECT($F$8),7+(O36-1)*3)) -> 50 | U36: =IF(ISERROR(F31),"",VLOOKUP(A31,INDIRECT($F$8),8+(O36-1)*3)) -> 150 | V36: =IF(ISERROR(F31),"",IF(N36=0,A36,"")) | W36: =IF(ISERROR(F31),"",IF(ISTEXT(VLOOKUP(B31,INDIRECT($F$8),6+(O36-1)*3)),11,IF(VLOOKUP(B31,INDIRECT($F$8),6+(O36-1)*3)<S36*0.3,IF(VLOOKUP(B31,INDIRECT($F$8),8+(O36-1)*3)<U36*0.4,IF(AND(0.4*U36-VLOOKUP(B31,INDIRECT($F$8),8+(O36-1)*3)<=5,0.3*S36-VLOOKUP(B31,INDIRECT($F$8),6+(O36-1)*3)<=5),MAX(0.4*U36-VLOOKUP(B31,INDIRECT($F$8),8+(O36-1)*3),0.3*S36-VLOOKUP(B31,INDIRECT($F$8),6+(O36-1)*3)),11),IF(0.3*S36-VLOOKUP(B31,INDIRECT($F$8),6+(O36-1)*3)<=5,0.3*S36-VLOOKUP(B31,INDIRECT($F$8),6+(O36-1)*3),11)),IF(VLOOKUP(B31,INDIRECT($F$8),8+(O36-1)*3)<U36*0.4,IF(U36*0.4-VLOOKUP(B31,INDIRECT($F$8),8+(O36-1)*3)<=5,U36*0.4-VLOOKUP(B31,INDIRECT($F$8),8+(O36-1)*3),11),0)))) -> 0 | X36: =IF(ISERROR(F31),"",IF(W36=0,"",_xlfn.TEXTJOIN("",FALSE," G+",W36," in ",A36)))
A37: =IF(ISERROR(F31),"",VLOOKUP(C31,INDIRECT($F$8),6+(O37-1)*3,0)) -> CAT 005 | B37: =IF(ISERROR(F31),"",VLOOKUP(D31,INDIRECT($F$8),6+(O37-1)*3,0)) -> Database Management System | F37: =IF(ISERROR(F31),"",VLOOKUP(E31,INDIRECT($F$8),6+(O37-1)*3,0)) -> 4 | G37: =IF(ISERROR(F31),"",_xlfn.TEXTJOIN("/",FALSE,P37,S37)) -> 46/100 | I37: =IF(ISERROR(F31),"",_xlfn.TEXTJOIN("/",FALSE,Q37,T37)) -> 34/50 | K37: =IF(ISERROR(F31),"",_xlfn.TEXTJOIN("/",FALSE,R37,U37)) -> 80/150 | M37: =IF(ISERROR(F31),"",IF(ISTEXT(P37),IF(P37="A","Ab",IF(P37="D","Dt",IF(P37="UFM","UFM",IF(P37="NA","-")))),IF(AND(ISBLANK(P37),ISBLANK(R37)),"",IF(P37<0.3*S37,"F",IF(ISBLANK(R37),"",IF(ISTEXT(R37),R37,IF(R37>=0.95*U37,"O",IF(R37>=0.9*U37,"A+",IF(R37>=0.85*U37,"A",IF(R37>=0.8*U37,"B+",IF(R37>=0.75*U37,"B",IF(R37>=0.7*U37,"C+",IF(R37>=0.65*U37,"C",IF(R37>=0.6*U37,"D+",IF(R37>=0.55*U37,"D",IF(R37>=0.5*U37,"E+",IF(R37>=0.45*U37,"E",IF(R37>=0.4*U37,"P",IF(R37<0.4*U37,"F",R37))))))))))))))))))) -> E+ | N37: =INDEX($Z$2:$Z$18,MATCH(M37,$Y$2:$Y$18,0)) -> 5.5 | O37: =O36+1 -> 2 | P37: =IF(ISERROR(F31),"",IF(ISTEXT(VLOOKUP(B31,INDIRECT($F$8),6+(O37-1)*3)),(VLOOKUP(B31,INDIRECT($F$8),6+(O37-1)*3)),SUM(VLOOKUP(B31,INDIRECT($F$8),6+(O37-1)*3),IF(W50,W37,0)))) -> 46 | Q37: =IF(ISERROR(F31),"",VLOOKUP(B31,INDIRECT($F$8),7+(O37-1)*3)) -> 34 | R37: =IF(ISERROR(F31),"",SUM(P37:Q37)) -> 80 | S37: =IF(ISERROR(F31),"",VLOOKUP(A31,INDIRECT($F$8),6+(O37-1)*3)) -> 100 | T37: =IF(ISERROR(F31),"",VLOOKUP(A31,INDIRECT($F$8),7+(O37-1)*3)) -> 50 | U37: =IF(ISERROR(F31),"",VLOOKUP(A31,INDIRECT($F$8),8+(O37-1)*3)) -> 150 | V37: =IF(ISERROR(F31),"",IF(N37=0,A37,"")) | W37: =IF(ISERROR(F31),"",IF(ISTEXT(VLOOKUP(B31,INDIRECT($F$8),6+(O37-1)*3)),11,IF(VLOOKUP(B31,INDIRECT($F$8),6+(O37-1)*3)<S37*0.3,IF(VLOOKUP(B31,INDIRECT($F$8),8+(O37-1)*3)<U37*0.4,IF(AND(0.4*U37-VLOOKUP(B31,INDIRECT($F$8),8+(O37-1)*3)<=5,0.3*S37-VLOOKUP(B31,INDIRECT($F$8),6+(O37-1)*3)<=5),MAX(0.4*U37-VLOOKUP(B31,INDIRECT($F$8),8+(O37-1)*3),0.3*S37-VLOOKUP(B31,INDIRECT($F$8),6+(O37-1)*3)),11),IF(0.3*S37-VLOOKUP(B31,INDIRECT($F$8),6+(O37-1)*3)<=5,0.3*S37-VLOOKUP(B31,INDIRECT($F$8),6+(O37-1)*3),11)),IF(VLOOKUP(B31,INDIRECT($F$8),8+(O37-1)*3)<U37*0.4,IF(U37*0.4-VLOOKUP(B31,INDIRECT($F$8),8+(O37-1)*3)<=5,U37*0.4-VLOOKUP(B31,INDIRECT($F$8),8+(O37-1)*3),11),0)))) -> 0 | X37: =IF(ISERROR(F31),"",IF(W37=0,"",_xlfn.TEXTJOIN("",FALSE," G+",W37," in ",A37)))
A38: =IF(ISERROR(F31),"",VLOOKUP(C31,INDIRECT($F$8),6+(O38-1)*3,0)) -> CAT 006 | B38: =IF(ISERROR(F31),"",VLOOKUP(D31,INDIRECT($F$8),6+(O38-1)*3,0)) -> Operating System | F38: =IF(ISERROR(F31),"",VLOOKUP(E31,INDIRECT($F$8),6+(O38-1)*3,0)) -> 4 | G38: =IF(ISERROR(F31),"",_xlfn.TEXTJOIN("/",FALSE,P38,S38)) -> 56/100 | I38: =IF(ISERROR(F31),"",_xlfn.TEXTJOIN("/",FALSE,Q38,T38)) -> 46/50 | K38: =IF(ISERROR(F31),"",_xlfn.TEXTJOIN("/",FALSE,R38,U38)) -> 102/150 | M38: =IF(ISERROR(F31),"",IF(ISTEXT(P38),IF(P38="A","Ab",IF(P38="D","Dt",IF(P38="UFM","UFM",IF(P38="NA","-")))),IF(AND(ISBLANK(P38),ISBLANK(R38)),"",IF(P38<0.3*S38,"F",IF(ISBLANK(R38),"",IF(ISTEXT(R38),R38,IF(R38>=0.95*U38,"O",IF(R38>=0.9*U38,"A+",IF(R38>=0.85*U38,"A",IF(R38>=0.8*U38,"B+",IF(R38>=0.75*U38,"B",IF(R38>=0.7*U38,"C+",IF(R38>=0.65*U38,"C",IF(R38>=0.6*U38,"D+",IF(R38>=0.55*U38,"D",IF(R38>=0.5*U38,"E+",IF(R38>=0.45*U38,"E",IF(R38>=0.4*U38,"P",IF(R38<0.4*U38,"F",R38))))))))))))))))))) -> C | N38: =INDEX($Z$2:$Z$18,MATCH(M38,$Y$2:$Y$18,0)) -> 7 | O38: =O37+1 -> 3 | P38: =IF(ISERROR(F31),"",IF(ISTEXT(VLOOKUP(B31,INDIRECT($F$8),6+(O38-1)*3)),(VLOOKUP(B31,INDIRECT($F$8),6+(O38-1)*3)),SUM(VLOOKUP(B31,INDIRECT($F$8),6+(O38-1)*3),IF(W50,W38,0)))) -> 56 | Q38: =IF(ISERROR(F31),"",VLOOKUP(B31,INDIRECT($F$8),7+(O38-1)*3)) -> 46 | R38: =IF(ISERROR(F31),"",SUM(P38:Q38)) -> 102 | S38: =IF(ISERROR(F31),"",VLOOKUP(A31,INDIRECT($F$8),6+(O38-1)*3)) -> 100 | T38: =IF(ISERROR(F31),"",VLOOKUP(A31,INDIRECT($F$8),7+(O38-1)*3)) -> 50 | U38: =IF(ISERROR(F31),"",VLOOKUP(A31,INDIRECT($F$8),8+(O38-1)*3)) -> 150 | V38: =IF(ISERROR(F31),"",IF(N38=0,A38,"")) | W38: =IF(ISERROR(F31),"",IF(ISTEXT(VLOOKUP(B31,INDIRECT($F$8),6+(O38-1)*3)),11,IF(VLOOKUP(B31,INDIRECT($F$8),6+(O38-1)*3)<S38*0.3,IF(VLOOKUP(B31,INDIRECT($F$8),8+(O38-1)*3)<U38*0.4,IF(AND(0.4*U38-VLOOKUP(B31,INDIRECT($F$8),8+(O38-1)*3)<=5,0.3*S38-VLOOKUP(B31,INDIRECT($F$8),6+(O38-1)*3)<=5),MAX(0.4*U38-VLOOKUP(B31,INDIRECT($F$8),8+(O38-1)*3),0.3*S38-VLOOKUP(B31,INDIRECT($F$8),6+(O38-1)*3)),11),IF(0.3*S38-VLOOKUP(B31,INDIRECT($F$8),6+(O38-1)*3)<=5,0.3*S38-VLOOKUP(B31,INDIRECT($F$8),6+(O38-1)*3),11)),IF(VLOOKUP(B31,INDIRECT($F$8),8+(O38-1)*3)<U38*0.4,IF(U38*0.4-VLOOKUP(B31,INDIRECT($F$8),8+(O38-1)*3)<=5,U38*0.4-VLOOKUP(B31,INDIRECT($F$8),8+(O38-1)*3),11),0)))) -> 0 | X38: =IF(ISERROR(F31),"",IF(W38=0,"",_xlfn.TEXTJOIN("",FALSE," G+",W38," in ",A38)))
A39: =IF(ISERROR(F31),"",VLOOKUP(C31,INDIRECT($F$8),6+(O39-1)*3,0)) -> CAT 007 | B39: =IF(ISERROR(F31),"",VLOOKUP(D31,INDIRECT($F$8),6+(O39-1)*3,0)) -> Computer Organization | F39: =IF(ISERROR(F31),"",VLOOKUP(E31,INDIRECT($F$8),6+(O39-1)*3,0)) -> 4 | G39: =IF(ISERROR(F31),"",_xlfn.TEXTJOIN("/",FALSE,P39,S39)) -> 51/100 | I39: =IF(ISERROR(F31),"",_xlfn.TEXTJOIN("/",FALSE,Q39,T39)) -> 41/50 | K39: =IF(ISERROR(F31),"",_xlfn.TEXTJOIN("/",FALSE,R39,U39)) -> 92/150 | M39: =IF(ISERROR(F31),"",IF(ISTEXT(P39),IF(P39="A","Ab",IF(P39="D","Dt",IF(P39="UFM","UFM",IF(P39="NA","-")))),IF(AND(ISBLANK(P39),ISBLANK(R39)),"",IF(P39<0.3*S39,"F",IF(ISBLANK(R39),"",IF(ISTEXT(R39),R39,IF(R39>=0.95*U39,"O",IF(R39>=0.9*U39,"A+",IF(R39>=0.85*U39,"A",IF(R39>=0.8*U39,"B+",IF(R39>=0.75*U39,"B",IF(R39>=0.7*U39,"C+",IF(R39>=0.65*U39,"C",IF(R39>=0.6*U39,"D+",IF(R39>=0.55*U39,"D",IF(R39>=0.5*U39,"E+",IF(R39>=0.45*U39,"E",IF(R39>=0.4*U39,"P",IF(R39<0.4*U39,"F",R39))))))))))))))))))) -> D+ | N39: =INDEX($Z$2:$Z$18,MATCH(M39,$Y$2:$Y$18,0)) -> 6.5 | O39: =O38+1 -> 4 | P39: =IF(ISERROR(F31),"",IF(ISTEXT(VLOOKUP(B31,INDIRECT($F$8),6+(O39-1)*3)),(VLOOKUP(B31,INDIRECT($F$8),6+(O39-1)*3)),SUM(VLOOKUP(B31,INDIRECT($F$8),6+(O39-1)*3),IF(W50,W39,0)))) -> 51 | Q39: =IF(ISERROR(F31),"",VLOOKUP(B31,INDIRECT($F$8),7+(O39-1)*3)) -> 41 | R39: =IF(ISERROR(F31),"",SUM(P39:Q39)) -> 92 | S39: =IF(ISERROR(F31),"",VLOOKUP(A31,INDIRECT($F$8),6+(O39-1)*3)) -> 100 | T39: =IF(ISERROR(F31),"",VLOOKUP(A31,INDIRECT($F$8),7+(O39-1)*3)) -> 50 | U39: =IF(ISERROR(F31),"",VLOOKUP(A31,INDIRECT($F$8),8+(O39-1)*3)) -> 150 | V39: =IF(ISERROR(F31),"",IF(N39=0,A39,"")) | W39: =IF(ISERROR(F31),"",IF(ISTEXT(VLOOKUP(B31,INDIRECT($F$8),6+(O39-1)*3)),11,IF(VLOOKUP(B31,INDIRECT($F$8),6+(O39-1)*3)<S39*0.3,IF(VLOOKUP(B31,INDIRECT($F$8),8+(O39-1)*3)<U39*0.4,IF(AND(0.4*U39-VLOOKUP(B31,INDIRECT($F$8),8+(O39-1)*3)<=5,0.3*S39-VLOOKUP(B31,INDIRECT($F$8),6+(O39-1)*3)<=5),MAX(0.4*U39-VLOOKUP(B31,INDIRECT($F$8),8+(O39-1)*3),0.3*S39-VLOOKUP(B31,INDIRECT($F$8),6+(O39-1)*3)),11),IF(0.3*S39-VLOOKUP(B31,INDIRECT($F$8),6+(O39-1)*3)<=5,0.3*S39-VLOOKUP(B31,INDIRECT($F$8),6+(O39-1)*3),11)),IF(VLOOKUP(B31,INDIRECT($F$8),8+(O39-1)*3)<U39*0.4,IF(U39*0.4-VLOOKUP(B31,INDIRECT($F$8),8+(O39-1)*3)<=5,U39*0.4-VLOOKUP(B31,INDIRECT($F$8),8+(O39-1)*3),11),0)))) -> 0 | X39: =IF(ISERROR(F31),"",IF(W39=0,"",_xlfn.TEXTJOIN("",FALSE," G+",W39," in ",A39)))
A40: =IF(ISERROR(F31),"",VLOOKUP(C31,INDIRECT($F$8),6+(O40-1)*3,0)) -> AHT 303 | B40: =IF(ISERROR(F31),"",VLOOKUP(D31,INDIRECT($F$8),6+(O40-1)*3,0)) -> Technical Communication Skills | F40: =IF(ISERROR(F31),"",VLOOKUP(E31,INDIRECT($F$8),6+(O40-1)*3,0)) -> 4 | G40: =IF(ISERROR(F31),"",_xlfn.TEXTJOIN("/",FALSE,P40,S40)) -> 70/100 | I40: =IF(ISERROR(F31),"",_xlfn.TEXTJOIN("/",FALSE,Q40,T40)) -> 37/50 | K40: =IF(ISERROR(F31),"",_xlfn.TEXTJOIN("/",FALSE,R40,U40)) -> 107/150 | M40: =IF(ISERROR(F31),"",IF(ISTEXT(P40),IF(P40="A","Ab",IF(P40="D","Dt",IF(P40="UFM","UFM",IF(P40="NA","-")))),IF(AND(ISBLANK(P40),ISBLANK(R40)),"",IF(P40<0.3*S40,"F",IF(ISBLANK(R40),"",IF(ISTEXT(R40),R40,IF(R40>=0.95*U40,"O",IF(R40>=0.9*U40,"A+",IF(R40>=0.85*U40,"A",IF(R40>=0.8*U40,"B+",IF(R40>=0.75*U40,"B",IF(R40>=0.7*U40,"C+",IF(R40>=0.65*U40,"C",IF(R40>=0.6*U40,"D+",IF(R40>=0.55*U40,"D",IF(R40>=0.5*U40,"E+",IF(R40>=0.45*U40,"E",IF(R40>=0.4*U40,"P",IF(R40<0.4*U40,"F",R40))))))))))))))))))) -> C+ | N40: =INDEX($Z$2:$Z$18,MATCH(M40,$Y$2:$Y$18,0)) -> 7.5 | O40: =O39+1 -> 5 | P40: =IF(ISERROR(F31),"",IF(ISTEXT(VLOOKUP(B31,INDIRECT($F$8),6+(O40-1)*3)),(VLOOKUP(B31,INDIRECT($F$8),6+(O40-1)*3)),SUM(VLOOKUP(B31,INDIRECT($F$8),6+(O40-1)*3),IF(W50,W40,0)))) -> 70 | Q40: =IF(ISERROR(F31),"",VLOOKUP(B31,INDIRECT($F$8),7+(O40-1)*3)) -> 37 | R40: =IF(ISERROR(F31),"",SUM(P40:Q40)) -> 107 | S40: =IF(ISERROR(F31),"",VLOOKUP(A31,INDIRECT($F$8),6+(O40-1)*3)) -> 100 | T40: =IF(ISERROR(F31),"",VLOOKUP(A31,INDIRECT($F$8),7+(O40-1)*3)) -> 50 | U40: =IF(ISERROR(F31),"",VLOOKUP(A31,INDIRECT($F$8),8+(O40-1)*3)) -> 150 | V40: =IF(ISERROR(F31),"",IF(N40=0,A40,"")) | W40: =IF(ISERROR(F31),"",IF(ISTEXT(VLOOKUP(B31,INDIRECT($F$8),6+(O40-1)*3)),11,IF(VLOOKUP(B31,INDIRECT($F$8),6+(O40-1)*3)<S40*0.3,IF(VLOOKUP(B31,INDIRECT($F$8),8+(O40-1)*3)<U40*0.4,IF(AND(0.4*U40-VLOOKUP(B31,INDIRECT($F$8),8+(O40-1)*3)<=5,0.3*S40-VLOOKUP(B31,INDIRECT($F$8),6+(O40-1)*3)<=5),MAX(0.4*U40-VLOOKUP(B31,INDIRECT($F$8),8+(O40-1)*3),0.3*S40-VLOOKUP(B31,INDIRECT($F$8),6+(O40-1)*3)),11),IF(0.3*S40-VLOOKUP(B31,INDIRECT($F$8),6+(O40-1)*3)<=5,0.3*S40-VLOOKUP(B31,INDIRECT($F$8),6+(O40-1)*3),11)),IF(VLOOKUP(B31,INDIRECT($F$8),8+(O40-1)*3)<U40*0.4,IF(U40*0.4-VLOOKUP(B31,INDIRECT($F$8),8+(O40-1)*3)<=5,U40*0.4-VLOOKUP(B31,INDIRECT($F$8),8+(O40-1)*3),11),0)))) -> 0 | X40: =IF(ISERROR(F31),"",IF(W40=0,"",_xlfn.TEXTJOIN("",FALSE," G+",W40," in ",A40)))
A41: =IF(ISERROR(F31),"",VLOOKUP(C31,INDIRECT($F$8),6+(O41-1)*3,0)) -> CAT 008 | B41: =IF(ISERROR(F31),"",VLOOKUP(D31,INDIRECT($F$8),6+(O41-1)*3,0)) -> Python Programming ($) | F41: =IF(ISERROR(F31),"",VLOOKUP(E31,INDIRECT($F$8),6+(O41-1)*3,0)) -> 0 | G41: =IF(ISERROR(F31),"",_xlfn.TEXTJOIN("/",FALSE,P41,S41)) -> 14/30 | I41: =IF(ISERROR(F31),"",_xlfn.TEXTJOIN("/",FALSE,Q41,T41)) -> 12/20 | K41: =IF(ISERROR(F31),"",_xlfn.TEXTJOIN("/",FALSE,R41,U41)) -> 26/50 | M41: =IF(ISERROR(F31),"",IF(ISTEXT(P41),IF(P41="A","Ab",IF(P41="D","Dt",IF(P41="UFM","UFM",IF(P41="NA","-")))),IF(AND(ISBLANK(P41),ISBLANK(R41)),"",IF(P41<0.3*S41,"F",IF(ISBLANK(R41),"",IF(ISTEXT(R41),R41,IF(R41>=0.95*U41,"O",IF(R41>=0.9*U41,"A+",IF(R41>=0.85*U41,"A",IF(R41>=0.8*U41,"B+",IF(R41>=0.75*U41,"B",IF(R41>=0.7*U41,"C+",IF(R41>=0.65*U41,"C",IF(R41>=0.6*U41,"D+",IF(R41>=0.55*U41,"D",IF(R41>=0.5*U41,"E+",IF(R41>=0.45*U41,"E",IF(R41>=0.4*U41,"P",IF(R41<0.4*U41,"F",R41))))))))))))))))))) -> E+ | N41: =INDEX($Z$2:$Z$18,MATCH(M41,$Y$2:$Y$18,0)) -> 5.5 | O41: =O40+1 -> 6 | P41: =IF(ISERROR(F31),"",IF(ISTEXT(VLOOKUP(B31,INDIRECT($F$8),6+(O41-1)*3)),(VLOOKUP(B31,INDIRECT($F$8),6+(O41-1)*3)),SUM(VLOOKUP(B31,INDIRECT($F$8),6+(O41-1)*3),IF(W50,W41,0)))) -> 14 | Q41: =IF(ISERROR(F31),"",VLOOKUP(B31,INDIRECT($F$8),7+(O41-1)*3)) -> 12 | R41: =IF(ISERROR(F31),"",SUM(P41:Q41)) -> 26 | S41: =IF(ISERROR(F31),"",VLOOKUP(A31,INDIRECT($F$8),6+(O41-1)*3)) -> 30 | T41: =IF(ISERROR(F31),"",VLOOKUP(A31,INDIRECT($F$8),7+(O41-1)*3)) -> 20 | U41: =IF(ISERROR(F31),"",VLOOKUP(A31,INDIRECT($F$8),8+(O41-1)*3)) -> 50 | V41: =IF(ISERROR(F31),"",IF(N41=0,A41,"")) | W41: =IF(ISERROR(F31),"",IF(ISTEXT(VLOOKUP(B31,INDIRECT($F$8),6+(O41-1)*3)),11,IF(VLOOKUP(B31,INDIRECT($F$8),6+(O41-1)*3)<S41*0.3,IF(VLOOKUP(B31,INDIRECT($F$8),8+(O41-1)*3)<U41*0.4,IF(AND(0.4*U41-VLOOKUP(B31,INDIRECT($F$8),8+(O41-1)*3)<=5,0.3*S41-VLOOKUP(B31,INDIRECT($F$8),6+(O41-1)*3)<=5),MAX(0.4*U41-VLOOKUP(B31,INDIRECT($F$8),8+(O41-1)*3),0.3*S41-VLOOKUP(B31,INDIRECT($F$8),6+(O41-1)*3)),11),IF(0.3*S41-VLOOKUP(B31,INDIRECT($F$8),6+(O41-1)*3)<=5,0.3*S41-VLOOKUP(B31,INDIRECT($F$8),6+(O41-1)*3),11)),IF(VLOOKUP(B31,INDIRECT($F$8),8+(O41-1)*3)<U41*0.4,IF(U41*0.4-VLOOKUP(B31,INDIRECT($F$8),8+(O41-1)*3)<=5,U41*0.4-VLOOKUP(B31,INDIRECT($F$8),8+(O41-1)*3),11),0)))) -> 0 | X41: =IF(ISERROR(F31),"",IF(W41=0,"",_xlfn.TEXTJOIN("",FALSE," G+",W41," in ",A41)))
A42: =IF(ISERROR(F31),"",VLOOKUP(C31,INDIRECT($F$8),6+(O42-1)*3,0)) -> CAT 001 | B42: =IF(ISERROR(F31),"",VLOOKUP(D31,INDIRECT($F$8),6+(O42-1)*3,0)) -> Introduction of Information Technology ($) | F42: =IF(ISERROR(F31),"",VLOOKUP(E31,INDIRECT($F$8),6+(O42-1)*3,0)) -> 0 | G42: =IF(ISERROR(F31),"",_xlfn.TEXTJOIN("/",FALSE,P42,S42)) -> NA/30 | I42: =IF(ISERROR(F31),"",_xlfn.TEXTJOIN("/",FALSE,Q42,T42)) -> NA/20 | K42: =IF(ISERROR(F31),"",_xlfn.TEXTJOIN("/",FALSE,R42,U42)) -> 0/50 | M42: =IF(ISERROR(F31),"",IF(ISTEXT(P42),IF(P42="A","Ab",IF(P42="D","Dt",IF(P42="UFM","UFM",IF(P42="NA","-")))),IF(AND(ISBLANK(P42),ISBLANK(R42)),"",IF(P42<0.3*S42,"F",IF(ISBLANK(R42),"",IF(ISTEXT(R42),R42,IF(R42>=0.95*U42,"O",IF(R42>=0.9*U42,"A+",IF(R42>=0.85*U42,"A",IF(R42>=0.8*U42,"B+",IF(R42>=0.75*U42,"B",IF(R42>=0.7*U42,"C+",IF(R42>=0.65*U42,"C",IF(R42>=0.6*U42,"D+",IF(R42>=0.55*U42,"D",IF(R42>=0.5*U42,"E+",IF(R42>=0.45*U42,"E",IF(R42>=0.4*U42,"P",IF(R42<0.4*U42,"F",R42))))))))))))))))))) -> - | N42: =INDEX($Z$2:$Z$18,MATCH(M42,$Y$2:$Y$18,0)) -> - | O42: =O41+1 -> 7 | P42: =IF(ISERROR(F31),"",IF(ISTEXT(VLOOKUP(B31,INDIRECT($F$8),6+(O42-1)*3)),(VLOOKUP(B31,INDIRECT($F$8),6+(O42-1)*3)),SUM(VLOOKUP(B31,INDIRECT($F$8),6+(O42-1)*3),IF(W50,W42,0)))) -> NA | Q42: =IF(ISERROR(F31),"",VLOOKUP(B31,INDIRECT($F$8),7+(O42-1)*3)) -> NA | R42: =IF(ISERROR(F31),"",SUM(P42:Q42)) -> 0 | S42: =IF(ISERROR(F31),"",VLOOKUP(A31,INDIRECT($F$8),6+(O42-1)*3)) -> 30 | T42: =IF(ISERROR(F31),"",VLOOKUP(A31,INDIRECT($F$8),7+(O42-1)*3)) -> 20 | U42: =IF(ISERROR(F31),"",VLOOKUP(A31,INDIRECT($F$8),8+(O42-1)*3)) -> 50 | V42: =IF(ISERROR(F31),"",IF(N42=0,A42,"")) | W42: =IF(ISERROR(F31),"",IF(ISTEXT(VLOOKUP(B31,INDIRECT($F$8),6+(O42-1)*3)),11,IF(VLOOKUP(B31,INDIRECT($F$8),6+(O42-1)*3)<S42*0.3,IF(VLOOKUP(B31,INDIRECT($F$8),8+(O42-1)*3)<U42*0.4,IF(AND(0.4*U42-VLOOKUP(B31,INDIRECT($F$8),8+(O42-1)*3)<=5,0.3*S42-VLOOKUP(B31,INDIRECT($F$8),6+(O42-1)*3)<=5),MAX(0.4*U42-VLOOKUP(B31,INDIRECT($F$8),8+(O42-1)*3),0.3*S42-VLOOKUP(B31,INDIRECT($F$8),6+(O42-1)*3)),11),IF(0.3*S42-VLOOKUP(B31,INDIRECT($F$8),6+(O42-1)*3)<=5,0.3*S42-VLOOKUP(B31,INDIRECT($F$8),6+(O42-1)*3),11)),IF(VLOOKUP(B31,INDIRECT($F$8),8+(O42-1)*3)<U42*0.4,IF(U42*0.4-VLOOKUP(B31,INDIRECT($F$8),8+(O42-1)*3)<=5,U42*0.4-VLOOKUP(B31,INDIRECT($F$8),8+(O42-1)*3),11),0)))) -> 11 | X42: =IF(ISERROR(F31),"",IF(W42=0,"",_xlfn.TEXTJOIN("",FALSE," G+",W42," in ",A42))) -> G+11 in CAT 001
A43: =IF(ISERROR(F31),"",VLOOKUP(C31,INDIRECT($F$8),6+(O43-1)*3,0)) -> CAT 002 | B43: =IF(ISERROR(F31),"",VLOOKUP(D31,INDIRECT($F$8),6+(O43-1)*3,0)) -> Programming Fundamentals with "C" ($) | F43: =IF(ISERROR(F31),"",VLOOKUP(E31,INDIRECT($F$8),6+(O43-1)*3,0)) -> 0 | G43: =IF(ISERROR(F31),"",_xlfn.TEXTJOIN("/",FALSE,P43,S43)) -> NA/30 | I43: =IF(ISERROR(F31),"",_xlfn.TEXTJOIN("/",FALSE,Q43,T43)) -> NA/20 | K43: =IF(ISERROR(F31),"",_xlfn.TEXTJOIN("/",FALSE,R43,U43)) -> 0/50 | M43: =IF(ISERROR(F31),"",IF(ISTEXT(P43),IF(P43="A","Ab",IF(P43="D","Dt",IF(P43="UFM","UFM",IF(P43="NA","-")))),IF(AND(ISBLANK(P43),ISBLANK(R43)),"",IF(P43<0.3*S43,"F",IF(ISBLANK(R43),"",IF(ISTEXT(R43),R43,IF(R43>=0.95*U43,"O",IF(R43>=0.9*U43,"A+",IF(R43>=0.85*U43,"A",IF(R43>=0.8*U43,"B+",IF(R43>=0.75*U43,"B",IF(R43>=0.7*U43,"C+",IF(R43>=0.65*U43,"C",IF(R43>=0.6*U43,"D+",IF(R43>=0.55*U43,"D",IF(R43>=0.5*U43,"E+",IF(R43>=0.45*U43,"E",IF(R43>=0.4*U43,"P",IF(R43<0.4*U43,"F",R43))))))))))))))))))) -> - | N43: =INDEX($Z$2:$Z$18,MATCH(M43,$Y$2:$Y$18,0)) -> - | O43: =O42+1 -> 8 | P43: =IF(ISERROR(F31),"",IF(ISTEXT(VLOOKUP(B31,INDIRECT($F$8),6+(O43-1)*3)),(VLOOKUP(B31,INDIRECT($F$8),6+(O43-1)*3)),SUM(VLOOKUP(B31,INDIRECT($F$8),6+(O43-1)*3),IF(W50,W43,0)))) -> NA | Q43: =IF(ISERROR(F31),"",VLOOKUP(B31,INDIRECT($F$8),7+(O43-1)*3)) -> NA | R43: =IF(ISERROR(F31),"",SUM(P43:Q43)) -> 0 | S43: =IF(ISERROR(F31),"",VLOOKUP(A31,INDIRECT($F$8),6+(O43-1)*3)) -> 30 | T43: =IF(ISERROR(F31),"",VLOOKUP(A31,INDIRECT($F$8),7+(O43-1)*3)) -> 20 | U43: =IF(ISERROR(F31),"",VLOOKUP(A31,INDIRECT($F$8),8+(O43-1)*3)) -> 50 | V43: =IF(ISERROR(F31),"",IF(N43=0,A43,"")) | W43: =IF(ISERROR(F31),"",IF(ISTEXT(VLOOKUP(B31,INDIRECT($F$8),6+(O43-1)*3)),11,IF(VLOOKUP(B31,INDIRECT($F$8),6+(O43-1)*3)<S43*0.3,IF(VLOOKUP(B31,INDIRECT($F$8),8+(O43-1)*3)<U43*0.4,IF(AND(0.4*U43-VLOOKUP(B31,INDIRECT($F$8),8+(O43-1)*3)<=5,0.3*S43-VLOOKUP(B31,INDIRECT($F$8),6+(O43-1)*3)<=5),MAX(0.4*U43-VLOOKUP(B31,INDIRECT($F$8),8+(O43-1)*3),0.3*S43-VLOOKUP(B31,INDIRECT($F$8),6+(O43-1)*3)),11),IF(0.3*S43-VLOOKUP(B31,INDIRECT($F$8),6+(O43-1)*3)<=5,0.3*S43-VLOOKUP(B31,INDIRECT($F$8),6+(O43-1)*3),11)),IF(VLOOKUP(B31,INDIRECT($F$8),8+(O43-1)*3)<U43*0.4,IF(U43*0.4-VLOOKUP(B31,INDIRECT($F$8),8+(O43-1)*3)<=5,U43*0.4-VLOOKUP(B31,INDIRECT($F$8),8+(O43-1)*3),11),0)))) -> 11 | X43: =IF(ISERROR(F31),"",IF(W43=0,"",_xlfn.TEXTJOIN("",FALSE," G+",W43," in ",A43))) -> G+11 in CAT 002
A44: =IF(ISERROR(F31),"",VLOOKUP(C31,INDIRECT($F$8),6+(O44-1)*3,0)) -> CAT 003 | B44: =IF(ISERROR(F31),"",VLOOKUP(D31,INDIRECT($F$8),6+(O44-1)*3-Z44,0)) -> Fundamental of Web Technology ($) | F44: =IF(ISERROR(F31),"",VLOOKUP(E31,INDIRECT($F$8),6+(O44-1)*3,0)) -> 0 | G44: =IF(ISERROR(F31),"",_xlfn.TEXTJOIN("/",FALSE,P44,S44)) -> NA/30 | I44: =IF(ISERROR(F31),"",_xlfn.TEXTJOIN("/",FALSE,Q44,T44)) -> NA/20 | K44: =IF(ISERROR(F31),"",_xlfn.TEXTJOIN("/",FALSE,R44,U44)) -> 0/50 | M44: =IF(ISERROR(F31),"",IF(ISTEXT(P44),IF(P44="A","Ab",IF(P44="D","Dt",IF(P44="UFM","UFM",IF(P44="NA","-")))),IF(AND(ISBLANK(P44),ISBLANK(R44)),"",IF(P44<0.3*S44,"F",IF(ISBLANK(R44),"",IF(ISTEXT(R44),R44,IF(R44>=0.95*U44,"O",IF(R44>=0.9*U44,"A+",IF(R44>=0.85*U44,"A",IF(R44>=0.8*U44,"B+",IF(R44>=0.75*U44,"B",IF(R44>=0.7*U44,"C+",IF(R44>=0.65*U44,"C",IF(R44>=0.6*U44,"D+",IF(R44>=0.55*U44,"D",IF(R44>=0.5*U44,"E+",IF(R44>=0.45*U44,"E",IF(R44>=0.4*U44,"P",IF(R44<0.4*U44,"F",R44))))))))))))))))))) -> - | N44: =INDEX($Z$2:$Z$18,MATCH(M44,$Y$2:$Y$18,0)) -> - | O44: =O43+1 -> 9 | P44: =IF(ISERROR(F31),"",IF(ISTEXT(VLOOKUP(B31,INDIRECT($F$8),6+(O44-1)*3)),(VLOOKUP(B31,INDIRECT($F$8),6+(O44-1)*3)),SUM(VLOOKUP(B31,INDIRECT($F$8),6+(O44-1)*3),IF(W50,W44,0)))) -> NA | Q44: =IF(ISERROR(F31),"",VLOOKUP(B31,INDIRECT($F$8),7+(O44-1)*3)) -> NA | R44: =IF(ISERROR(F31),"",SUM(P44:Q44)) -> 0 | S44: =IF(ISERROR(F31),"",VLOOKUP(A31,INDIRECT($F$8),6+(O44-1)*3)) -> 30 | T44: =IF(ISERROR(F31),"",VLOOKUP(A31,INDIRECT($F$8),7+(O44-1)*3)) -> 20 | U44: =IF(ISERROR(F31),"",VLOOKUP(A31,INDIRECT($F$8),8+(O44-1)*3)) -> 50 | V44: =IF(ISERROR(F31),"",IF(N44=0,A44,"")) | W44: =IF(ISERROR(F31),"",IF(ISTEXT(VLOOKUP(B31,INDIRECT($F$8),6+(O44-1)*3)),11,IF(VLOOKUP(B31,INDIRECT($F$8),6+(O44-1)*3)<S44*0.3,IF(VLOOKUP(B31,INDIRECT($F$8),8+(O44-1)*3)<U44*0.4,IF(AND(0.4*U44-VLOOKUP(B31,INDIRECT($F$8),8+(O44-1)*3)<=5,0.3*S44-VLOOKUP(B31,INDIRECT($F$8),6+(O44-1)*3)<=5),MAX(0.4*U44-VLOOKUP(B31,INDIRECT($F$8),8+(O44-1)*3),0.3*S44-VLOOKUP(B31,INDIRECT($F$8),6+(O44-1)*3)),11),IF(0.3*S44-VLOOKUP(B31,INDIRECT($F$8),6+(O44-1)*3)<=5,0.3*S44-VLOOKUP(B31,INDIRECT($F$8),6+(O44-1)*3),11)),IF(VLOOKUP(B31,INDIRECT($F$8),8+(O44-1)*3)<U44*0.4,IF(U44*0.4-VLOOKUP(B31,INDIRECT($F$8),8+(O44-1)*3)<=5,U44*0.4-VLOOKUP(B31,INDIRECT($F$8),8+(O44-1)*3),11),0)))) -> 11 | X44: =IF(ISERROR(F31),"",IF(W44=0,"",_xlfn.TEXTJOIN("",FALSE," G+",W44," in ",A44))) -> G+11 in CAT 003
A45: =IF(ISERROR(F31),"",VLOOKUP(C31,INDIRECT($F$8),6+(O45-1)*3,0)) -> CAP 001 | B45: =IF(ISERROR(F31),"",VLOOKUP(D31,INDIRECT($F$8),6+(O45-1)*3-Z45,0)) -> Database Management System Lab | F45: =IF(ISERROR(F31),"",VLOOKUP(E31,INDIRECT($F$8),6+(O45-1)*3,0)) -> 1 | G45: =IF(ISERROR(F31),"",_xlfn.TEXTJOIN("/",FALSE,P45,S45)) -> 24/30 | I45: =IF(ISERROR(F31),"",_xlfn.TEXTJOIN("/",FALSE,Q45,T45)) -> 14/20 | K45: =IF(ISERROR(F31),"",_xlfn.TEXTJOIN("/",FALSE,R45,U45)) -> 38/50 | M45: =IF(ISERROR(F31),"",IF(ISTEXT(P45),IF(P45="A","Ab",IF(P45="D","Dt",IF(P45="UFM","UFM",IF(P45="NA","-")))),IF(AND(ISBLANK(P45),ISBLANK(R45)),"",IF(P45<0.3*S45,"F",IF(ISBLANK(R45),"",IF(ISTEXT(R45),R45,IF(R45>=0.95*U45,"O",IF(R45>=0.9*U45,"A+",IF(R45>=0.85*U45,"A",IF(R45>=0.8*U45,"B+",IF(R45>=0.75*U45,"B",IF(R45>=0.7*U45,"C+",IF(R45>=0.65*U45,"C",IF(R45>=0.6*U45,"D+",IF(R45>=0.55*U45,"D",IF(R45>=0.5*U45,"E+",IF(R45>=0.45*U45,"E",IF(R45>=0.4*U45,"P",IF(R45<0.4*U45,"F",R45))))))))))))))))))) -> B | N45: =INDEX($Z$2:$Z$18,MATCH(M45,$Y$2:$Y$18,0)) -> 8 | O45: =O44+1 -> 10 | P45: =IF(ISERROR(F31),"",IF(ISTEXT(VLOOKUP(B31,INDIRECT($F$8),6+(O45-1)*3)),(VLOOKUP(B31,INDIRECT($F$8),6+(O45-1)*3)),SUM(VLOOKUP(B31,INDIRECT($F$8),6+(O45-1)*3),IF(W50,W45,0)))) -> 24 | Q45: =IF(ISERROR(F31),"",VLOOKUP(B31,INDIRECT($F$8),7+(O45-1)*3)) -> 14 | R45: =IF(ISERROR(F31),"",SUM(P45:Q45)) -> 38 | S45: =IF(ISERROR(F31),"",VLOOKUP(A31,INDIRECT($F$8),6+(O45-1)*3)) -> 30 | T45: =IF(ISERROR(F31),"",VLOOKUP(A31,INDIRECT($F$8),7+(O45-1)*3)) -> 20 | U45: =IF(ISERROR(F31),"",VLOOKUP(A31,INDIRECT($F$8),8+(O45-1)*3)) -> 50 | V45: =IF(ISERROR(F31),"",IF(N45=0,A45,"")) | W45: =IF(ISERROR(F31),"",IF(ISTEXT(VLOOKUP(B31,INDIRECT($F$8),6+(O45-1)*3)),11,IF(VLOOKUP(B31,INDIRECT($F$8),6+(O45-1)*3)<S45*0.3,IF(VLOOKUP(B31,INDIRECT($F$8),8+(O45-1)*3)<U45*0.4,IF(AND(0.4*U45-VLOOKUP(B31,INDIRECT($F$8),8+(O45-1)*3)<=5,0.3*S45-VLOOKUP(B31,INDIRECT($F$8),6+(O45-1)*3)<=5),MAX(0.4*U45-VLOOKUP(B31,INDIRECT($F$8),8+(O45-1)*3),0.3*S45-VLOOKUP(B31,INDIRECT($F$8),6+(O45-1)*3)),11),IF(0.3*S45-VLOOKUP(B31,INDIRECT($F$8),6+(O45-1)*3)<=5,0.3*S45-VLOOKUP(B31,INDIRECT($F$8),6+(O45-1)*3),11)),IF(VLOOKUP(B31,INDIRECT($F$8),8+(O45-1)*3)<U45*0.4,IF(U45*0.4-VLOOKUP(B31,INDIRECT($F$8),8+(O45-1)*3)<=5,U45*0.4-VLOOKUP(B31,INDIRECT($F$8),8+(O45-1)*3),11),0)))) -> 0 | X45: =IF(ISERROR(F31),"",IF(W45=0,"",_xlfn.TEXTJOIN("",FALSE," G+",W45," in ",A45)))
A46: =IF(ISERROR(F31),"",VLOOKUP(C31,INDIRECT($F$8),6+(O46-1)*3,0)) -> CAP 002 | B46: =IF(ISERROR(F31),"",VLOOKUP(D31,INDIRECT($F$8),6+(O46-1)*3,0)) -> Operating System Lab | F46: =IF(ISERROR(F31),"",VLOOKUP(E31,INDIRECT($F$8),6+(O46-1)*3,0)) -> 1 | G46: =IF(ISERROR(F31),"",_xlfn.TEXTJOIN("/",FALSE,P46,S46)) -> 27/30 | I46: =IF(ISERROR(F31),"",_xlfn.TEXTJOIN("/",FALSE,Q46,T46)) -> 18/20 | K46: =IF(ISERROR(F31),"",_xlfn.TEXTJOIN("/",FALSE,R46,U46)) -> 45/50 | M46: =IF(ISERROR(F31),"",IF(ISTEXT(P46),IF(P46="A","Ab",IF(P46="D","Dt",IF(P46="UFM","UFM",IF(P46="NA","-")))),IF(AND(ISBLANK(P46),ISBLANK(R46)),"",IF(P46<0.3*S46,"F",IF(ISBLANK(R46),"",IF(ISTEXT(R46),R46,IF(R46>=0.95*U46,"O",IF(R46>=0.9*U46,"A+",IF(R46>=0.85*U46,"A",IF(R46>=0.8*U46,"B+",IF(R46>=0.75*U46,"B",IF(R46>=0.7*U46,"C+",IF(R46>=0.65*U46,"C",IF(R46>=0.6*U46,"D+",IF(R46>=0.55*U46,"D",IF(R46>=0.5*U46,"E+",IF(R46>=0.45*U46,"E",IF(R46>=0.4*U46,"P",IF(R46<0.4*U46,"F",R46))))))))))))))))))) -> A+ | N46: =INDEX($Z$2:$Z$18,MATCH(M46,$Y$2:$Y$18,0)) -> 9.5 | O46: =O45+1 -> 11 | P46: =IF(ISERROR(F31),"",IF(ISTEXT(VLOOKUP(B31,INDIRECT($F$8),6+(O46-1)*3)),(VLOOKUP(B31,INDIRECT($F$8),6+(O46-1)*3)),SUM(VLOOKUP(B31,INDIRECT($F$8),6+(O46-1)*3),IF(W50,W46,0)))) -> 27 | Q46: =IF(ISERROR(F31),"",VLOOKUP(B31,INDIRECT($F$8),7+(O46-1)*3)) -> 18 | R46: =IF(ISERROR(F31),"",SUM(P46:Q46)) -> 45 | S46: =IF(ISERROR(F31),"",VLOOKUP(A31,INDIRECT($F$8),6+(O46-1)*3)) -> 30 | T46: =IF(ISERROR(F31),"",VLOOKUP(A31,INDIRECT($F$8),7+(O46-1)*3)) -> 20 | U46: =IF(ISERROR(F31),"",VLOOKUP(A31,INDIRECT($F$8),8+(O46-1)*3)) -> 50 | V46: =IF(ISERROR(F31),"",IF(N46=0,A46,"")) | W46: =IF(ISERROR(F31),"",IF(ISTEXT(VLOOKUP(B31,INDIRECT($F$8),6+(O46-1)*3)),11,IF(VLOOKUP(B31,INDIRECT($F$8),6+(O46-1)*3)<S46*0.3,IF(VLOOKUP(B31,INDIRECT($F$8),8+(O46-1)*3)<U46*0.4,IF(AND(0.4*U46-VLOOKUP(B31,INDIRECT($F$8),8+(O46-1)*3)<=5,0.3*S46-VLOOKUP(B31,INDIRECT($F$8),6+(O46-1)*3)<=5),MAX(0.4*U46-VLOOKUP(B31,INDIRECT($F$8),8+(O46-1)*3),0.3*S46-VLOOKUP(B31,INDIRECT($F$8),6+(O46-1)*3)),11),IF(0.3*S46-VLOOKUP(B31,INDIRECT($F$8),6+(O46-1)*3)<=5,0.3*S46-VLOOKUP(B31,INDIRECT($F$8),6+(O46-1)*3),11)),IF(VLOOKUP(B31,INDIRECT($F$8),8+(O46-1)*3)<U46*0.4,IF(U46*0.4-VLOOKUP(B31,INDIRECT($F$8),8+(O46-1)*3)<=5,U46*0.4-VLOOKUP(B31,INDIRECT($F$8),8+(O46-1)*3),11),0)))) -> 0 | X46: =IF(ISERROR(F31),"",IF(W46=0,"",_xlfn.TEXTJOIN("",FALSE," G+",W46," in ",A46)))
A47: =IF(ISERROR(F31),"",VLOOKUP(C31,INDIRECT($F$8),6+(O47-1)*3,0)) -> CAP 003 | B47: =IF(ISERROR(F31),"",VLOOKUP(D31,INDIRECT($F$8),6+(O47-1)*3,0)) -> Computer Organization Lab | F47: =IF(ISERROR(F31),"",VLOOKUP(E31,INDIRECT($F$8),6+(O47-1)*3,0)) -> 1 | G47: =IF(ISERROR(F31),"",_xlfn.TEXTJOIN("/",FALSE,P47,S47)) -> 27/30 | I47: =IF(ISERROR(F31),"",_xlfn.TEXTJOIN("/",FALSE,Q47,T47)) -> 18/20 | K47: =IF(ISERROR(F31),"",_xlfn.TEXTJOIN("/",FALSE,R47,U47)) -> 45/50 | M47: =IF(ISERROR(F31),"",IF(ISTEXT(P47),IF(P47="A","Ab",IF(P47="D","Dt",IF(P47="UFM","UFM",IF(P47="NA","-")))),IF(AND(ISBLANK(P47),ISBLANK(R47)),"",IF(P47<0.3*S47,"F",IF(ISBLANK(R47),"",IF(ISTEXT(R47),R47,IF(R47>=0.95*U47,"O",IF(R47>=0.9*U47,"A+",IF(R47>=0.85*U47,"A",IF(R47>=0.8*U47,"B+",IF(R47>=0.75*U47,"B",IF(R47>=0.7*U47,"C+",IF(R47>=0.65*U47,"C",IF(R47>=0.6*U47,"D+",IF(R47>=0.55*U47,"D",IF(R47>=0.5*U47,"E+",IF(R47>=0.45*U47,"E",IF(R47>=0.4*U47,"P",IF(R47<0.4*U47,"F",R47))))))))))))))))))) -> A+ | N47: =INDEX($Z$2:$Z$18,MATCH(M47,$Y$2:$Y$18,0)) -> 9.5 | O47: =O46+1 -> 12 | P47: =IF(ISERROR(F31),"",IF(ISTEXT(VLOOKUP(B31,INDIRECT($F$8),6+(O47-1)*3)),(VLOOKUP(B31,INDIRECT($F$8),6+(O47-1)*3)),SUM(VLOOKUP(B31,INDIRECT($F$8),6+(O47-1)*3),IF(W50,W47,0)))) -> 27 | Q47: =IF(ISERROR(F31),"",VLOOKUP(B31,INDIRECT($F$8),7+(O47-1)*3)) -> 18 | R47: =IF(ISERROR(F31),"",SUM(P47:Q47)) -> 45 | S47: =IF(ISERROR(F31),"",VLOOKUP(A31,INDIRECT($F$8),6+(O47-1)*3)) -> 30 | T47: =IF(ISERROR(F31),"",VLOOKUP(A31,INDIRECT($F$8),7+(O47-1)*3)) -> 20 | U47: =IF(ISERROR(F31),"",VLOOKUP(A31,INDIRECT($F$8),8+(O47-1)*3)) -> 50 | V47: =IF(ISERROR(F31),"",IF(N47=0,A47,"")) | W47: =IF(ISERROR(F31),"",IF(ISTEXT(VLOOKUP(B31,INDIRECT($F$8),6+(O47-1)*3)),11,IF(VLOOKUP(B31,INDIRECT($F$8),6+(O47-1)*3)<S47*0.3,IF(VLOOKUP(B31,INDIRECT($F$8),8+(O47-1)*3)<U47*0.4,IF(AND(0.4*U47-VLOOKUP(B31,INDIRECT($F$8),8+(O47-1)*3)<=5,0.3*S47-VLOOKUP(B31,INDIRECT($F$8),6+(O47-1)*3)<=5),MAX(0.4*U47-VLOOKUP(B31,INDIRECT($F$8),8+(O47-1)*3),0.3*S47-VLOOKUP(B31,INDIRECT($F$8),6+(O47-1)*3)),11),IF(0.3*S47-VLOOKUP(B31,INDIRECT($F$8),6+(O47-1)*3)<=5,0.3*S47-VLOOKUP(B31,INDIRECT($F$8),6+(O47-1)*3),11)),IF(VLOOKUP(B31,INDIRECT($F$8),8+(O47-1)*3)<U47*0.4,IF(U47*0.4-VLOOKUP(B31,INDIRECT($F$8),8+(O47-1)*3)<=5,U47*0.4-VLOOKUP(B31,INDIRECT($F$8),8+(O47-1)*3),11),0)))) -> 0 | X47: =IF(ISERROR(F31),"",IF(W47=0,"",_xlfn.TEXTJOIN("",FALSE," G+",W47," in ",A47)))
A48: =IF(ISERROR(F31),"",VLOOKUP(C31,INDIRECT($F$8),6+(O48-1)*3,0)) -> AHP 303 | B48: =IF(ISERROR(F31),"",VLOOKUP(D31,INDIRECT($F$8),6+(O48-1)*3,0)) -> Technical Communication Skills | F48: =IF(ISERROR(F31),"",VLOOKUP(E31,INDIRECT($F$8),6+(O48-1)*3,0)) -> 1 | G48: =IF(ISERROR(F31),"",_xlfn.TEXTJOIN("/",FALSE,P48,S48)) -> 23/30 | I48: =IF(ISERROR(F31),"",_xlfn.TEXTJOIN("/",FALSE,Q48,T48)) -> 17/20 | K48: =IF(ISERROR(F31),"",_xlfn.TEXTJOIN("/",FALSE,R48,U48)) -> 40/50 | M48: =IF(ISERROR(F31),"",IF(ISTEXT(P48),IF(P48="A","Ab",IF(P48="D","Dt",IF(P48="UFM","UFM",IF(P48="NA","-")))),IF(AND(ISBLANK(P48),ISBLANK(R48)),"",IF(P48<0.3*S48,"F",IF(ISBLANK(R48),"",IF(ISTEXT(R48),R48,IF(R48>=0.95*U48,"O",IF(R48>=0.9*U48,"A+",IF(R48>=0.85*U48,"A",IF(R48>=0.8*U48,"B+",IF(R48>=0.75*U48,"B",IF(R48>=0.7*U48,"C+",IF(R48>=0.65*U48,"C",IF(R48>=0.6*U48,"D+",IF(R48>=0.55*U48,"D",IF(R48>=0.5*U48,"E+",IF(R48>=0.45*U48,"E",IF(R48>=0.4*U48,"P",IF(R48<0.4*U48,"F",R48))))))))))))))))))) -> B+ | N48: =INDEX($Z$2:$Z$18,MATCH(M48,$Y$2:$Y$18,0)) -> 8.5 | O48: =O47+1 -> 13 | P48: =IF(ISERROR(F31),"",IF(ISTEXT(VLOOKUP(B31,INDIRECT($F$8),6+(O48-1)*3)),(VLOOKUP(B31,INDIRECT($F$8),6+(O48-1)*3)),SUM(VLOOKUP(B31,INDIRECT($F$8),6+(O48-1)*3),IF(W50,W48,0)))) -> 23 | Q48: =IF(ISERROR(F31),"",VLOOKUP(B31,INDIRECT($F$8),7+(O48-1)*3)) -> 17 | R48: =IF(ISERROR(F31),"",SUM(P48:Q48)) -> 40 | S48: =IF(ISERROR(F31),"",VLOOKUP(A31,INDIRECT($F$8),6+(O48-1)*3)) -> 30 | T48: =IF(ISERROR(F31),"",VLOOKUP(A31,INDIRECT($F$8),7+(O48-1)*3)) -> 20 | U48: =IF(ISERROR(F31),"",VLOOKUP(A31,INDIRECT($F$8),8+(O48-1)*3)) -> 50 | W48: =IF(ISERROR(F31),"",IF(ISTEXT(VLOOKUP(B31,INDIRECT($F$8),6+(O48-1)*3)),11,IF(VLOOKUP(B31,INDIRECT($F$8),6+(O48-1)*3)<S48*0.3,IF(VLOOKUP(B31,INDIRECT($F$8),8+(O48-1)*3)<U48*0.4,IF(AND(0.4*U48-VLOOKUP(B31,INDIRECT($F$8),8+(O48-1)*3)<=5,0.3*S48-VLOOKUP(B31,INDIRECT($F$8),6+(O48-1)*3)<=5),MAX(0.4*U48-VLOOKUP(B31,INDIRECT($F$8),8+(O48-1)*3),0.3*S48-VLOOKUP(B31,INDIRECT($F$8),6+(O48-1)*3)),11),IF(0.3*S48-VLOOKUP(B31,INDIRECT($F$8),6+(O48-1)*3)<=5,0.3*S48-VLOOKUP(B31,INDIRECT($F$8),6+(O48-1)*3),11)),IF(VLOOKUP(B31,INDIRECT($F$8),8+(O48-1)*3)<U48*0.4,IF(U48*0.4-VLOOKUP(B31,INDIRECT($F$8),8+(O48-1)*3)<=5,U48*0.4-VLOOKUP(B31,INDIRECT($F$8),8+(O48-1)*3),11),0)))) -> 0 | X48: =IF(ISERROR(F31),"",IF(W48=0,"",_xlfn.TEXTJOIN("",FALSE," G+",W48," in ",A48)))
A49: =IF(ISERROR(F31),"",VLOOKUP(C31,INDIRECT($F$8),6+(O49-1)*3-Y49,0)) -> 0 | B49: =IF(ISERROR(F31),"",VLOOKUP(D31,INDIRECT($F$8),6+(O49-1)*3-Z49,0)) -> 0 | F49: =IF(ISERROR(F31),"",VLOOKUP(E31,INDIRECT($F$8),6+(O49-1)*3-AA49,0)) -> 0 | G49: =IF(ISERROR(F31),"","-") -> - | I49: =IF(ISERROR(F31),"",_xlfn.TEXTJOIN("/",FALSE,Q49,T49)) -> 0/0 | K49: =IF(ISERROR(F31),"",_xlfn.TEXTJOIN("/",FALSE,R49,U49)) -> 0/0 | M49: =IF(ISBLANK(R49),"",IF(ISTEXT(R49),R49,IF(R49>=0.8*U49,"Excellent",IF(R49>=0.6*U49,"Very Good",IF(R49>=0.4*U49,"Good",IF(R49>=0.2*U49,"Satisfactory","Average")))))) -> Excellent | O49: =O48+1 -> 14 | P49: =IF(ISERROR(F31),"",IF(ISTEXT(VLOOKUP(B\28,INDIRECT($F$8),6+(O49-1)*3)),(VLOOKUP(B31,INDIRECT($F$8),6+(O49-1)*3)),SUM(VLOOKUP(B31,INDIRECT($F$8),6+(O49-1)*3),IF(W50,W49,0)))) -> 0 | Q49: =IF(ISERROR(F31),"",VLOOKUP(B31,INDIRECT($F$8),7+(O49-1)*3)) -> 0 | R49: =IF(ISERROR(F31),"",SUM(P49:Q49)) -> 0 | S49: =IF(ISERROR(F31),"",VLOOKUP(A31,INDIRECT($F$8),6+(O49-1)*3)) -> 0 | T49: =IF(ISERROR(F31),"",VLOOKUP(A31,INDIRECT($F$8),7+(O49-1)*3)) -> 0 | U49: =IF(ISERROR(F31),"",VLOOKUP(A31,INDIRECT($F$8),8+(O49-1)*3)) -> 0 | X49: =IF(ISERROR(F31),"",IF(W49=0,"",_xlfn.TEXTJOIN("",FALSE," G+",W49," in ",A49)))
A50: =IF(ISERROR(F31),"",A27) -> Total Credits/ Marks/ Total Grade Points | F50: =IF(ISERROR(F31),"",SUM(F36:F49)) -> 24 | G50: =IF(ISERROR(F31),"",_xlfn.TEXTJOIN("/",TRUE,SUMIF(F36:F49,">0",P36:P49),SUMIF(F36:F49,">0",S36:S49))) -> 385/620 | I50: =IF(ISERROR(F31),"",_xlfn.TEXTJOIN("/",TRUE,SUMIF(F36:F49,">0",Q36:Q49),SUMIF(F36:F49,">0",T36:T49))) -> 260/330 | K50: =IF(ISERROR(F31),"",_xlfn.TEXTJOIN("/",TRUE,SUMIF(F36:F49,">0",R36:R49),SUMIF(F36:F49,">0",U36:U49))) -> 645/950 | M50: =IF(ISERROR(F31),"",SUMPRODUCT(N36:N48,F36:F48)) -> 167.5 | V50: =IF(ISERROR(F31),"",_xlfn.TEXTJOIN(", ",TRUE,V36:V49)) | W50: =IF(ISERROR(F31),"",IF(SUM(W36:W49)<=W35,TRUE,FALSE)) -> FALSE | X50: =_xlfn.TEXTJOIN(",",TRUE,X36:X49) -> G+11 in CAT 001, G+11 in CAT 002, G+11 in CAT 003
A51: =IF(ISERROR(F31),"",A28) -> Result: | B51: =IF(ISERROR(F31),"",IF(V50="","PASS","CARRY OVER")) -> PASS | D51: =IF(ISERROR(F31),"",D28) -> Remark: | E51: =IF(ISERROR(F31),"",IF(W50,X50,IF(V50="","",_xlfn.TEXTJOIN("",TRUE,"BACK IN ",V50)))) | G51: =IF(ISERROR(F31),"",G28) -> SGPA: | H51: =IF(ISERROR(F31),"",M50/F50) -> 6.9791667 | I51: =IF(ISERROR(F31),"",I28) -> CGPA: | J51: =IF(ISERROR(F31),"",VLOOKUP(B31,INDIRECT($F$8),12+(O49-1)*3,0)) -> 6.9791667 | K51: =IF(ISERROR(F31),"",K28) -> Earned Credits: | L51: =IF(ISERROR(F31),"",SUMIF(N36:N48,">0",F36:F48)) -> 24 | M51: =IF(ISERROR(F31),"",M28) -> Cuml. Earned Credits: | N51: =IF(ISERROR(F31),"",VLOOKUP(B31,INDIRECT($F$8),10+(O49-1)*3,0)) -> 24
A54: =A31 -> MM | B54: =B31+1 -> 3 | C54: =C31 -> SC | D54: =D31 -> SN | E54: =E31 -> C | F54: =VLOOKUP(B54,INDIRECT($F$8),4,0) -> ASHOK CHANDRA UPRETI
A55: =IF(ISERROR(F54),"",A32) -> Name: | B55: =IFERROR(VLOOKUP(B54,INDIRECT($F$8),4,0),"") -> ASHOK CHANDRA UPRETI | D55: =IF(ISERROR(F54),"",D32) -> Father's Name: | E55: =IFERROR(VLOOKUP(B54,INDIRECT($F$8),5,0),"") -> LALITA PRASAD UPRETI | G55: =IF(ISERROR(F54),"",G32) -> University Roll No: | I55: =IFERROR(VLOOKUP(B54,INDIRECT($F$8),2,0),"") -> 250090600003 | K55: =IF(ISERROR(F54),"",K32) -> University Enrol. No: | M55: =IFERROR(VLOOKUP(B54,INDIRECT($F$8),3,0),"") -> UTU/2506100120
A57: =IF(ISERROR(F54),"",A34) -> Subject Code | B57: =IF(ISERROR(F54),"",B34) -> Subject Name | F57: =IF(ISERROR(F54),"",F34) -> Credits | G57: =IF(ISERROR(F54),"",G34) -> External Marks | I57: =IF(ISERROR(F54),"",I34) -> Sessional Marks | K57: =IF(ISERROR(F54),"",K34) -> Total Marks | M57: =IF(ISERROR(F54),"",M34) -> Grade | N57: =IF(ISERROR(F54),"",N34) -> Grade Points
W58: =IF(ISNUMBER(MATCH($F$8,{"I","III","V","VII"},0)),10,10-INDEX(INDIRECT(_xlfn.TEXTJOIN("",TRUE,"SEM_",$G$8,"!",ADDRESS(6,4+$I$8*3+4),":",ADDRESS(5+$H$8,4+$I$8*3+4))),MATCH(INDIRECT(_xlfn.TEXTJOIN("",TRUE,"TC_",$F$8,"!",ADDRESS(ROW(I55),COLUMN(I55)))),INDIRECT(_xlfn.TEXTJOIN("",TRUE,"SEM_",$G$8,"!",ADDRESS(6,2),":",ADDRESS(5+$H$8,2)))))) -> 10
A59: =IF(ISERROR(F54),"",VLOOKUP(C54,INDIRECT($F$8),6+(O59-1)*3,0)) -> CAT 004 | B59: =IF(ISERROR(F54),"",VLOOKUP(D54,INDIRECT($F$8),6+(O59-1)*3,0)) -> Discrete Structure | F59: =IF(ISERROR(F54),"",VLOOKUP(E54,INDIRECT($F$8),6+(O59-1)*3,0)) -> 4 | G59: =IF(ISERROR(F54),"",_xlfn.TEXTJOIN("/",FALSE,P59,S59)) -> 69/100 | I59: =IF(ISERROR(F54),"",_xlfn.TEXTJOIN("/",FALSE,Q59,T59)) -> 46/50 | K59: =IF(ISERROR(F54),"",_xlfn.TEXTJOIN("/",FALSE,R59,U59)) -> 115/150 | M59: =IF(ISERROR(F54),"",IF(ISTEXT(P59),IF(P59="A","Ab",IF(P59="D","Dt",IF(P59="UFM","UFM",IF(P59="NA","-")))),IF(AND(ISBLANK(P59),ISBLANK(R59)),"",IF(P59<0.3*S59,"F",IF(ISBLANK(R59),"",IF(ISTEXT(R59),R59,IF(R59>=0.95*U59,"O",IF(R59>=0.9*U59,"A+",IF(R59>=0.85*U59,"A",IF(R59>=0.8*U59,"B+",IF(R59>=0.75*U59,"B",IF(R59>=0.7*U59,"C+",IF(R59>=0.65*U59,"C",IF(R59>=0.6*U59,"D+",IF(R59>=0.55*U59,"D",IF(R59>=0.5*U59,"E+",IF(R59>=0.45*U59,"E",IF(R59>=0.4*U59,"P",IF(R59<0.4*U59,"F",R59))))))))))))))))))) -> B | N59: =INDEX($Z$2:$Z$18,MATCH(M59,$Y$2:$Y$18,0)) -> 8 | O59: 1 | P59: =IF(ISERROR(F54),"",IF(ISTEXT(VLOOKUP(B54,INDIRECT($F$8),6+(O59-1)*3)),(VLOOKUP(B54,INDIRECT($F$8),6+(O59-1)*3)),SUM(VLOOKUP(B54,INDIRECT($F$8),6+(O59-1)*3),IF(W73,W59,0)))) -> 69 | Q59: =IF(ISERROR(F54),"",VLOOKUP(B54,INDIRECT($F$8),7+(O59-1)*3)) -> 46 | R59: =IF(ISERROR(F54),"",SUM(P59:Q59)) -> 115 | S59: =IF(ISERROR(F54),"",VLOOKUP(A54,INDIRECT($F$8),6+(O59-1)*3)) -> 100 | T59: =IF(ISERROR(F54),"",VLOOKUP(A54,INDIRECT($F$8),7+(O59-1)*3)) -> 50 | U59: =IF(ISERROR(F54),"",VLOOKUP(A54,INDIRECT($F$8),8+(O59-1)*3)) -> 150 | V59: =IF(ISERROR(F54),"",IF(N59=0,A59,"")) | W59: =IF(ISERROR(F54),"",IF(ISTEXT(VLOOKUP(B54,INDIRECT($F$8),6+(O59-1)*3)),11,IF(VLOOKUP(B54,INDIRECT($F$8),6+(O59-1)*3)<S59*0.3,IF(VLOOKUP(B54,INDIRECT($F$8),8+(O59-1)*3)<U59*0.4,IF(AND(0.4*U59-VLOOKUP(B54,INDIRECT($F$8),8+(O59-1)*3)<=5,0.3*S59-VLOOKUP(B54,INDIRECT($F$8),6+(O59-1)*3)<=5),MAX(0.4*U59-VLOOKUP(B54,INDIRECT($F$8),8+(O59-1)*3),0.3*S59-VLOOKUP(B54,INDIRECT($F$8),6+(O59-1)*3)),11),IF(0.3*S59-VLOOKUP(B54,INDIRECT($F$8),6+(O59-1)*3)<=5,0.3*S59-VLOOKUP(B54,INDIRECT($F$8),6+(O59-1)*3),11)),IF(VLOOKUP(B54,INDIRECT($F$8),8+(O59-1)*3)<U59*0.4,IF(U59*0.4-VLOOKUP(B54,INDIRECT($F$8),8+(O59-1)*3)<=5,U59*0.4-VLOOKUP(B54,INDIRECT($F$8),8+(O59-1)*3),11),0)))) -> 0 | X59: =IF(ISERROR(F54),"",IF(W59=0,"",_xlfn.TEXTJOIN("",FALSE," G+",W59," in ",A59)))
A60: =IF(ISERROR(F54),"",VLOOKUP(C54,INDIRECT($F$8),6+(O60-1)*3,0)) -> CAT 005 | B60: =IF(ISERROR(F54),"",VLOOKUP(D54,INDIRECT($F$8),6+(O60-1)*3,0)) -> Database Management System | F60: =IF(ISERROR(F54),"",VLOOKUP(E54,INDIRECT($F$8),6+(O60-1)*3,0)) -> 4 | G60: =IF(ISERROR(F54),"",_xlfn.TEXTJOIN("/",FALSE,P60,S60)) -> 85/100 | I60: =IF(ISERROR(F54),"",_xlfn.TEXTJOIN("/",FALSE,Q60,T60)) -> 45/50 | K60: =IF(ISERROR(F54),"",_xlfn.TEXTJOIN("/",FALSE,R60,U60)) -> 130/150 | M60: =IF(ISERROR(F54),"",IF(ISTEXT(P60),IF(P60="A","Ab",IF(P60="D","Dt",IF(P60="UFM","UFM",IF(P60="NA","-")))),IF(AND(ISBLANK(P60),ISBLANK(R60)),"",IF(P60<0.3*S60,"F",IF(ISBLANK(R60),"",IF(ISTEXT(R60),R60,IF(R60>=0.95*U60,"O",IF(R60>=0.9*U60,"A+",IF(R60>=0.85*U60,"A",IF(R60>=0.8*U60,"B+",IF(R60>=0.75*U60,"B",IF(R60>=0.7*U60,"C+",IF(R60>=0.65*U60,"C",IF(R60>=0.6*U60,"D+",IF(R60>=0.55*U60,"D",IF(R60>=0.5*U60,"E+",IF(R60>=0.45*U60,"E",IF(R60>=0.4*U60,"P",IF(R60<0.4*U60,"F",R60))))))))))))))))))) -> A | N60: =INDEX($Z$2:$Z$18,MATCH(M60,$Y$2:$Y$18,0)) -> 9 | O60: =O59+1 -> 2 | P60: =IF(ISERROR(F54),"",IF(ISTEXT(VLOOKUP(B54,INDIRECT($F$8),6+(O60-1)*3)),(VLOOKUP(B54,INDIRECT($F$8),6+(O60-1)*3)),SUM(VLOOKUP(B54,INDIRECT($F$8),6+(O60-1)*3),IF(W73,W60,0)))) -> 85 | Q60: =IF(ISERROR(F54),"",VLOOKUP(B54,INDIRECT($F$8),7+(O60-1)*3)) -> 45 | R60: =IF(ISERROR(F54),"",SUM(P60:Q60)) -> 130 | S60: =IF(ISERROR(F54),"",VLOOKUP(A54,INDIRECT($F$8),6+(O60-1)*3)) -> 100 | T60: =IF(ISERROR(F54),"",VLOOKUP(A54,INDIRECT($F$8),7+(O60-1)*3)) -> 50 | U60: =IF(ISERROR(F54),"",VLOOKUP(A54,INDIRECT($F$8),8+(O60-1)*3)) -> 150 | V60: =IF(ISERROR(F54),"",IF(N60=0,A60,"")) | W60: =IF(ISERROR(F54),"",IF(ISTEXT(VLOOKUP(B54,INDIRECT($F$8),6+(O60-1)*3)),11,IF(VLOOKUP(B54,INDIRECT($F$8),6+(O60-1)*3)<S60*0.3,IF(VLOOKUP(B54,INDIRECT($F$8),8+(O60-1)*3)<U60*0.4,IF(AND(0.4*U60-VLOOKUP(B54,INDIRECT($F$8),8+(O60-1)*3)<=5,0.3*S60-VLOOKUP(B54,INDIRECT($F$8),6+(O60-1)*3)<=5),MAX(0.4*U60-VLOOKUP(B54,INDIRECT($F$8),8+(O60-1)*3),0.3*S60-VLOOKUP(B54,INDIRECT($F$8),6+(O60-1)*3)),11),IF(0.3*S60-VLOOKUP(B54,INDIRECT($F$8),6+(O60-1)*3)<=5,0.3*S60-VLOOKUP(B54,INDIRECT($F$8),6+(O60-1)*3),11)),IF(VLOOKUP(B54,INDIRECT($F$8),8+(O60-1)*3)<U60*0.4,IF(U60*0.4-VLOOKUP(B54,INDIRECT($F$8),8+(O60-1)*3)<=5,U60*0.4-VLOOKUP(B54,INDIRECT($F$8),8+(O60-1)*3),11),0)))) -> 0 | X60: =IF(ISERROR(F54),"",IF(W60=0,"",_xlfn.TEXTJOIN("",FALSE," G+",W60," in ",A60)))
A61: =IF(ISERROR(F54),"",VLOOKUP(C54,INDIRECT($F$8),6+(O61-1)*3,0)) -> CAT 006 | B61: =IF(ISERROR(F54),"",VLOOKUP(D54,INDIRECT($F$8),6+(O61-1)*3,0)) -> Operating System | F61: =IF(ISERROR(F54),"",VLOOKUP(E54,INDIRECT($F$8),6+(O61-1)*3,0)) -> 4 | G61: =IF(ISERROR(F54),"",_xlfn.TEXTJOIN("/",FALSE,P61,S61)) -> 88/100 | I61: =IF(ISERROR(F54),"",_xlfn.TEXTJOIN("/",FALSE,Q61,T61)) -> 50/50 | K61: =IF(ISERROR(F54),"",_xlfn.TEXTJOIN("/",FALSE,R61,U61)) -> 138/150 | M61: =IF(ISERROR(F54),"",IF(ISTEXT(P61),IF(P61="A","Ab",IF(P61="D","Dt",IF(P61="UFM","UFM",IF(P61="NA","-")))),IF(AND(ISBLANK(P61),ISBLANK(R61)),"",IF(P61<0.3*S61,"F",IF(ISBLANK(R61),"",IF(ISTEXT(R61),R61,IF(R61>=0.95*U61,"O",IF(R61>=0.9*U61,"A+",IF(R61>=0.85*U61,"A",IF(R61>=0.8*U61,"B+",IF(R61>=0.75*U61,"B",IF(R61>=0.7*U61,"C+",IF(R61>=0.65*U61,"C",IF(R61>=0.6*U61,"D+",IF(R61>=0.55*U61,"D",IF(R61>=0.5*U61,"E+",IF(R61>=0.45*U61,"E",IF(R61>=0.4*U61,"P",IF(R61<0.4*U61,"F",R61))))))))))))))))))) -> A+ | N61: =INDEX($Z$2:$Z$18,MATCH(M61,$Y$2:$Y$18,0)) -> 9.5 | O61: =O60+1 -> 3 | P61: =IF(ISERROR(F54),"",IF(ISTEXT(VLOOKUP(B54,INDIRECT($F$8),6+(O61-1)*3)),(VLOOKUP(B54,INDIRECT($F$8),6+(O61-1)*3)),SUM(VLOOKUP(B54,INDIRECT($F$8),6+(O61-1)*3),IF(W73,W61,0)))) -> 88 | Q61: =IF(ISERROR(F54),"",VLOOKUP(B54,INDIRECT($F$8),7+(O61-1)*3)) -> 50 | R61: =IF(ISERROR(F54),"",SUM(P61:Q61)) -> 138 | S61: =IF(ISERROR(F54),"",VLOOKUP(A54,INDIRECT($F$8),6+(O61-1)*3)) -> 100 | T61: =IF(ISERROR(F54),"",VLOOKUP(A54,INDIRECT($F$8),7+(O61-1)*3)) -> 50 | U61: =IF(ISERROR(F54),"",VLOOKUP(A54,INDIRECT($F$8),8+(O61-1)*3)) -> 150 | V61: =IF(ISERROR(F54),"",IF(N61=0,A61,"")) | W61: =IF(ISERROR(F54),"",IF(ISTEXT(VLOOKUP(B54,INDIRECT($F$8),6+(O61-1)*3)),11,IF(VLOOKUP(B54,INDIRECT($F$8),6+(O61-1)*3)<S61*0.3,IF(VLOOKUP(B54,INDIRECT($F$8),8+(O61-1)*3)<U61*0.4,IF(AND(0.4*U61-VLOOKUP(B54,INDIRECT($F$8),8+(O61-1)*3)<=5,0.3*S61-VLOOKUP(B54,INDIRECT($F$8),6+(O61-1)*3)<=5),MAX(0.4*U61-VLOOKUP(B54,INDIRECT($F$8),8+(O61-1)*3),0.3*S61-VLOOKUP(B54,INDIRECT($F$8),6+(O61-1)*3)),11),IF(0.3*S61-VLOOKUP(B54,INDIRECT($F$8),6+(O61-1)*3)<=5,0.3*S61-VLOOKUP(B54,INDIRECT($F$8),6+(O61-1)*3),11)),IF(VLOOKUP(B54,INDIRECT($F$8),8+(O61-1)*3)<U61*0.4,IF(U61*0.4-VLOOKUP(B54,INDIRECT($F$8),8+(O61-1)*3)<=5,U61*0.4-VLOOKUP(B54,INDIRECT($F$8),8+(O61-1)*3),11),0)))) -> 0 | X61: =IF(ISERROR(F54),"",IF(W61=0,"",_xlfn.TEXTJOIN("",FALSE," G+",W61," in ",A61)))
A62: =IF(ISERROR(F54),"",VLOOKUP(C54,INDIRECT($F$8),6+(O62-1)*3,0)) -> CAT 007 | B62: =IF(ISERROR(F54),"",VLOOKUP(D54,INDIRECT($F$8),6+(O62-1)*3,0)) -> Computer Organization | F62: =IF(ISERROR(F54),"",VLOOKUP(E54,INDIRECT($F$8),6+(O62-1)*3,0)) -> 4 | G62: =IF(ISERROR(F54),"",_xlfn.TEXTJOIN("/",FALSE,P62,S62)) -> 81/100 | I62: =IF(ISERROR(F54),"",_xlfn.TEXTJOIN("/",FALSE,Q62,T62)) -> 48/50 | K62: =IF(ISERROR(F54),"",_xlfn.TEXTJOIN("/",FALSE,R62,U62)) -> 129/150 | M62: =IF(ISERROR(F54),"",IF(ISTEXT(P62),IF(P62="A","Ab",IF(P62="D","Dt",IF(P62="UFM","UFM",IF(P62="NA","-")))),IF(AND(ISBLANK(P62),ISBLANK(R62)),"",IF(P62<0.3*S62,"F",IF(ISBLANK(R62),"",IF(ISTEXT(R62),R62,IF(R62>=0.95*U62,"O",IF(R62>=0.9*U62,"A+",IF(R62>=0.85*U62,"A",IF(R62>=0.8*U62,"B+",IF(R62>=0.75*U62,"B",IF(R62>=0.7*U62,"C+",IF(R62>=0.65*U62,"C",IF(R62>=0.6*U62,"D+",IF(R62>=0.55*U62,"D",IF(R62>=0.5*U62,"E+",IF(R62>=0.45*U62,"E",IF(R62>=0.4*U62,"P",IF(R62<0.4*U62,"F",R62))))))))))))))))))) -> A | N62: =INDEX($Z$2:$Z$18,MATCH(M62,$Y$2:$Y$18,0)) -> 9 | O62: =O61+1 -> 4 | P62: =IF(ISERROR(F54),"",IF(ISTEXT(VLOOKUP(B54,INDIRECT($F$8),6+(O62-1)*3)),(VLOOKUP(B54,INDIRECT($F$8),6+(O62-1)*3)),SUM(VLOOKUP(B54,INDIRECT($F$8),6+(O62-1)*3),IF(W73,W62,0)))) -> 81 | Q62: =IF(ISERROR(F54),"",VLOOKUP(B54,INDIRECT($F$8),7+(O62-1)*3)) -> 48 | R62: =IF(ISERROR(F54),"",SUM(P62:Q62)) -> 129 | S62: =IF(ISERROR(F54),"",VLOOKUP(A54,INDIRECT($F$8),6+(O62-1)*3)) -> 100 | T62: =IF(ISERROR(F54),"",VLOOKUP(A54,INDIRECT($F$8),7+(O62-1)*3)) -> 50 | U62: =IF(ISERROR(F54),"",VLOOKUP(A54,INDIRECT($F$8),8+(O62-1)*3)) -> 150 | V62: =IF(ISERROR(F54),"",IF(N62=0,A62,"")) | W62: =IF(ISERROR(F54),"",IF(ISTEXT(VLOOKUP(B54,INDIRECT($F$8),6+(O62-1)*3)),11,IF(VLOOKUP(B54,INDIRECT($F$8),6+(O62-1)*3)<S62*0.3,IF(VLOOKUP(B54,INDIRECT($F$8),8+(O62-1)*3)<U62*0.4,IF(AND(0.4*U62-VLOOKUP(B54,INDIRECT($F$8),8+(O62-1)*3)<=5,0.3*S62-VLOOKUP(B54,INDIRECT($F$8),6+(O62-1)*3)<=5),MAX(0.4*U62-VLOOKUP(B54,INDIRECT($F$8),8+(O62-1)*3),0.3*S62-VLOOKUP(B54,INDIRECT($F$8),6+(O62-1)*3)),11),IF(0.3*S62-VLOOKUP(B54,INDIRECT($F$8),6+(O62-1)*3)<=5,0.3*S62-VLOOKUP(B54,INDIRECT($F$8),6+(O62-1)*3),11)),IF(VLOOKUP(B54,INDIRECT($F$8),8+(O62-1)*3)<U62*0.4,IF(U62*0.4-VLOOKUP(B54,INDIRECT($F$8),8+(O62-1)*3)<=5,U62*0.4-VLOOKUP(B54,INDIRECT($F$8),8+(O62-1)*3),11),0)))) -> 0 | X62: =IF(ISERROR(F54),"",IF(W62=0,"",_xlfn.TEXTJOIN("",FALSE," G+",W62," in ",A62)))
A63: =IF(ISERROR(F54),"",VLOOKUP(C54,INDIRECT($F$8),6+(O63-1)*3,0)) -> AHT 303 | B63: =IF(ISERROR(F54),"",VLOOKUP(D54,INDIRECT($F$8),6+(O63-1)*3,0)) -> Technical Communication Skills | F63: =IF(ISERROR(F54),"",VLOOKUP(E54,INDIRECT($F$8),6+(O63-1)*3,0)) -> 4 | G63: =IF(ISERROR(F54),"",_xlfn.TEXTJOIN("/",FALSE,P63,S63)) -> 90/100 | I63: =IF(ISERROR(F54),"",_xlfn.TEXTJOIN("/",FALSE,Q63,T63)) -> 48/50 | K63: =IF(ISERROR(F54),"",_xlfn.TEXTJOIN("/",FALSE,R63,U63)) -> 138/150 | M63: =IF(ISERROR(F54),"",IF(ISTEXT(P63),IF(P63="A","Ab",IF(P63="D","Dt",IF(P63="UFM","UFM",IF(P63="NA","-")))),IF(AND(ISBLANK(P63),ISBLANK(R63)),"",IF(P63<0.3*S63,"F",IF(ISBLANK(R63),"",IF(ISTEXT(R63),R63,IF(R63>=0.95*U63,"O",IF(R63>=0.9*U63,"A+",IF(R63>=0.85*U63,"A",IF(R63>=0.8*U63,"B+",IF(R63>=0.75*U63,"B",IF(R63>=0.7*U63,"C+",IF(R63>=0.65*U63,"C",IF(R63>=0.6*U63,"D+",IF(R63>=0.55*U63,"D",IF(R63>=0.5*U63,"E+",IF(R63>=0.45*U63,"E",IF(R63>=0.4*U63,"P",IF(R63<0.4*U63,"F",R63))))))))))))))))))) -> A+ | N63: =INDEX($Z$2:$Z$18,MATCH(M63,$Y$2:$Y$18,0)) -> 9.5 | O63: =O62+1 -> 5 | P63: =IF(ISERROR(F54),"",IF(ISTEXT(VLOOKUP(B54,INDIRECT($F$8),6+(O63-1)*3)),(VLOOKUP(B54,INDIRECT($F$8),6+(O63-1)*3)),SUM(VLOOKUP(B54,INDIRECT($F$8),6+(O63-1)*3),IF(W73,W63,0)))) -> 90 | Q63: =IF(ISERROR(F54),"",VLOOKUP(B54,INDIRECT($F$8),7+(O63-1)*3)) -> 48 | R63: =IF(ISERROR(F54),"",SUM(P63:Q63)) -> 138 | S63: =IF(ISERROR(F54),"",VLOOKUP(A54,INDIRECT($F$8),6+(O63-1)*3)) -> 100 | T63: =IF(ISERROR(F54),"",VLOOKUP(A54,INDIRECT($F$8),7+(O63-1)*3)) -> 50 | U63: =IF(ISERROR(F54),"",VLOOKUP(A54,INDIRECT($F$8),8+(O63-1)*3)) -> 150 | V63: =IF(ISERROR(F54),"",IF(N63=0,A63,"")) | W63: =IF(ISERROR(F54),"",IF(ISTEXT(VLOOKUP(B54,INDIRECT($F$8),6+(O63-1)*3)),11,IF(VLOOKUP(B54,INDIRECT($F$8),6+(O63-1)*3)<S63*0.3,IF(VLOOKUP(B54,INDIRECT($F$8),8+(O63-1)*3)<U63*0.4,IF(AND(0.4*U63-VLOOKUP(B54,INDIRECT($F$8),8+(O63-1)*3)<=5,0.3*S63-VLOOKUP(B54,INDIRECT($F$8),6+(O63-1)*3)<=5),MAX(0.4*U63-VLOOKUP(B54,INDIRECT($F$8),8+(O63-1)*3),0.3*S63-VLOOKUP(B54,INDIRECT($F$8),6+(O63-1)*3)),11),IF(0.3*S63-VLOOKUP(B54,INDIRECT($F$8),6+(O63-1)*3)<=5,0.3*S63-VLOOKUP(B54,INDIRECT($F$8),6+(O63-1)*3),11)),IF(VLOOKUP(B54,INDIRECT($F$8),8+(O63-1)*3)<U63*0.4,IF(U63*0.4-VLOOKUP(B54,INDIRECT($F$8),8+(O63-1)*3)<=5,U63*0.4-VLOOKUP(B54,INDIRECT($F$8),8+(O63-1)*3),11),0)))) -> 0 | X63: =IF(ISERROR(F54),"",IF(W63=0,"",_xlfn.TEXTJOIN("",FALSE," G+",W63," in ",A63)))
A64: =IF(ISERROR(F54),"",VLOOKUP(C54,INDIRECT($F$8),6+(O64-1)*3,0)) -> CAT 008 | B64: =IF(ISERROR(F54),"",VLOOKUP(D54,INDIRECT($F$8),6+(O64-1)*3,0)) -> Python Programming ($) | F64: =IF(ISERROR(F54),"",VLOOKUP(E54,INDIRECT($F$8),6+(O64-1)*3,0)) -> 0 | G64: =IF(ISERROR(F54),"",_xlfn.TEXTJOIN("/",FALSE,P64,S64)) -> 18/30 | I64: =IF(ISERROR(F54),"",_xlfn.TEXTJOIN("/",FALSE,Q64,T64)) -> 13/20 | K64: =IF(ISERROR(F54),"",_xlfn.TEXTJOIN("/",FALSE,R64,U64)) -> 31/50 | M64: =IF(ISERROR(F54),"",IF(ISTEXT(P64),IF(P64="A","Ab",IF(P64="D","Dt",IF(P64="UFM","UFM",IF(P64="NA","-")))),IF(AND(ISBLANK(P64),ISBLANK(R64)),"",IF(P64<0.3*S64,"F",IF(ISBLANK(R64),"",IF(ISTEXT(R64),R64,IF(R64>=0.95*U64,"O",IF(R64>=0.9*U64,"A+",IF(R64>=0.85*U64,"A",IF(R64>=0.8*U64,"B+",IF(R64>=0.75*U64,"B",IF(R64>=0.7*U64,"C+",IF(R64>=0.65*U64,"C",IF(R64>=0.6*U64,"D+",IF(R64>=0.55*U64,"D",IF(R64>=0.5*U64,"E+",IF(R64>=0.45*U64,"E",IF(R64>=0.4*U64,"P",IF(R64<0.4*U64,"F",R64))))))))))))))))))) -> D+ | N64: =INDEX($Z$2:$Z$18,MATCH(M64,$Y$2:$Y$18,0)) -> 6.5 | O64: =O63+1 -> 6 | P64: =IF(ISERROR(F54),"",IF(ISTEXT(VLOOKUP(B54,INDIRECT($F$8),6+(O64-1)*3)),(VLOOKUP(B54,INDIRECT($F$8),6+(O64-1)*3)),SUM(VLOOKUP(B54,INDIRECT($F$8),6+(O64-1)*3),IF(W73,W64,0)))) -> 18 | Q64: =IF(ISERROR(F54),"",VLOOKUP(B54,INDIRECT($F$8),7+(O64-1)*3)) -> 13 | R64: =IF(ISERROR(F54),"",SUM(P64:Q64)) -> 31 | S64: =IF(ISERROR(F54),"",VLOOKUP(A54,INDIRECT($F$8),6+(O64-1)*3)) -> 30 | T64: =IF(ISERROR(F54),"",VLOOKUP(A54,INDIRECT($F$8),7+(O64-1)*3)) -> 20 | U64: =IF(ISERROR(F54),"",VLOOKUP(A54,INDIRECT($F$8),8+(O64-1)*3)) -> 50 | V64: =IF(ISERROR(F54),"",IF(N64=0,A64,"")) | W64: =IF(ISERROR(F54),"",IF(ISTEXT(VLOOKUP(B54,INDIRECT($F$8),6+(O64-1)*3)),11,IF(VLOOKUP(B54,INDIRECT($F$8),6+(O64-1)*3)<S64*0.3,IF(VLOOKUP(B54,INDIRECT($F$8),8+(O64-1)*3)<U64*0.4,IF(AND(0.4*U64-VLOOKUP(B54,INDIRECT($F$8),8+(O64-1)*3)<=5,0.3*S64-VLOOKUP(B54,INDIRECT($F$8),6+(O64-1)*3)<=5),MAX(0.4*U64-VLOOKUP(B54,INDIRECT($F$8),8+(O64-1)*3),0.3*S64-VLOOKUP(B54,INDIRECT($F$8),6+(O64-1)*3)),11),IF(0.3*S64-VLOOKUP(B54,INDIRECT($F$8),6+(O64-1)*3)<=5,0.3*S64-VLOOKUP(B54,INDIRECT($F$8),6+(O64-1)*3),11)),IF(VLOOKUP(B54,INDIRECT($F$8),8+(O64-1)*3)<U64*0.4,IF(U64*0.4-VLOOKUP(B54,INDIRECT($F$8),8+(O64-1)*3)<=5,U64*0.4-VLOOKUP(B54,INDIRECT($F$8),8+(O64-1)*3),11),0)))) -> 0 | X64: =IF(ISERROR(F54),"",IF(W64=0,"",_xlfn.TEXTJOIN("",FALSE," G+",W64," in ",A64)))
A65: =IF(ISERROR(F54),"",VLOOKUP(C54,INDIRECT($F$8),6+(O65-1)*3,0)) -> CAT 001 | B65: =IF(ISERROR(F54),"",VLOOKUP(D54,INDIRECT($F$8),6+(O65-1)*3,0)) -> Introduction of Information Technology ($) | F65: =IF(ISERROR(F54),"",VLOOKUP(E54,INDIRECT($F$8),6+(O65-1)*3,0)) -> 0 | G65: =IF(ISERROR(F54),"",_xlfn.TEXTJOIN("/",FALSE,P65,S65)) -> 28/30 | I65: =IF(ISERROR(F54),"",_xlfn.TEXTJOIN("/",FALSE,Q65,T65)) -> 18/20 | K65: =IF(ISERROR(F54),"",_xlfn.TEXTJOIN("/",FALSE,R65,U65)) -> 46/50 | M65: =IF(ISERROR(F54),"",IF(ISTEXT(P65),IF(P65="A","Ab",IF(P65="D","Dt",IF(P65="UFM","UFM",IF(P65="NA","-")))),IF(AND(ISBLANK(P65),ISBLANK(R65)),"",IF(P65<0.3*S65,"F",IF(ISBLANK(R65),"",IF(ISTEXT(R65),R65,IF(R65>=0.95*U65,"O",IF(R65>=0.9*U65,"A+",IF(R65>=0.85*U65,"A",IF(R65>=0.8*U65,"B+",IF(R65>=0.75*U65,"B",IF(R65>=0.7*U65,"C+",IF(R65>=0.65*U65,"C",IF(R65>=0.6*U65,"D+",IF(R65>=0.55*U65,"D",IF(R65>=0.5*U65,"E+",IF(R65>=0.45*U65,"E",IF(R65>=0.4*U65,"P",IF(R65<0.4*U65,"F",R65))))))))))))))))))) -> A+ | N65: =INDEX($Z$2:$Z$18,MATCH(M65,$Y$2:$Y$18,0)) -> 9.5 | O65: =O64+1 -> 7 | P65: =IF(ISERROR(F54),"",IF(ISTEXT(VLOOKUP(B54,INDIRECT($F$8),6+(O65-1)*3)),(VLOOKUP(B54,INDIRECT($F$8),6+(O65-1)*3)),SUM(VLOOKUP(B54,INDIRECT($F$8),6+(O65-1)*3),IF(W73,W65,0)))) -> 28 | Q65: =IF(ISERROR(F54),"",VLOOKUP(B54,INDIRECT($F$8),7+(O65-1)*3)) -> 18 | R65: =IF(ISERROR(F54),"",SUM(P65:Q65)) -> 46 | S65: =IF(ISERROR(F54),"",VLOOKUP(A54,INDIRECT($F$8),6+(O65-1)*3)) -> 30 | T65: =IF(ISERROR(F54),"",VLOOKUP(A54,INDIRECT($F$8),7+(O65-1)*3)) -> 20 | U65: =IF(ISERROR(F54),"",VLOOKUP(A54,INDIRECT($F$8),8+(O65-1)*3)) -> 50 | V65: =IF(ISERROR(F54),"",IF(N65=0,A65,"")) | W65: =IF(ISERROR(F54),"",IF(ISTEXT(VLOOKUP(B54,INDIRECT($F$8),6+(O65-1)*3)),11,IF(VLOOKUP(B54,INDIRECT($F$8),6+(O65-1)*3)<S65*0.3,IF(VLOOKUP(B54,INDIRECT($F$8),8+(O65-1)*3)<U65*0.4,IF(AND(0.4*U65-VLOOKUP(B54,INDIRECT($F$8),8+(O65-1)*3)<=5,0.3*S65-VLOOKUP(B54,INDIRECT($F$8),6+(O65-1)*3)<=5),MAX(0.4*U65-VLOOKUP(B54,INDIRECT($F$8),8+(O65-1)*3),0.3*S65-VLOOKUP(B54,INDIRECT($F$8),6+(O65-1)*3)),11),IF(0.3*S65-VLOOKUP(B54,INDIRECT($F$8),6+(O65-1)*3)<=5,0.3*S65-VLOOKUP(B54,INDIRECT($F$8),6+(O65-1)*3),11)),IF(VLOOKUP(B54,INDIRECT($F$8),8+(O65-1)*3)<U65*0.4,IF(U65*0.4-VLOOKUP(B54,INDIRECT($F$8),8+(O65-1)*3)<=5,U65*0.4-VLOOKUP(B54,INDIRECT($F$8),8+(O65-1)*3),11),0)))) -> 0 | X65: =IF(ISERROR(F54),"",IF(W65=0,"",_xlfn.TEXTJOIN("",FALSE," G+",W65," in ",A65)))
A66: =IF(ISERROR(F54),"",VLOOKUP(C54,INDIRECT($F$8),6+(O66-1)*3,0)) -> CAT 002 | B66: =IF(ISERROR(F54),"",VLOOKUP(D54,INDIRECT($F$8),6+(O66-1)*3,0)) -> Programming Fundamentals with "C" ($) | F66: =IF(ISERROR(F54),"",VLOOKUP(E54,INDIRECT($F$8),6+(O66-1)*3,0)) -> 0 | G66: =IF(ISERROR(F54),"",_xlfn.TEXTJOIN("/",FALSE,P66,S66)) -> 21/30 | I66: =IF(ISERROR(F54),"",_xlfn.TEXTJOIN("/",FALSE,Q66,T66)) -> 18/20 | K66: =IF(ISERROR(F54),"",_xlfn.TEXTJOIN("/",FALSE,R66,U66)) -> 39/50 | M66: =IF(ISERROR(F54),"",IF(ISTEXT(P66),IF(P66="A","Ab",IF(P66="D","Dt",IF(P66="UFM","UFM",IF(P66="NA","-")))),IF(AND(ISBLANK(P66),ISBLANK(R66)),"",IF(P66<0.3*S66,"F",IF(ISBLANK(R66),"",IF(ISTEXT(R66),R66,IF(R66>=0.95*U66,"O",IF(R66>=0.9*U66,"A+",IF(R66>=0.85*U66,"A",IF(R66>=0.8*U66,"B+",IF(R66>=0.75*U66,"B",IF(R66>=0.7*U66,"C+",IF(R66>=0.65*U66,"C",IF(R66>=0.6*U66,"D+",IF(R66>=0.55*U66,"D",IF(R66>=0.5*U66,"E+",IF(R66>=0.45*U66,"E",IF(R66>=0.4*U66,"P",IF(R66<0.4*U66,"F",R66))))))))))))))))))) -> B | N66: =INDEX($Z$2:$Z$18,MATCH(M66,$Y$2:$Y$18,0)) -> 8 | O66: =O65+1 -> 8 | P66: =IF(ISERROR(F54),"",IF(ISTEXT(VLOOKUP(B54,INDIRECT($F$8),6+(O66-1)*3)),(VLOOKUP(B54,INDIRECT($F$8),6+(O66-1)*3)),SUM(VLOOKUP(B54,INDIRECT($F$8),6+(O66-1)*3),IF(W73,W66,0)))) -> 21 | Q66: =IF(ISERROR(F54),"",VLOOKUP(B54,INDIRECT($F$8),7+(O66-1)*3)) -> 18 | R66: =IF(ISERROR(F54),"",SUM(P66:Q66)) -> 39 | S66: =IF(ISERROR(F54),"",VLOOKUP(A54,INDIRECT($F$8),6+(O66-1)*3)) -> 30 | T66: =IF(ISERROR(F54),"",VLOOKUP(A54,INDIRECT($F$8),7+(O66-1)*3)) -> 20 | U66: =IF(ISERROR(F54),"",VLOOKUP(A54,INDIRECT($F$8),8+(O66-1)*3)) -> 50 | V66: =IF(ISERROR(F54),"",IF(N66=0,A66,"")) | W66: =IF(ISERROR(F54),"",IF(ISTEXT(VLOOKUP(B54,INDIRECT($F$8),6+(O66-1)*3)),11,IF(VLOOKUP(B54,INDIRECT($F$8),6+(O66-1)*3)<S66*0.3,IF(VLOOKUP(B54,INDIRECT($F$8),8+(O66-1)*3)<U66*0.4,IF(AND(0.4*U66-VLOOKUP(B54,INDIRECT($F$8),8+(O66-1)*3)<=5,0.3*S66-VLOOKUP(B54,INDIRECT($F$8),6+(O66-1)*3)<=5),MAX(0.4*U66-VLOOKUP(B54,INDIRECT($F$8),8+(O66-1)*3),0.3*S66-VLOOKUP(B54,INDIRECT($F$8),6+(O66-1)*3)),11),IF(0.3*S66-VLOOKUP(B54,INDIRECT($F$8),6+(O66-1)*3)<=5,0.3*S66-VLOOKUP(B54,INDIRECT($F$8),6+(O66-1)*3),11)),IF(VLOOKUP(B54,INDIRECT($F$8),8+(O66-1)*3)<U66*0.4,IF(U66*0.4-VLOOKUP(B54,INDIRECT($F$8),8+(O66-1)*3)<=5,U66*0.4-VLOOKUP(B54,INDIRECT($F$8),8+(O66-1)*3),11),0)))) -> 0 | X66: =IF(ISERROR(F54),"",IF(W66=0,"",_xlfn.TEXTJOIN("",FALSE," G+",W66," in ",A66)))
